:020000041202E6
:1000000000200020F18E0212718F02126D58002024
:10001000AF5800203B8F02123B8F02123B8F02121F
:100020000000000000000000000000003B8F0212F2
:100030003B8F021200000000915700203DE80312A0
:100040003B8F02123B8F02124D4E03125F4E031282
:10005000714E0312834E0312954E0312A74E0312E4
:10006000B94E0312CB4E03123B8F0212ED8E0212D9
:100070003B8F02123B8F02123B8F02123B8F021208
:100080003B8F02123B8F02123B8F02123B8F0212F8
:10009000315B03123B8F02123B8F02123B8F021225
:1000A0003B8F02123B8F02123B8F02123B8F0212D8
:1000B0003B8F02123B8F02123B8F02123B8F0212C8
:1000C0003B8F02123B8F02123B8F02123B8F0212B8
:1000D0003B8F02123B8F02123B8F02123B8F0212A8
:1000E0003B8F02123B8F02123B8F02123B8F021298
:1000F0003B8F02123B8F02123D6703123B8F0212AD
:100100003B8F021261790312BD4D0312CF4D0312D2
:10011000E14D0312F34D0312054E0312174E031265
:10012000294E03123B4E03123B8F0212156203123B
:100130003B8F02124D73031261DD0312DDA2031225
:100140003B8F02123B8F02123B8F0212C1E7031258
:100150003B8F02123B8F02123B8F02123B8F021227
:10016000256703123B8F02123B8F02123B8F021254
:1001700053730312657B0312597303123B8F0212F0
:100180003B8F02123B8F02123B8F02123B8F0212F7
:10019000BD5C03123B8F02123B8F02123B8F021297
:1001A0003B8F021279DD03123B8F02123B8F02124A
:1001B0003B8F02123B8F02123B8F02123B8F0212C7
:1001C0003B8F02123B8F02123B8F02120000000095
:1001D000000000000000000000000000000000001F
:1001E000000000000000000000000000000000000F
:1001F00000000000000000000000000000000000FF
:0402000000000000FA
:1002040003F0F8BD024A936E60F31D539366704782
:1002140000A00C5038B560B1114C6368DBB2072BF9
:100224001AD06368DBB20F2B16D0082801D010282F
:1002340014D100294FF021040CBF20210121094DC4
:100244008440EB6D814023EA04030B43EB651AB150
:1002540041F2883004F090FB002038BD0120FCE717
:1002640000B0005000A00C5008B5EFF31083012536
:1002740085F31088022004F09DFA284603F0A4FABE
:100284002A4600210820FFF7C5FF4FF4FA5004F076
:1002940095FB002003F012F8044628B904F0FAFA9A
:1002A4002946204603F0E8F845F25002094C0A4B6F
:1002B40063670A4B1A6323685B0706D523680848FB
:1002C40023F00403236004F057FB236843F0040382
:1002D4002360FEE700A00C5015C0500A00B00C507B
:1002E400A0860100044B1A7822B118B1DB780370A0
:1002F400002070470120704711840020044B1A78B5
:1003040022B118B15B7B0370002070470120704755
:100314001184002003280ED8084A52F8203029B14D
:1003240043F0060342F820300020704723F0060310
:1003340043F00403F6E70120704700BF5CB00C50A3
:1003440003289DBF034B53F82000C0F340204FF017
:10035400FF3070475CB00C5003280CD8074B53F89F
:100364002020920707D553F8202061F3000243F8B8
:100374002020002070470120704700BF5CB00C5063
:1003840059B1032809D8064B53F82030002013F044
:10039400020318BF01230B7070470120704700BF90
:1003A4005CB00C50F8B50746002002F087FF00212E
:1003B4000446084603F060F802F0B2FF064602F075
:1003C400B2FF05463846FFF71DFF002004F0D4FABB
:1003D400282004F0D1FA03F009F803F00FF83046AE
:1003E40002F0FCFF284602F0FDFF2146002003F046
:1003F40043F8BDE8F840002004F0BEBA70B590F8A8
:10040400263004460E4673B102F0AAFC0546204687
:1004140001F09CFD3146204601F051FD2846BDE81F
:10042400704002F0A1BC70BD02F04CBB02F04ABBAC
:1004340010B50C4602F046FB20B12146BDE8104041
:10044400FFF7DCBF10BD000008B502F00DFB0A4B3E
:100454001B787BB100280DDB084B03EB401005F043
:1004640073FA38B1BDE8084040F201220449054856
:1004740005F0B2BA08BD00BF80990020E8AF0020A3
:10048400762F00206566002008B502F01BFB18B12A
:10049400BDE8084001F0FEBC08BD0000034B1B781A
:1004A40043FA00F000F00100704700BFE4AF002001
:1004B40010B502F0D9FA0F4B04461B78C3B10028DB
:1004C40016DBC0B2FFF7EAFF90B14FF0FF3005F042
:1004D40097FA0146084800EB441005F079FA38B160
:1004E400BDE810404FF4F7720449054805F074BAAA
:1004F40010BD00BF80990020E8AF0020862F0020A7
:1005040065660020F7B5154D2C781CBB144B6F465F
:100514009A8818689B79ADF804208DF8063000900D
:1005240002F09EFB01220F4B0F4E28701A70E2B2AC
:100534001046FFF7B3FF40B131328DF80520002398
:1005440001223946304605F023FA0134052C06F120
:100554002006ECD1287803B0F0BD00BFE4AF002042
:100564007166002080990020E8AF002008B5FFF7ED
:10057400C9FF002008BD72745F666C6173685F75A3
:100584006E6C6F636B0072745F666C6173685F6C32
:100594006F636B00F0B505460138C0B2FD2808D87A
:1005A40000240B4F57F8040B067826B90134062CA7
:1005B400F8D100200BE0AE4205D14678964202D134
:1005C40086788E4201D00830EEE703B11C70F0BD8E
:1005D4002430002007B50DF10703FFF7DBFF064BBE
:1005E40040B14FF405719DF8072001FB023003B0C0
:1005F4005DF804FB1846FAE73C32002008B50023F6
:10060400FFF7C8FF08B1406808BD4FF40020FBE7BE
:1006140008B50023FFF7BEFF10B1C07800F0010059
:1006240008BD000084310020EC300020B4300020EC
:1006340094300020643000203C300020C225390072
:1006440000000002C225370000008000C22019010A
:1006540000000002257018000000000100000000E6
:100664000000000020411900000000022040190091
:100674000000000220431900000000028520190137
:100684000000000285201A010000000400000000A0
:1006940000000000C8601900000000020B401900AF
:1006A40000000002C8401900000000020000000021
:1006B40000000000EF60190000000002EF70190153
:1006C40000000002E542190000000002EF4019009A
:1006D4000000000268491900000000025E40190091
:1006E4000000000200000000000000008560160108
:1006F400000040008560170100008000856018013B
:1007040000000001856518010000000185631801DF
:1007140000000001852017010000800085201801D9
:10072400000000012570160000004000EF60180072
:1007340000000001EF401800000000010B601800E9
:10074400000000015E50180000000001A1281800FC
:1007540000000001C843180100000001C84018004F
:1007640000000001C840170000008000204017016D
:1007740000008000CD6018000000000100000000AF
:100784000000000085601501000020008560140150
:10079400000010008560130000000800C860140009
:1007A40000001000C860150000002000C86016009A
:1007B40000004000C860170000008000C8601800F6
:1007C400000000010B40170000008000F8421800F0
:1007D400000000015E701700000080005E401800F9
:1007E40000000001EF6016000000400020401801E6
:1007F40000000001204118000000000120501800F2
:1008040000000001EB60130000001000EB60140016
:10081400000010001C401800000000016840170090
:100824000000800068401800000000010B40180020
:1008340000000001000000000000000000856015B9
:10084400000003000000000100100000060000008A
:100854000000000001040000000000000001050089
:10086400010000000000010101010000000000017E
:10087400000000000000000000030001000000026E
:1008840001010B00010800000201013B0002080005
:10089400000201016B0003080000020101BB000219
:1008A400000002020201EB00030400030203019FA3
:1008B4000001000000000001000000000000000032
:1008C4000000000000000000000000000000000024
:1008D4000000000000000000000000000000000014
:1008E400000000000000000000000000000099006B
:1008F400000000000000016600000000000000018C
:10090400350001000000000001500000000000005C
:100914000001020101000000020101320103000094
:1009240000020101000000000000000000000000BF
:10093400000000000000810000000000020101200E
:10094400000000000002010152000000000002014A
:1009540001D8000000000002010160000000000056
:100964000000010000000000000000000000000082
:100974000000000000000000000000000000000073
:100984000000000000000000000000000000000063
:100994000000000000000000000000000000000053
:1009A4000000000000000000000000000000000043
:1009B4000000000000000000000000000000000033
:1009C4000000000000000000000000000000000023
:1009D4000000000000000000000000000000000013
:1009E4000000000000000000000000000000000003
:1009F40000000000000000000000000000000000F3
:100A040000000000004B0001080000020101480042
:100A1400010800000201014201010000000201017D
:100A2400440000000000020101B9000000000000C1
:100A34000001AB0000000000000001ED000707000A
:100A4400070207015A00010800000201010000002A
:100A54000085601600000300000000010010000083
:100A64000600000000000000010400000000000077
:100A74000001050001000000000001010101000067
:100A8400000000010000000000000000000300015D
:100A94000000000201010B00010800000201013BFB
:100AA40000020800000201016B00030800000201BB
:100AB40001BB0002000002020201EB000304000378
:100AC4000203019F0001000000000001000000007B
:100AD4000000000000000000000000000000000012
:100AE4000000000000000000000000000000000002
:100AF40000000000000000000000000000000000F2
:100B040000009900000000000000016600000000E1
:100B14000000000135000100000000000150000049
:100B24000000000000010201010000000201013286
:100B340001030000000201010000000000000000A9
:100B44000000000000000000000081000000000020
:100B54000201012000000000000201015200000017
:100B64000000020101D80000000000020101600041
:100B74000000000000000100000000000000000070
:100B84000000000000000000000000000000000061
:100B94000000000000000000000000000000000051
:100BA4000000000000000000000000000000000041
:100BB4000000000000000000000000000000000031
:100BC4000000000000000000000000000000000021
:100BD4000000000000000000000000000000000011
:100BE40000000031010100000000000100000000CD
:100BF40000000000000000000000000000000000F1
:100C040000000000000000000000000000000000E0
:100C14000000000000000000004B0001080000027A
:100C24000101480001080000020101420101000025
:100C340000020101440000000000020101B90000AB
:100C4400000000000001AB0000000000000001ED06
:100C540000070700070207015A000108000002010B
:100C64000100000000EF6019000003000000000113
:100C74000010000006000000000000000104000055
:100C84000000000000010500010000000000010157
:100C9400010100000000000100000000000000004D
:100CA400000300010000000201010B000108000024
:100CB4000201013B00020800000201016B0003086D
:100CC4000000020101BB0002000002020201EB006D
:100CD400030400030203019F00010000000000015F
:100CE4000000000000000000000000000000000000
:100CF40000000000000000000000000000000000F0
:100D040000000000000000000000000000000000DF
:100D140000000000000099000000000000000166CF
:100D24000000000000000001350001000000000088
:100D34000150000000000000000102010100000059
:100D4400020101320103000000020101C800010098
:100D54000000000001C50101000000000001810045
:100D64000000000002010120000000000002010157
:100D7400520000000000020101D80000000000023F
:100D840001016000000000000000011500010000E6
:100D940000000001110101000000000001B7000083
:100DA400000000000001E900000000000000011341
:100DB40000010000000301010C0001080000030110
:100DC400016C0003080000030101EC0003040003AC
:100DD40003030112010100000003010134010300B7
:100DE4000000030101210000000000030101DC00F8
:100DF40000000000030101000000000000000000EA
:100E040000000000000000000000000000000000DE
:100E140000000000000000000000000000000000CE
:100E2400000000000000000000000000004B000172
:100E34000800000301014800010800000301014209
:100E4400010100000003010144000000000003014F
:100E540001B90000000000000001AB000000000028
:100E6400000001ED00070700070307015A0001080D
:100E7400000002010100000000C860190000030026
:100E84000000000100100000060000000000000047
:100E94000104000000000000000105000100000042
:100EA4000000010101010000000000010000000039
:100EB40000000000000300010000000201010B001B
:100EC400010800000201013B0002080000020101C8
:100ED4006B0003080000020101BB000200000202D3
:100EE4000201EB00030400030203019F0001000060
:100EF40000000001000000000000000000000000ED
:100F040000000000000000000000000000000000DD
:100F140000000000000000000000000000000000CD
:100F24000000000000000000000099000000000024
:100F3400000001660000000000000001350001000F
:100F44000000000001500000000000000001020148
:100F5400010000000201013201030000000201014E
:100F6400C80001000000000001C5010100000000EC
:100F740000018100000000000201012000000000C7
:100F840000020101520000000000020101D800002B
:100F940000000002010160000000000000000115D3
:100FA4000001000000000001110101000000000028
:100FB40001B70000000000000001E900000000008B
:100FC4000000010300010000000301010B000108FF
:100FD40000000301016B0003080000030101EB00A2
:100FE40003040003030301020101000000030101E3
:100FF400320103000000030101200000000000038F
:101004000101D800000000000301010000000000FD
:1010140000000000000000000000000000000000CC
:1010240000000000000000000000000000000000BC
:1010340000000000000000000000000000000000AC
:10104400004B0001080000030101480001080000F2
:1010540003010142010100000003010144000000FA
:101064000000030101B90000000000000001AB0012
:10107400000000000000010000000000000000006B
:101084005A0001080000020101000000002041197B
:101094000000030000000001001000000600000032
:1010A4000000000001040000000000000001050031
:1010B4000100000000000101010100000000000126
:1010C4000000000000000000000300010000000216
:1010D40001010B00010800000201013B00020800AD
:1010E400000201016B0003080000020101BB0002C1
:1010F400000002020201EB00030400030203019F4B
:1011040000010000000000010000000000000000D9
:1011140000000000000000000000000000000000CB
:1011240000000000000000000000000000000000BB
:101134000000000000000000000000000000990012
:101144000000000000000166000000000000000133
:101154003500010000000000015000000000000004
:10116400000102010100000002010132010300003C
:1011740000020101C80001000000000001C50101D6
:1011840000000000000181000000000002010120B5
:1011940000000000000201015200000000000201F2
:1011A40001D80000000000020101600000000000FE
:1011B4000000011500010000000000011101010000
:1011C4000000000001B70000000000000001E90079
:1011D40000000000000001130001000000030101F1
:1011E4000C00010800000301016C00030800000367
:1011F4000101EC00030400030303011201010000D8
:101204000003010134010300000003010121000077
:10121400000000030101DC000000000003010131B3
:1012240001010000000000010000000000000000B7
:1012340000000000000000000000000000000000AA
:10124400000000000000000000000000000000009A
:1012540000000000004B00010800000301014800E9
:101264000108000003010142010100000003010123
:10127400440000000000030101B900000000000068
:101284000001AB00000000000000010000000000AD
:10129400000000005A0001080000020101000000E3
:1012A40000C225390000003C60000000001000006E
:1012B400060000000000000001040000000000001F
:1012C400000105000100000000000101010100000F
:1012D4000000000100000000000000000003000105
:1012E4000000000201010B00010800000201013BA3
:1012F40000020800000201016B0003080000020163
:1013040001BB0002000002020201EB00030400031F
:101314000203019F00010000000000010000000022
:1013240000000000000000000000000000000000B9
:1013340000000000000000000000000000000000A9
:101344000000000000000000000000000000000099
:101354000000990000000000000001660000000089
:101364000000000100000000000000000000000078
:10137400000000000000020101000000020101322F
:101384000103000000020101C80001000000000088
:1013940001C50101000000000001810000000000FF
:1013A40002010120000000000002010152000000BF
:1013B4000000020101D800000000000201016000E9
:1013C4000000000000000115000100000000000101
:1013D400110101000000000001B70000000000003E
:1013E4000001E9000000000000000103000100000A
:1013F400000301010B00010800000301016B00035D
:10140400080000030101EB000304000303030102CD
:101414000101000000030101320103000000030187
:1014240001200000000000030101D80000000000BA
:1014340003010100000000000000000000000000A3
:101444000000000000000000000000000000000098
:101454000000000000000000000000000000000088
:101464000000000000000000004B00010800000222
:101474000101000000000000000000000000000066
:1014840000000000000000000000000000B900009F
:10149400000000000001AB0000000000000001009B
:1014A40000000000000000005A00010800000201D2
:1014B4000100000010B5E0B1D9B10023012243605E
:1014C40080F822200C6804604A6880F820208A682A
:1014D4000261CA6812054261FF22C4F884204FF0F9
:1014E400502401688C6701680A62016818464A64DE
:1014F40010BD0120FCE738B102680020136C23F012
:10150400FF031943116470470120704770B5C8B1D7
:1015140005689DF918609DF91C00AC6C40EAC60092
:1015240040EAC3239DF910006FF3140443EA002337
:101534009DF9140043EA801343EA423242EA8141AE
:101544002143A96470BD40B102680020136C23F4E8
:101554007F4343EA0121116470470120704770B54D
:10156400C8B105689DF918609DF91C002C6D40EA0E
:10157400C60040EAC3239DF910006FF3140443EA44
:1015840000239DF9140043EA801343EA423242EAFD
:1015940081412143296570BD18B103680020596059
:1015A40070470120704730B103680139C1F313015A
:1015B4000020596270470120704708B1036819621E
:1015C400704718B10368186900F00100704720B132
:1015D4000268536943F001035361704738B50D46FF
:1015E4000446A8B10368DA61C36A0BB101209847C5
:1015F40023689D612046FFF7E4FF0028FAD02046C7
:10160400FFF7E5FFE36A0BB100209847002038BDDF
:101614000120FCE728B103685868C04300F00100CA
:1016240070470120704708B103685868704720B1BB
:101634000268536D61F38E235365704708B10368E4
:10164400D960704710B10368D868C0B2704770B5EC
:10165400E8B105689DF91C609DF92000AC6A40EA78
:10166400C6009DF910606FF3150440EAC6209DF989
:10167400146040EA06209DF9186040EA861040EAAA
:10168400433343EA824242EA41512143A96270BD95
:1016940050B103681A6821B142F0010200201A60B7
:1016A400704722F00102F9E70120704750B1036846
:1016B4001A6821B142F4001200201A60704722F423
:1016C4000012F9E70120704750B103689A6821B10C
:1016D40042F0100200209A60704722F01002F9E7ED
:1016E4000120704730B580B10568BDF80C00AC68C6
:1016F400800640EA8353002043EA81416FF39E143D
:1017040041EA82122243AA6030BD0120FCE730B1D5
:1017140002680020936861F302039360704701201C
:10172400704750B103689A6821B142F0200200204A
:101734009A60704722F02002F9E70120704750B107
:1017440003681A6821B142F0807200201A60704761
:1017540022F08072F9E70120704750B103681A68DB
:1017640021B142F4000200201A60704722F4000202
:10177400F9E70120704750B103689A6821B142F03B
:10178400004200209A60704722F00042F9E70120ED
:10179400704750B103689A6821B142F008020020F2
:1017A4009A60704722F00802F9E70120704740B1BF
:1017B40002680020936D23F47F0343EA014191659D
:1017C40070470120704760B100685206836D42EA99
:1017D400012123F0007323F47F4319438165002022
:1017E400704701207047000010B5F0B10468A06D87
:1017F400B1B1022A84BF023AD2B213026FF30F00CE
:1018040003F4FE430343120654BF43F0806343F0E2
:10181400A06343F00A0323F000730020A36510BD06
:10182400034B034043F00073F7E70120F7E700BFE1
:101834000000FFFA30B10268936C23F4783343EA72
:1018440041319164704730B10268136D23F47833E9
:1018540043EA41311165704748B10368D3F88820E1
:1018640009B141F480310020C3F888107047012089
:10187400704718B10368D3F8880080B270477FB509
:10188400054600283DD0C46801B394F86A30002BA3
:1018940037D094F9726094F96E3094F96C1094F91D
:1018A4006D20039694F97160029694F97060019624
:1018B40094F96F400094FFF729FEEB6893F86A10DF
:1018C4002846FFF718FE002004B070BD94F8463097
:1018D400BBB194F94E6094F94A3094F9481094F9E4
:1018E4004920039694F94D60029694F94C60019650
:1018F40094F94B400094FFF709FEEB6893F8461007
:10190400DEE70120E0E77FB50546002836D0C4684D
:10191400E1B194F96E6194F96A3194F9681194F91A
:101924006921039694F96D61029694F96C610196AC
:1019340094F96B410094FFF7E9FDEB6893F86611A5
:101944002846FFF7D8FD002004B070BD94F95C610F
:1019540094F9583194F9561194F95721039694F94E
:101964005B61029694F95A61019694F95941009485
:10197400FFF7CCFDEB6893F85411E1E70120E3E7AE
:10198400F0B5C4680646174687B054B3382928D83A
:1019940001EBC1052C44237C1BB394F918C094F9C2
:1019A400133094F9122094F91110CDF810C094F961
:1019B40017C0CDF80CC094F916C0CDF808C094F93E
:1019C40015C0CDF804C094F914400094FFF73FFE0D
:1019D400F3683A462B443046197CFFF7FFFD07B005
:1019E400F0BD0120FBE7000070B50446002841D09B
:1019F400C368002B3ED000293CD093F893510121B9
:101A0400CDB3FFF7D0FD002214212046FFF7B8FF25
:101A14002046FFF708FEC30704D540F267413D485E
:101A240003F0F2FF002215212046FFF7A9FF054627
:101A340020B1002220461146FFF7A2FF02212046D2
:101A4400FFF7AAFD01212046FFF7ADFD00222B215F
:101A54002046FFF795FF6DB101212046FFF7A3FD56
:101A6400002202212046FFF78BFF2046FFF7D2FD1C
:101A74000028F5D070BDFFF796FD2A4602212046C6
:101A8400FFF77EFF2046FFF7CEFD2A4614212046AD
:101A9400FFF776FF10B92046FFF7C5FDE3681B7A10
:101AA400ABB3012103F00F051B0901FA03F3DBB209
:101AB4000DB11D46002300221521204643EA0525C9
:101AC400FFF75EFF064620B1002220461146FFF7CD
:101AD40057FF29462046FFF75FFD02212046FFF706
:101AE40062FD002203212046FFF74AFF002EC1D0E9
:101AF40001212046FFF757FD002202212046FFF76F
:101B04003FFF2046FFF786FD0028F5D0B2E7022507
:101B1400D1E700BF0166002038B504460D46FFF743
:101B240063FF29462046BDE83840FFF7A8BE38B514
:101B340004460D46FFF758FF29462046BDE83840C5
:101B4400FFF7E1BE10B5044640B10268936A6FF333
:101B5400150343F4802343F00103936203212046D9
:101B6400FFF721FD00229F212046FFF737FD204685
:101B7400FFF759FD20F07F4010BD70B504460028E2
:101B84003ED0C368012193F89351002D3BD0FFF759
:101B94000AFD002202212046FFF7F2FE88BB204600
:101BA400FFF741FDC0B2E368DD790DB120EA050518
:101BB400002215212046FFF7E3FE064620B100224D
:101BC40020461146FFF7DCFE29462046FFF7E4FCD9
:101BD40001212046FFF7E7FC002203212046FFF7FE
:101BE400CFFE6EB101212046FFF7DDFC0022022169
:101BF4002046FFF7C5FE2046FFF70CFD0028F5D070
:101C040070BD0020CFE7FFF7CEFC2A460221204614
:101C1400FFF7B6FE00283ED12046FFF704FDC6B20A
:101C2400002214212046FFF7ABFE18B92046FFF727
:101C3400FAFCC5B2E368D97909B126EA01010022A8
:101C4400204641EA05251521FFF79AFE064620B1F4
:101C5400002220461146FFF793FE29462046FFF74F
:101C64009BFC02212046FFF79EFC00220321204614
:101C7400FFF786FE002EC3D001212046FFF793FC18
:101C8400002202212046FFF77BFE2046FFF7C2FC1C
:101C94000028F5D0B4E72E46C2E7F8B5044650B3A1
:101CA4000023FF2201214FF050260568436080F88D
:101CB400221080F82030C5F884200568AE670568D6
:101CC4002A6205686A6480F823308360FFF7E0FCC9
:101CD4002046FFF737FFC0F30727C0F30745C6B216
:101CE40029463A463046FEF775FC0146E06020B9C5
:101CF4002046FFF7CDFC01200AE03A46294630464B
:101D0400FEF77CFC00B1606194F823500DB1002013
:101D1400F8BD2046FFF731FF6369B3F1807F0DD929
:101D240021212A462046FFF72BFE94F8201019B9EA
:101D34002046FFF7FCFEEAE70121F9E794F82010BA
:101D440019B92046FFF7E8FEE1E70121F9E760B1A0
:101D5400006850B1836D090623F0807301F080712F
:101D640023F0FF0311431943816570472DE9F047C0
:101D74000E4691460546002843D0C468ACB1B1F57F
:101D8400805F3ED3A279120302F580528A4238D38F
:101D9400C1F30902E17A1A44B2EB012F31D81C468F
:101DA4009A460027BAF1000F02DC2046BDE8F0870E
:101DB400BAF1400FD046A8BF4FF04008284641462C
:101DC400FFF7F1FB324632212846FFF7D9FD3B46A7
:101DD400002FB8BFFB1C4FEAA80123F0030201EB5C
:101DE400A3014A4409EB81018A4204D14744464491
:101DF400AAEB080AD6E72846FFF715FC42F8040BBD
:101E0400F2E70024D1E738B50446D0B10368AB212A
:101E14001D6815F0010502BF1A6842F001021A603C
:101E24000268936A6FF3150343F00103936200227F
:101E3400FFF7D4FB25B92268136823F0010313606C
:101E440038BD0120FCE700207047000008B5E8B168
:101E540003680F4A93420CD002F58052934215D185
:101E6400062001F02BFA022805D1BDE8084001F054
:101E74005ABA0420F5E7032803D1BDE8084001F06D
:101E840055BA0120BDE8084001F0C0BA002008BDE1
:101E94000010045038B5054608B9002038BDFFF7D6
:101EA400D1FB04460028F8D02846FFF7CFFFB0FB4B
:101EB400F4F0F3E708B1FFF745BEFF2070477FB5A4
:101EC40004460A4651B3C56895F8FF31002B3BD050
:101ED40090F82030C3B395F9076295F9022295F979
:101EE400033295F90112039695F90662029695F963
:101EF4000562019695F904520095FFF707FBE36824
:101F0400204693F8FF11FFF7F6FA0121204694F8D2
:101F14002520FFF769FC002004B070BDFFF764FCC6
:101F2400636994F82010B3F1807F06D919B920466B
:101F3400FFF7E9FCEFE70121F9E719B92046FFF7BC
:101F44009EFCE8E70121F9E70120E5E730B5054605
:101F5400012487B078B10494002422462146234604
:101F6400CDE90244CDE90044FFF771FB2246214646
:101F74002846FFF733FB204607B030BD10B50446B2
:101F8400F0B102681420D2F8943043F00043C2F850
:101F9400943002F0F1FC2368D3F89420D205FBD5E9
:101FA400D3F89400D3F89420C0B222F00042C3F8CE
:101FB400942094F8253023F07F03034384F82530DC
:101FC40010BD00002DE9F8430E4690461F46044616
:101FD400002800F09D80002900F09A80FFF76AFA3B
:101FE4002068FFF730FF3369002184F83430B36888
:101FF4000546A363F36884F824101B05E3630223F6
:1020040084F836303369C4F808805A1E5342534169
:1020140084F82330B8F1000F58D0002F56D03B6815
:10202400C8F80030A368FA685A601022A3689A605E
:102034008022A368D960A3681A614FF48052A36810
:102044005961A3689961A368D961A3681A62A368F6
:102054005962C0B16FF07F43984214D0012694F8BE
:102064002330002B3DD1002E3DD12046FFF7CBFE7F
:10207400304602F081FC322002F07EFC2046FFF75D
:1020840019FF05462FE001212046FFF7D0FA5E4BE9
:10209400A26920469A424FF000028CBF01211146EA
:1020A400FFF755FE20469DF82010FFF7C7FA94F875
:1020B40035302BB1012B10D100212046FFF73FFB17
:1020C40001212046FFF7E4FA0026C8E7002DDED000
:1020D4006FF07F439D42C1D1D9E7022BF0D101219A
:1020E400EBE7002ECAD025635FFA85F8C5F307290C
:1020F400C5F307454A4629464046FEF76BFA0746AC
:10210400E06038B901462046FFF7C2FAC4E90E7709
:1021140001200BE04A4629464046FEF76FFA08B113
:10212400E063606194F8233013B10020BDE8F883C4
:10213400002E65D12046FFF720FD6369B3F1807F4F
:1021440030D9324621212046FFF71AFC94F820307A
:1021540053B93146204684F82660FFF7E8FC07218E
:102164002046FFF7D4FAE0E701212046FFF7DFFC21
:1021740094F82670012FF2D14A4629464046FEF7CC
:1021840047FA38B12046FFF7F9FE39462046FFF7F3
:1021940096FEE4E7324631462046FFF725FB84F8F5
:1021A4002660DCE794F8203033B93146204684F8C1
:1021B4002660FFF7B1FCB8E701212046FFF7ACFC2D
:1021C40094F82670012F15D14A4629464046FEF759
:1021D4001FFA38B12046FFF7D1FE39462046FFF7F3
:1021E4006EFEA2E7324631462046FFF7FDFA84F838
:1021F40026609AE7324631462046FFF7F5FA94E71F
:1022040084F8263091E700BF00E1F5051FB5019081
:10221400019B114C0BB1206840B9002001F006F974
:102224000E4BB0FBF3F0019B20609BB1302882BFC2
:10223400019B03F1FF330193019B5BB10522019BD9
:10224400013B4343B3FBF2F30393039B5A1E0392F4
:10225400002BFAD104B010BD98A5002040420F0015
:1022640070B50E461546044658B302220368DA6078
:102274000268936D23F00073936502680020D2F81E
:10228400943043F00043C2F89430FFF7BFFF1420AA
:10229400FFF7BCFF2068D0F89430DB05FBD5D0F8FD
:1022A4009430D0F89420DBB222F00042C0F894209D
:1022B4005A1E327001220020043B2B702368DA601E
:1022C40070BD0120FCE7000037B514460546002820
:1022D40043D0002941D0FFF7EDF82846E1B2FFF7DB
:1022E400ADF92846FFF7D6FD1D4B984230D91D4B5A
:1022F40098422FD91C4B984222D940F2B63440F26E
:1023040074431A4A904288BF1C4600220121284681
:10231400FFF71DFD00212246022328460091FFF706
:10232400E1F9044648B906212846FFF7F0F90446C6
:1023340018B901212846FFF7ABF9204603B030BD98
:102344000B4B4FF43E749842DFD800221146DEE76F
:10235400B424FAE74FF4BE74F7E70124EDE700BFB5
:1023640000366E01006CDC0200D8B805000E2707A9
:1023740000879303F0B50E461746054687B0D8B1DB
:10238400072200240323CDE903220121CDE90143DF
:1023940000942346FFF75BF902212846FFF703F96F
:1023A40039462846FFF7F8F83246C0212846FFF799
:1023B40015F9204607B0F0BD0120FBE72DE9FF41E8
:1023C4000C4616461F460546002840D06B46214A57
:1023D4001068516803C39068D16803C32846E1B20A
:1023E400FFF7C9F907F110036B4413F8088C4FEA9F
:1023F40048185FFA88F80CB304AB03EB560313F8E0
:10240400104CA40044F0210464B204F0FD02002145
:102414002846FFF7AFFF711E284649B2FFF70AFAB4
:10242400424604212846FFF7A5FF791E284649B2F3
:10243400FFF709FA002004B0BDE8F08106F11003AB
:102444006B4413F8104CA40044F00104DCE70120B1
:10245400F1E700BF54540020F0B50E461746054678
:1024640087B0D8B1072200240223CDE90322012139
:10247400CDE9014300942346FFF7E9F804212846F7
:10248400FFF791F839462846FFF786F83246C0210F
:102494002846FFF7A3F8204607B0F0BD0120FBE76C
:1024A40030B5054685B0A0B100240721022390F879
:1024B4002520CDE902115200CDE9004352B2234652
:1024C400FFF724F821462846FFF715F8204605B003
:1024D40030BD0120FBE730B5054685B090B107213A
:1024E40000240223CDE90211CDE90043234690F9EB
:1024F4002620FFF734F880212846FFF724F82046E9
:1025040005B030BD0120FBE7F0B5044687B00028D4
:102514003BD090F82330052B34D0033B012B2ED82D
:10252400012603270023072576B27FB21A4601212C
:102534002046CDE90355CDE901570096FFF787F80A
:102544000022FF212046FFF749F894F82330052B99
:102554000FD1002301211A462046CDE90355CDE9C8
:1025640001570096FFF773F80022FF212046FFF77A
:1025740035F8002002F000FA032002F0FDF90020F3
:1025840007B0F0BD03260227CCE70120F8E70000DE
:1025940030B5044685B000286ED000296CD0FEF713
:1025A40089FF23680DF10E020DF10F0120461D680D
:1025B400FFF756FE01212046FFF740F82046FFF7BB
:1025C40069FC2E4B05F00105984236D814230321EB
:1025D4008DF80E308DF80F3008460023B42284F8AD
:1025E400251084F82610062100902046FFF77AF87B
:1025F40007212046FFF78BF801212046FFF7C9F891
:102604009DF80E102046FFF7D2F800229DF80F1017
:102614002046FFF7D8F801212046FFF739F80121B9
:102624002046FFF743F82DB9154B1B6803F003034D
:10263400032B1DD1002005B030BD124B98420BD99D
:1026440003F1377303F5D84398420BD907211420BB
:10265400082340F23252C2E705210E20032340F240
:10266400B632BCE706211120052340F27442B6E7D6
:102674002046FFF749FFDDE70120DCE7016CDC02BF
:1026840000000C50011C4E0EF0B5044685B0002825
:1026940000F09680002900F09380FEF70BFF23687A
:1026A4000DF10E020DF10F0120461E68FFF7D8FD53
:1026B40001212046FEF7C2FF2046FFF7EBFB414B0A
:1026C40005469842404F06F0010650D814230321D2
:1026D4008DF80E308DF80F30B4220023009120467F
:1026E4000621FEF7FFFF07212046FFF710F801211E
:1026F4002046FFF74EF89DF80E102046FFF757F8D6
:1027040000229DF80F102046FFF75DF801212046B6
:10271400FFF707F801212046FEF7BAFF0121204602
:10272400FEF7C4FF2EB994F8273013B92046FFF7FB
:10273400EBFEBD423AD9254B9D423CD906220223E9
:1027440088253B2684F82630012184F8252020465C
:10275400FFF711F8324600212046FFF77DFE2A4696
:1027640004212046FFF778FE002005B0F0BDB842F2
:102774000DD9164B98420FD903F1377303F5D8439B
:1027840098420ED81421082340F23252A6E70E21B3
:10279400032340F2B632A1E71121052340F274422B
:1027A4009CE7172109234FF4BE6297E70422002314
:1027B40008253326C6E70522002308253726C1E766
:1027C4000120D2E7016CDC02011C4E0E01882A11A3
:1027D40070B50E461546044686B0F8B107220323A9
:1027E400CDE901230023CDE9032200930121FEF763
:1027F4002EFF31462046FEF7E0FE02212046FEF77A
:10280400D2FE29462046FEF7C7FE4FF480326021EF
:10281400204606B0BDE87040FEF7E0BE06B070BDCD
:1028240038B504460122FFF7B3FE2046FFF732FB1A
:10283400154B98421FD9154B98421FD903F1F473D5
:1028440003F5904398421CD942F28F7541F28F737D
:102854000F4A904298BF1D4601212046FEF734FFDF
:102864002A4620460021FFF7B3FF01212046FEF748
:1028740082FF002038BD4EF28F75EDE74FF28F7561
:10288400EAE740F28F75E7E781FE210A01D4650C7F
:1028940001882A111FB560B10721032390F8252070
:1028A400CDE90013013A0023CDE9021152B2FEF73B
:1028B4002DFE05B05DF804FB1FB560B107210323AD
:1028C40090F82620CDE90013013A0023CDE9021146
:1028D40052B2FEF744FE05B05DF804FB2DE9FF4754
:1028E4000B69044680F823300B69033B032B00F289
:1028F4008580DFE803F0026358792046FFF748FE3D
:102904000322064608212046FFF734FD2046FFF740
:10291400C1FA4D4B98425FD903F1A46303F5834395
:1029240098425BD903F1377303F5D843984257D9DA
:10293400464B984256D9464B984294BF07250025EA
:102944004FF0000807274FF0030A4FEA45094346B2
:1029540009F1FF3239462046CDE90277CDE9008AF4
:10296400FEF7D4FD41462046FEF7C5FD43466A1EE8
:1029740039462046CDE90277CDE9008AFEF7EFFD1E
:1029840080212046FEF7DFFD2B464A4601212046E2
:10299400FFF714FD4FF6FF712046FEF75DFF30464A
:1029A40004B0BDE8F0872046FFF76EFE2046FFF72F
:1029B40077FD2046FFF78FFD0026EBE72046FFF763
:1029C400E7FD4322064608212046FFF7D3FC0121F8
:1029D4002046FEF7C2FE99E70325B1E70425AFE7D9
:1029E4000525ADE70625ABE72046FFF719FF20468E
:1029F400FFF750FF2046FFF75FFFDDE700260325C2
:102A04004FF0010802272046FFF75EFC33460622FA
:102A140029462046CDE90067CDE90258FEF776FD48
:102A2400EB212046FEF767FD334632462946204611
:102A3400CDE90067CDE90258FEF791FD3821204623
:102A4400FEF781FD0646A5E70129DE0701EBC91360
:102A54000184D717000000000102030400000000F5
:102A64000402060170470000002310B5084A916B68
:102A7400814205D8D46B2144814201D958B210BD9A
:102A84000133052B02F14402F1D14FF0FF30F6E798
:102A9400C4A20020064A936B834206D8D26B134427
:102AA400834294BF0020012070470020704700BF7C
:102AB40078A0002003460244934200D1704703F8F3
:102AC400011BF9E738B50546FFF7E4FF044648B9AA
:102AD4002846FFF7C9FF431C06D04422034B02FBE0
:102AE400003038BD0248FCE72046FAE7C4A20020C3
:102AF40078A000200120704710B50C46C9B12AB94E
:102B0400022000F083FCB0FBF4F010BD00F0D6FB13
:102B14000228024602D100F006FCF4E7012802D1A3
:102B240000F0FEFBEFE7044B0448032A18BF1846E5
:102B3400E9E70846E9E700BF006CDC0200D8B80505
:102B44002DE9F74F442400252D4FDFF8C4A004FBE2
:102B540000749946DAF80030064688469346E562E2
:102B640013B1284C284BE362D8F80C30202B03D93E
:102B7400002003B0BDE8F08F86B3012E38D0B9F140
:102B8400010F04BF8F2384F82530DAF8003084F86D
:102B9400269043B1FFF7AEFF012201460546062009
:102BA400FFF7AAFFA0616821184A5B4601FB0622D1
:102BB400204641460095FFF705FA0028D8D1DAF8F7
:102BC4000030EDB2A5623BB1442303FB0677A36B4F
:102BD400FA6B1344A36323610120CAE700F086FF64
:102BE4000122054601460420FFF786FFA061C6E7DF
:102BF40000F082FF3246054601460620F4E700BF96
:102C0400C4A2002078A0002065540020BCA00020AD
:102C140074A000200020704770B50D4C8AB0264681
:102C24004422002105AD0B48FFF744FF0FCE0FC52A
:102C340033682B6001AD04F114030FCB85E80F005A
:102C440000232A4605A90120FFF77AFF0AB070BDC8
:102C54003857002008A30020002070470020704748
:102C640000220C4B10B51A60FFF7D4FF041E18BFE6
:102C74000124FFF7D1FF08B144F00204FFF7ECFF91
:102C840008B144F00404FFF7E9FF08B144F0080474
:102C9400204610BD74A0002010B586B000F026FFB9
:102CA4003022002104461748FFF704FF142201A82C
:102CB400FFF700FF144B0193A3F558335B68C3F38C
:102CC4000223023B042B1AD8104AD35C8B4208BF60
:102CD4000623102205934FF08053CDE9033200F010
:102CE40003FF0346591E4B4206484B41224601A9A5
:102CF40080F82730FFF7F2FD002006B010BD062350
:102D0400E7E700BF44A00020001004503057002023
:102D1400B0F1805F08B502D0B0F1C04F04D10348D0
:102D2400FFF7B8F8400808BD0020FCE744A00020E5
:102D34000303050206000000002004500200000006
:102D44000000001220000000000000001C100850C9
:102D5400000000003300000001000000FFF7D8BFAE
:102D6400EFF3108072B6704780F31088704740BF4D
:102D7400714A1368012B04D04FF0010313606F4AAA
:102D840010606F4A11606F484FF0805101607047C6
:102D9400EFF3108272B66848016889B34FF00001FE
:102DA400016066480168B1B1EFF309811EF0100FAC
:102DB40008BF21ED108B21E9F00FEFF30B8441F8EC
:102DC400044D4FF000041EF0100F08BF012441F819
:102DD400044D006801605A490968096808C910C9A6
:102DE40084F30B88B1E8F00F002B18BFB1EC108B03
:102DF40081F309884EF0100E002B18BF2EF0100E30
:102E040082F310884EF0040E70474F484FF47F0150
:102E1400D0F8002041EA0201016070474849086087
:102E2400EFF3148222F0040282F3148843494FF032
:102E34000000086040494FF00100086042484FF428
:102E44007F01D0F8002041EA020101603D484FF0C3
:102E5400805101603D480068006800BF80F3088825
:102E640061B662B6704700BF20BF7047EFF30880B9
:102E74001EF0040F01D0EFF3098020E9F00FEFF307
:102E84000B8440F8044D40F804ED40F804ED1EF0C6
:102E9400040F02D080F3098801E080F3088800B5AC
:102EA40002F056FD5DF804EB4EF0040E7047EFF3AC
:102EB40008801EF0040F01D0EFF3098020E9F00F21
:102EC400EFF30B8440F8044D40F804ED40F804EDB2
:102ED4001EF0040F02D080F3098801E080F3088813
:102EE40000B502F081FD5DF804EB4EF0040E70476E
:102EF40010B4EFF3038410B47C4600B500B54DF86C
:102F040004CD0FB4089C2DE9F00FEFF30B8410B43B
:102F140000B5684602F034FD01BC10BC84F30B8894
:102F2400BDE8F00F0FBC5DF804CB5DF804EB10BCFA
:102F340010BC10BC70470000E4C90020ECC900209C
:102F4400E8C9002004ED00E020ED00E008ED00E019
:102F5400104A1378FF2B05D10F4B9B68DB4303F01A
:102F6400010313700D4A506B4BB10D4B1B681BB919
:102F74000A23B0FBF3F070470A4B1B88F9E74FF4C0
:102F84007A72C0F30E03C00B5343504300EBD330AB
:102F9400704700BF569B002000B00C5000000C503E
:102FA400D0C30020CCC3002008B5002A00F055810E
:102FB400002900F05281612800F24A81DFE810F014
:102FC40062002C014801690028016D0024014801B8
:102FD4007100F0001C0118014801750048017900D6
:102FE4007D004801810048014801860013018B00DF
:102FF40090009500A200A700AC00480148014801D8
:10300400B100B6000E010901BB00C000480148012F
:10301400C50048014801CA004801CF00D400E900B6
:10302400F900480148014801480148014801D90014
:103034000401DE003F01E100E300480148014801CA
:10304400E5004801E700480148014801EB00480158
:10305400480148014801480148014801F200F200D2
:10306400F7004801480148014801FB0048014801B4
:1030740000012001300135013A019A0048010201A2
:103084004401F20000230B6001234FF0A0401360C1
:1030940008BD00230B600223F7E700230B60042321
:1030A400F3E700230B601023EFE700230B602023DA
:1030B400EBE700230B604023E7E700230B6080234A
:1030C400E3E700230B604FF48073DEE700230B601B
:1030D4004FF48063D9E700230B604FF40063D4E717
:1030E40000230B604FF48053CFE700230B604FF4B1
:1030F4000053CAE701230B604FF400134FF08040E4
:103104001360C5E700230B604FF48043BDE7002341
:103114000B604FF40043B8E700230B604FF4803397
:10312400B3E700230B604FF40033AEE700230B60DA
:103134004FF48023A9E700230B604FF48013A4E726
:1031440000230B604FF400139FE700230B604FF440
:1031540080039AE700230B604FF0007395E7002388
:103164000B604FF0006390E700230B604FF0805337
:103174008BE700230B604FF0004386E701230B60CD
:1031840083E7012386E7012388E701238AE70123F4
:1031940090E7012396E701230B604FF4007374E773
:1031A40001239EE701230B604FF400236DE7012305
:1031B400C2E70123CFE701230B604FF4000364E768
:1031C4000123C3E70023F7E700230B604FF4807368
:1031D40094E700230B604FF480638FE700230B60B8
:1031E4004FF400738AE700230B604FF4004385E734
:1031F40000230B60402381E700230B6020237DE73D
:1032040000230B60102379E700230B60082375E784
:1032140000230B60042371E700230B6002236DE796
:1032240000230B604FF4801368E700230B604FF416
:10323400002363E700230B604FF480235EE7002341
:103244000B604FF4803359E700230B60802355E76C
:1032540040F24B31024802F0D7FB002018E700BFD0
:103264003366002007B5134A134902EBC002D1F8B4
:103274009C309278022862F30303C1F89C300DF16C
:10328400070011D1FDF72EF810B10B238DF807308C
:10329400094A9DF80710D2F8943061F30303C2F889
:1032A400943003B05DF804FBFDF728F80028EFD054
:1032B4000D23EBE7C864002000A00C504FF0A0439E
:1032C4000D281A6A0DD842F6F173C34013F0010FAA
:1032D4000CBF012303238340134023FA00F0C0B240
:1032E40070470123F7E70000012803D002280ED01D
:1032F400002070474FF0A043DB6A63B113F0010074
:103304000AD00648C3F3830303FB000070474FF061
:10331400A0431B6BF1E71846704700BF00366E01EF
:103324000120FFF7E1BF0220FFF7DEBF0020704756
:1033340038B5244BA1F1B774A4F558549C423FD836
:10334400012839D0022839D040F2A4611E4802F085
:103354005BFB1E4B0020D3F8942091075EBFD3F88B
:10336400942042F00202C3F89420D3F89420D207A8
:103374005EBFD3F8942042F00102C3F89420144AAB
:103384002B68B4FBF2F423F001032B602B6823F4C5
:10339400005323F03C0343EA840343F4805343F093
:1033A40001032B6001F0E8FA0A2001F0E5FA2B682A
:1033B400002BFCDA002038BD064DCAE7064DC8E7ED
:1033C4000120F8E7002A75153366002000B000508C
:1033D40000366E012C0000503000005001460120E0
:1033E400FFF7A6BF01460220FFF7A2BF4FF0A0429D
:1033F400D36A002023F00103D36270474FF0A04248
:10340400136B002023F0010313637047012808D1D4
:103414004FF0A0431B6A03F00303032B01D1FFF712
:103424007FBF0148704700BF006CDC02021E08BF6A
:10343400012210B51046FFF7E9FF012A04460AD01D
:10344400022A10D040F274710A4802F0DDFA012316
:10345400B4FBF3F010BD4FF0A0435B6ADBB2012B69
:10346400B8BF0123F4E74FF080435B6903F03F03E7
:10347400F5E700BF336600204FF0A04310B50D28D8
:103484001B6A18D842F6F172C24012F0010F0CBF49
:103494000122032202FA00F411404FF0A04223EA71
:1034A400040381400B43136220B90120FFF7BEFFE0
:1034B400024B186010BD0122ECE700BF34940020D9
:1034C4000028D8BF002008B5CCBFFF23034600293D
:1034D40012DB002A43F4E06340EA01200EDA4FF0E5
:1034E400A0414A6A22EA030303434B620120FFF727
:1034F4009DFF074B186008BD002A04DB43F4E0433A
:1035040040EA0230EBE7002BF0D0FF23E7E700BFEF
:103514003494002070B50C46194D0646FFF7A2FE00
:103524002B69FA2023F004032B6101F025FA302CD7
:103534000DD800210846FFF79FFF30200422002108
:10354400B0FBF4F0FFF7BCFF0024204670BD01F08F
:10355400A1F90C4800EBC60043680B48EB616043DB
:10356400FFF73CFF04460028EFD10121062208465C
:10357400FFF7A6FF03212046FFF77EFFE4E700BF25
:1035840000B00050C864002040420F002DE9F34110
:103594001F4C204F04EBC0023B6B9278054662F34C
:1035A40017534FEAC0083B630DF107000E46FCF7C2
:1035B40099FE10B10B238DF807309DF8071014F90C
:1035C400352030250A440021FB6C084662F385034C
:1035D400FB64FFF751FF302EB5FBF6F504D940F636
:1035E4002B210D4802F010FA042200212846FFF78F
:1035F40067FFFFF7FBFE01F059F94444074B62688B
:10360400DA611A6942F004021A6102B0BDE8F0817D
:10361400C864002000A00C503366002000B00050A5
:1036240070B5314E054633780C46012B43D9023B25
:10363400012B02D90125284670BD2C4B53F82120BB
:10364400FFF771FE9042F5D8012905D82946204696
:10365400FFF79CFF002535E000210846FFF70CFF2B
:103664002046FFF7FFFDFA2001F086F9FFF7BEFEC2
:10367400302D0DD801F01AF900210846FFF7FCFEA1
:10368400042200213020B0FBF5F0FFF719FFE1E739
:1036940001F000F916486843FFF7A0FE054600282C
:1036A400C8D1012106220846FFF70AFF0321284654
:1036B400FFF7E2FECEE7012909D901462046FFF7CC
:1036C40029FF05460020347001F056F9B3E78B4218
:1036D40003D14FF0FF321146D4E790210220FFF7C7
:1036E40019FF0028A6D1B1E788940020B86400200F
:1036F40040420F00002808B511DD002926DB01280F
:1037040000D139B13F2343F4E06340EA0120002AA9
:103714000BDA0EE00146F5E700200346F3E7002943
:10372400FADA002A0CDB0020034643F4E04340EAC3
:1037340002304FF080414A6922EA030303434B619C
:103744000220FFF773FE024B186008BD3F23DEE73B
:103754003494002038B5041E08BF012420460D46C9
:10376400FFF764FE012C08D0022C0ED00A4840F268
:10377400957102F049F9002006E04FF0A0435B6A1E
:103784003DB1C3F30223D84038BD4FF080435B6999
:10379400F6E7C3F30233F6E7336600204FF08043C5
:1037A4001A6842F480221A601A685203FCD51A6817
:1037B40022F480221A607047024A136823F004033B
:1037C4001360704700000440134A1368590721D45A
:1037D400116800280CBF01234FF0FF3341F00401AE
:1037E40011604FF0804243F4801313601168002984
:1037F400FCD0094A116CC80606D5116C41F00201CF
:103804001164116CC906FCD44FF080410A6822EAA5
:1038140003030B60704700BF0000044007B56A460D
:1038240001A9FFF7C1FBB0F1A04F0FD1019B13B168
:10383400012B11D10C480368009A134303600368F9
:1038440023EA0203036003B05DF804FBB0F1804F88
:1038540002D1019B002BEED040F62C01034803B0AB
:103864005DF804EB02F0D0B8040000503366002089
:1038740007B56A4601A9FFF797FBB0F1A04F05D140
:10388400019B83B1012B06D10F4B0DE0B0F1804FAA
:1038940001D1019BB3B140F64B010C4803B05DF874
:1038A40004EB02F0B1B80A4BEFF31081012282F36A
:1038B40010881A68009802431A6081F3108803B0D4
:1038C4005DF804FB034BEFE70C0000503366002067
:1038D400080000500400004007B56A4601A9FFF73C
:1038E40063FBB0F1A04F05D1019B83B1012B06D13D
:1038F400104B0DE0B0F1804F01D1019BBBB140F6FC
:1039040068010D4803B05DF804EB02F07DB80B4B81
:10391400EFF31081012282F310881A68009822EADA
:1039240000021A6081F3108803B05DF804FB044BB5
:10393400EEE700BF0C000050336600200800005082
:10394400040000402DE9F8432A4B1B69002B4EDA92
:103954004FF0A0456B6B4FF00B096FF30F036FEA49
:1039640093336FEA83334FF400744FF48078224E1C
:103974006B63736F214F43F4C0037367736F43F03A
:103984004063736747F6E073726F03EA44133A4087
:1039940013437367032000F0EFFF6B6B43F0804326
:1039A4006B636B6B002BFCDAA96BAA6B6B6B90B22D
:1039B40023F08043B0EB114F6B634FEA114335BFE3
:1039C4001B1AC01A4444A4EB080435BF98B280B251
:1039D400A4B2A4B23F2804D9B9F101094FEA5808A6
:1039E400D0D1A02894BF00200120BDE8F883012095
:1039F400FBE700BF00000C5000A00C501F80FFFF2D
:103A04000028D6BF0020FF230346002910DB09024B
:103A140001F4E061002A43F4E06340EA010009DABA
:103A24004FF0A0414A6C22EA030303434B647047FE
:103A3400002A09DB002A08BF0122120302F4E04233
:103A440043F4E0431043EBE7002BF0D0FF23E7E718
:103A54004FF0A0435A6C22F480225A645A6C61F3EA
:103A640011425A64704708B50F20FFF735FF0D2047
:103A7400FFF732FF01200021FFF7EAFF02460C2086
:103A8400FFF7BEFF00210C20FFF7F6FC01F0B0FFAA
:103A940008BDF0280DD8902807D8302807D8182852
:103AA40094BF00210121FFF7BBBD0321FBE70221E5
:103AB400F9E701207047000000000000000000004A
:103AC40000882A1100882A11FB060900300310001F
:103AD400FD080A0031031100000B0D00130213004E
:103AE400020D0F001302130000207047014B1888C9
:103AF400704700BF22940020014B1888704700BF14
:103B0400209400200048704700E00012453A5C739E
:103B1400747564795C736633325C5369466C692DE1
:103B240053444B5C637573746F6D65725C626F6153
:103B34007264735C736633326C6235322D6E616EFF
:103B44006F5F626173655C6273705F696E69742E26
:103B54006300453A5C73747564795C736633325CF4
:103B64005369466C692D53444B5C637573746F6D74
:103B740065725C626F617264735C736633326C622B
:103B840035322D6E616E6F5F626173655C62737056
:103B94005F70696E6D75782E6300453A5C73747559
:103BA40064795C736633325C5369466C692D5344A3
:103BB4004B5C647269766572735C68616C5C6266A6
:103BC400305F68616C5F6770696F2E6300453A5CB3
:103BD40073747564795C736633325C5369466C69DB
:103BE4002D53444B5C647269766572735C68616CD6
:103BF4005C6266305F68616C5F6870616F6E2E63D3
:103C040000453A5C73747564795C736633325C5353
:103C140069466C692D53444B5C64726976657273B2
:103C24005C68616C5C6266305F68616C5F6D706972
:103C34002E6300453A5C73747564795C7366333241
:103C44005C5369466C692D53444B5C6472697665B8
:103C540072735C68616C5C6266305F68616C5F7231
:103C640063632E630052545F454F4B203D3D2072E9
:103C740000666C617368310038B50020FFF71EFBE5
:103C8400044628B900F006FE01212046FFF7F4FBA4
:103C940001210C20FFF7F0FBFFF726FF012863D07A
:103CA400022000F087FD0120FFF78EFD01F080FE69
:103CB40000F012FE012001F09FFE022001F064FEDC
:103CC400424B434A0120C3F8902001F07DFE01F0ED
:103CD40077FE01F051FE18B195213E4801F094FEA3
:103CE4003D4A3E48936843F00103936001F064FE4B
:103CF4004FF08042136943F010031361EFF3108512
:103D0400012383F31088364C23781BB9A221314850
:103D140001F07AFE2378013BDBB2237023B9314AE8
:103D2400D36A23F00103D36285F310882A4B9C687D
:103D340014F0010418D101F013FE64222146C820B6
:103D440001F04EFE01F014FE4FF41652B0FBF2F0F7
:103D54004FF47A72B2FBF0F21C4901320B6F23F478
:103D64007C7343EA02130B6702240425F020FFF757
:103D740090FE1D48FFF736FB002000F0FDFD1B4BB5
:103D84001C801B4B1D80FCF73BFA21462846FFF79D
:103D940073FB012200201146FCF73CFAFEF77CFF7E
:103DA40021460620FFF768FBFFF79EFE012808D195
:103DB4000C4A136B23F001031363BDE83840FEF78C
:103DC4002BBFBDE83840FCF79DBB00BF00A00C50E2
:103DD40000E204000C65002000B00C5000B000406C
:103DE4001084002000000C5000882A112294002026
:103DF4002094002008B500F001F9BDE80840012036
:103E040000F063BA704701460122002000F03CBA7A
:103E140000210122084608B500F036FABDE8084042
:103E240001220021104600F02FBA4FF4FA7008B5B1
:103E340000F0A2FD00F0A0F8BDE808400122114600
:103E4400104600F021BA08B500F079F8BDE8084042
:103E540001220A20114600F017BA012200210A208B
:103E640000F012BA014601220A2000F00DBA10B582
:103E74000123044610220921022000F005FF01233A
:103E840010220A21032000F0FFFE012310220B213F
:103E9400042000F0F9FE012310220C21052000F07B
:103EA400F3FE012310220D21092000F0EDFE012371
:103EB40010220E210A2000F0E7FE012310220F2118
:103EC4000B2000F0E1FE1022012311460C2000F02B
:103ED400DBFE012300221946082000F0D5FE012351
:103EE40000220321062000F0CFFE022C4FF0010334
:103EF40010D0042C21D0102206210D2000F0C4FE85
:103F04000121084601F004F8BDE810400121072012
:103F140000F0FEBF10220421184600F0B5FE012374
:103F2400102205210D2000F0AFFE2146BDE810400F
:103F340001230022072000F0A7BE0022DCE710B511
:103F4400012300225B21172000F09EFE01230022A2
:103F54005C21182000F098FE012330224FF49C715C
:103F6400222000F091FEBDE810400123302240F2EF
:103F74003911192000F088BE08B50022012352210E
:103F84000E2000F081FE0123002253210F2000F0B7
:103F94007BFE0123002240F25511102000F074FE34
:103FA400012300224FF4A771112000F06DFE0123BC
:103FB400002240F24F11122000F066FE012300227D
:103FC4004FF4A871132000F05FFE0123002240F299
:103FD4005111142000F058FE012300224FF4A9715E
:103FE400152000F051FE0123002240F25311162047
:103FF40000F04AFEBDE80840FFF7A1BF10B5A04B92
:104004005B6813F4E06FC3F302245BD101232246FF
:104014000321022000F038FE0123224619460A201B
:1040240000F032FE012310220921082000F02CFEAA
:10403400012310220A21032000F026FE0123224638
:104044000C210B2000F020FEFFF74EFD012803D1C8
:104054009F218C4801F0D8FC0123002219211E2045
:1040640000F012FE012300221B211A2000F00CFE96
:104074000123102221211D2000F006FE012310221D
:1040840022211B2000F000FE0123302223211C20CA
:1040940000F0FAFD0123302224211F2000F0F4FD5A
:1040A4000123302240F22111212000F0EDFD0123F3
:1040B40030224FF49071202000F0E6FDBDE810405E
:1040C400FFF75ABF012C40D12346002203210520CB
:1040D40000F0DAFD2346002221460A2000F0D4FD38
:1040E4002346102209210C2000F0CEFD2346102285
:1040F4000A21032000F0C8FD234630220B2120466C
:1041040000F0C2FD234630220C21092000F0BCFD42
:104114002146022000F0FCFE2146042000F0F8FEB7
:104124002146062000F0F4FE2146072000F0F0FEB0
:104134002146082000F0ECFE21460B2000F0E8FEAA
:1041440001210D2000F0E4FE86E7023C042C00F27D
:104154008D80DFE804F046443E0342000123002240
:1041640019460A2000F090FD0123002203210920B2
:1041740000F08AFD012310220921062000F084FDAD
:10418400012310220A21082000F07EFD01233022A1
:104194000B21072000F078FD012330220C210B2095
:1041A40000F072FD0121084600F0B2FE0121022058
:1041B40000F0AEFE0121032000F0AAFE012104203C
:1041C40000F0A6FE0121052000F0A2FE01210C2032
:1041D400B4E70220FFF74BFE3EE70420FAE7012094
:1041E400F8E7012310220921022000F04DFD0123EC
:1041F40010220A21032000F047FD012310220B2185
:10420400042000F041FD012310220C21052000F0C0
:104214003BFD012310220D21062000F035FD012372
:1042240010220E21072000F02FFD012310220F2160
:10423400082000F029FD102201231146092000F076
:1042440023FD0123102206210A2000F01DFD012375
:10425400002219460B2000F017FD03210123002240
:104264000C2000F011FD0121084667E70024013409
:104274000121204600F04CFE0D2CF8D1ECE600BFE5
:1042840000B00050526500207FB50B4B0B4C054627
:10429400002A18BF1C4601230E46CDE90103002362
:1042A400204601A9039300F02FF82046F2B2A9B2E8
:1042B40000F02EF904B070BD00000A500000084060
:1042C40001220B201146FFF7DFBF08B5FFF7F8FF07
:1042D40008BD000008B50A4B984214BF4023602370
:1042E4008B4206D901F01F034909138000EBC1106A
:1042F40008BD044840F27E3101F086FB0020F7E758
:1043040000000A509A65002037B50C46054618B9D6
:10431400DC21484801F078FB6368012B14D9112B88
:1043240012D0454A23F4001191420DD002F58012B7
:10433400934209D023F4801302F50012934203D070
:10434400DD213C4801F060FBA368022B03D9DE2188
:10435400384801F059FB284621880DF10602FFF781
:10436400B9FF034690B101226168BDF80600012936
:1043740002FA00F20CD1596A11435962996D114342
:104384009965DA64DA65DA639A645A6103B030BD18
:1043940011290CD1596A11435962996D11439965D8
:1043A400DA64DA65DA601A639A635A64EEE759B933
:1043B400596A11435962996D11439965DA64DA6552
:1043C400DA639A649A61E1E79A6161681A4CA142DE
:1043D40011D1D96A1143D9629A639A6401221749A7
:1043E40082408D420BBF196A596D0A430A430CBFC0
:1043F4001A625A65CAE7124CA14204D1D96A114320
:10440400D962DA6306E00F4CA14205D1D96A11439F
:10441400D9629A635A64E1E70B4CA14203D1196B48
:1044240011431963D8E7094CA142D7D1196B114341
:104434001963E6E79A6500200000111000000A5095
:104444000000211000003110000041100000511044
:1044540037B50D46044620B940F251110E4801F01B
:10446400D3FA20460DF10602A9B2FFF733FF80B15B
:104474000123BDF8061082698B401A438261426AA7
:104484001A434262826D1A438265C364C365C3637F
:10449400836403B030BD00BF9A65002037B50D4674
:1044A400044620B94FF4BE71184801F0ADFA29460C
:1044B40020460DF10602FFF70DFFE0B10123BDF820
:1044C400062041689340D140CC0716D4816AD1407C
:1044D400C90712D4416B01EA030433EA01010CD188
:1044E400016C8C4309D10369D340DB4303F001031E
:1044F400181E18BF012003B030BD016921FA02F271
:10450400D2074CBF426802681340F1E79A65002065
:1045140073B50E461446054620B94FF4D9711B48AD
:1045240001F072FA012C04D940F2B311174801F0DA
:104534006BFA314628460DF10602FFF7CBFED0B1E7
:104544000123BDF8061042688B40CA40D50718D431
:10455400826ACA40D20714D4416B01EA030233EAE7
:1045640001010ED1056C05EA0201AA4309D124B95F
:1045740043690B43436102B070BD83690B4383619C
:10458400F9E70CB18360F6E7C360F4E79A650020AD
:10459400F7B50DF1060206460F46FFF79BFE0446EB
:1045A40028B31C4BBDF806509E4222D0C36DEB408D
:1045B400D8071CD5236DEB40D90704D440F22D2134
:1045C400154801F021FA0123AB40E3653946304632
:1045D40001F0C2F93946304600F01CF9002806DB28
:1045E400012308300D4A834043F00043936203B033
:1045F400F0BDC36CEB40DA07F9D5C369EB40DB07C8
:1046040004D44FF40E71044801F0FEF90123AB40C9
:10461400E364DBE700000A509A65002000000C50B8
:104624000C4B70B59842044610D00B4B98420FD0F7
:104634004FF41B71094801F0E7F90025A9B220469F
:104644000135FFF7A5FFAE42F8D270BD4E26F4E760
:104654002426F2E700000A50000008409A65002072
:1046640037B50D46044620B94FF426712F4801F0A2
:10467400CBF90DF1060229462046FFF72BFE024630
:1046840000284ED04368BDF80610CB40DD070CD49B
:10469400836ACB40DC0708D40123406B8B4033EAA8
:1046A400000002D1106C834335D01369CB4013F062
:1046B40001001ED1D369CB4013F0010019D0936AD5
:1046C400CB4013F0010F536B23FA01F313D0D80737
:1046D40003D5136CCB40DB071FD4536BCB40DD07F2
:1046E4001DD4136C1248CB4013F0010F08BF4FF0D8
:1046F400FF3003B030BDDC0703D5136CCB40D807C3
:104704000FD4536BCB40DB070ED4136C0948CB405A
:1047140013F0010FEAE71120EBE70748E9E7074840
:10472400E7E74FF0FF30E4E70548E2E79A65002049
:104734000000211000005110000031100000111081
:104744000000411073B50DF106020646FFF7C2FDE5
:10475400044640B3154BBDF806509E4212D0C36DBB
:10476400EB40D8070BD5236DEB40D90704D440F2B6
:1047740051310F4801F048F90123AB40E3650020B3
:1047840002B070BDC36CEB40DA07F8D5C369EB40E7
:10479400DB0704D440F25B31054801F035F901230D
:1047A400AB40E364EBE70120EAE700BF00000A50F6
:1047B4009A650020022838B524D1134CE620E36A18
:1047C40043F00103E36200F0D7F8E36A9A06FCD5EC
:1047D4001E2000F0D1F8E36A9B06FCD5EFF31085A8
:1047E400012383F31088094C2378132B03D9D12197
:1047F400074801F009F923780133237085F3108801
:10480400002038BD0120FCE700000C50108400207B
:10481400CD650020064B984206D1A1F1180083B261
:10482400142B01D840B270474FF0FF30704700BFDF
:1048340000000A500346084631B1142B03D818333C
:1048440002480B8070470020704700BF00000A50E8
:10485400B9B1142815D80F280CD910380A4BC0B296
:104864001A68072300EB400083401340C3400B70D9
:1048740000207047072885BF0838044B044BC0B29A
:10488400EEE70120704700BF0C000C5008000C50EC
:1048940004000C50044B1A6942F002021A611A69AE
:1048A400002AFCDA704700BF00000C50024A13696A
:1048B40023F002031361704700000C50054B5B6B3F
:1048C400834238BF03F1FF33181A88422CBF0320F8
:1048D4000020704700000C50094BDA6A92060CD590
:1048E400084900204A6842F000424A605A6842F08F
:1048F40000425A6001225A6370470120704700BF8A
:1049040000000C500000044010B5FFF7B5F9FFF7A4
:10491400EBF8012828D0FFF715F8044618B1C22196
:10492400134801F071F801F03FF8FFF79CF8FFF726
:10493400DBF8012801D001F02FF8FFF7D5F8013892
:1049440018BF012001F02CF8032001F00DF800201D
:1049540000F0F2FF50B9074AD36823F00103D36093
:1049640000F0EEFF204610BD0024DCE70124F9E747
:10497400517A051200B00050034670B5B8B142F246
:1049840010754FF0E026AB4284BFA3F51C5442F2ED
:104994001073326998BF0024184688BF103CD307AF
:1049A40008D400F00BF82346002CECD101E000F011
:1049B40005F870BD00F048F8F5E7000013B5019064
:1049C400019B1C4C4BB323683BB3019BB3F1807F29
:1049D40004D94FF4CD71184801F016F8019B33B394
:1049E400164A136813F001030DD11548D0F8FC10D2
:1049F40041F08071C0F8FC105360136843F4003335
:104A040043F001031360019B22680C495343486837
:104A14004A68121A9A42FBD309E00020FEF706FD09
:104A2400084BB0FBF3F0019B2060002BCDD102B00A
:104A340010BD00BFACA40020517A0512001000E0A4
:104A440000ED00E040420F0037B501904FF0E02048
:104A54004FF47A724469019B6343B3FBF2F301930D
:104A64000023816982698A42FCD025BFA51A5B199B
:104A74005B185B18019938BF9B1A994201D803B09F
:104A840030BD1146EEE707B50190019B13B903B0A1
:104A94005DF804FB4FF47A70FFF76EFF019B013B56
:104AA4000193F2E78B10A3F14802F0B5D6B2042EBD
:104AB40049D8022E10D8254D0E2405EB820540F26C
:104AC400B222A1EB86039BB2A3F59073032B3AD8D1
:104AD400DFE803F0091A27201D4D9B003D2440F216
:104AE40021321D44EDE70E2C4FF0080620D14FF47F
:104AF4007C512F68031BB3407B400B4010447B4028
:104B0400001B2B6080B2F0BD0E2C4FF0000612D1BA
:104B14003F21EEE70E2C4FF010060ED14FF47C111E
:104B2400E7E70E2C4FF018060AD14FF07C51E0E76E
:104B34004FF4E061DDE70721DBE74FF4E021D8E73C
:104B44004FF0E061D5E70020DDE700BF58B000502A
:104B54000CEF0040002A31D02F2816DD3A282DDC36
:104B64000123174A2A388340106F11F0200F14BF15
:104B7400184398431067124A11F0100FD16E14BFF6
:104B84000B4321EA0303D36670472638032815D85C
:104B94000C4B11F0200F53F8202014BF42F01002E8
:104BA40022F0100243F8202053F82020C9064CBFFD
:104BB40042F0080222F0080243F82020704700BFA8
:104BC40000B00C505CB00C5038B14FF0A042936868
:104BD400064843F00403936070474FF080425368E3
:104BE400034843F008035360704700BF003000508F
:104BF400003000403A2870B5CDBF00260126054696
:104C0400A0F13C0504463046FFF7DEFF4EB9402CC8
:104C140007DD094A52F8243061F30E3342F8243098
:104C240070BD05F18043013B50F8232022F00F02B0
:104C3400114340F82310F3E758AF0C503B28C8BF8A
:104C44003C38430152B1064A0020134433F8102083
:104C54008A4202D001301028F8D17047014AF3E7A4
:104C6400D87A0020387A00203B28C8BF3C3800019D
:104C740008441AB1024B33F810007047014BFAE7AD
:104C8400D87A0020387A00202DE9F84315460446E6
:104C940018B94FF0FF30BDE8F8833A28CDBF00279C
:104CA40001270646A0F13C063846FFF78DFF8046F3
:104CB400002F00F0FE80A1F590739BB20B2B2ED831
:104CC4002046FFF7EFFE01463A462046FFF7B6FFBF
:104CD4000F288146DDDC3A4629462046FFF73AFF95
:104CE400002F40F0EF80402C40F3EC807F4AE80630
:104CF40052F824304FEA093923F4E04323F018032F
:104D040048BF43F00803A90648BF43F0100309F461
:104D1400E04949EA030342F824300020BBE7A1F547
:104D24009C739BB2072B26D84A109C3AA1EB4201F4
:104D340089B2B1F59C7F19D040F23913994240F001
:104D4400BF804FF0080E4FF47C5C6949A4F10E0358
:104D540051F8220003FA0EF3434003EA0C034340E4
:104D640041F8223004F5297189B2ADE74FF0000E05
:104D74004FF03F0CE9E7A1F5EC739AB2092A36D853
:104D84000522B3FBF2F3C3EB8332C3EB82020A4482
:104D940092B2A2F5EC7188B2032814D84FF03F0EFA
:104DA4005448C90050F823C0A4F10E028A4082EA94
:104DB4000C020EFA01F10A4082EA0C0240F82320A8
:104DC40004F25521D0E7B2F5EE7F79D13F214A486C
:104DD400DA00D0F86CC0A4F10E03934083EA0C030C
:104DE40001FA02F2134083EA0C03C366E8E76FF4A6
:104DF400017901EB090293B2052B27D80323B2FBF7
:104E0400F3F26FF4017EC2EB823302EB83030B44B3
:104E14009BB203EB0E0C1FFA8CFCBCF1020F4FD8B3
:104E2400DB00A3F581533549A4F10E0E083B0EFABD
:104E340003F3DFF8D8E051F822005EF82CC04340B9
:104E440003EA0C03434041F82230B9E76FF4F87CDD
:104E540001EB0C039AB2092A3FF636AFB1F5FC7F99
:104E640016D2590813F0010F254B4FF03F00254A85
:104E740018BF1A46C9008840D2F800C0A4F10E0336
:104E84008B4083EA0C03034083EA0C03136097E727
:104E940007D040F2F913994207D100213F201A4A62
:104EA400EAE710214FF47C10F9E708214FF47C5015
:104EB400F5E7A1F596739BB2072B3FF605AFFFE626
:104EC400002101E706F18046013E58F8263005F03E
:104ED400300509F00F0945EA090523F03F031D4396
:104EE40045F0400548F8265017E700BF58AF0C506E
:104EF40048B0005064B0005000B0005070B0005092
:104F04007CB0005078B0005080B000502C7A002063
:104F14003A2838B5044625DD402816DC0025A0F1E2
:104F24003C012846FFF750FE01F18043013B50F855
:104F340023102A4621F05F0141F00F0140F82310AD
:104F440000212046FFF706FE0AE0084A52F8203006
:104F540023F4E04323F00E0343F4E04342F820300B
:104F6400002038BD01460125DBE700BF58AF0C50D7
:104F74003A2870B50D4611460ADC4FF0A0429368FA
:104F840043F00403936080BB4FF0FF36304670BD9E
:104F94004FF08042536843F008035360B0F13C0380
:104FA400F2D040282EDD1E4B53F82020C2F3C0035C
:104FB400D4064FEA0313C2F3023648BF43F020037A
:104FC40012F0040205D0002243F04003402B22D00B
:104FD4001BD823B1302B08BF052318BFFF230B7048
:104FE4003146FFF741FE2880D0E7034601220D4CED
:104FF40003F18043013B54F8233003F00F0603F020
:105004007003E3E70022084CF2E7502B05D0702B25
:1050140008BF0223E1E70123E1E70323DFE700BF41
:1050240058AF0C5000300050003000403F000000EA
:10503400003F000000003F000000000000000000EE
:10504400000000000000000000000000000000005C
:105054000000000000000000B20021030103000072
:10506400000000003B024B02370200000000000079
:105074000000000000000000B3002203020300004F
:10508400000000003C024B02380200000000000057
:105094000000000000000000B4002303030300002C
:1050A400000000003D024B023A0200000000000034
:1050B4000000000000000000B50024030403000009
:1050C400000000003E024B02390200000000000014
:1050D40000000000000000000000000000000000CC
:1050E40000000000000000000000000000000000BC
:1050F4000000000000000000F200040000000000B6
:1051040000000B0000000000000000000000000090
:105114000000000000000000F3000900000000008F
:105124000000030000000000000000000000000078
:105134000000000000000000F4000A00000000006D
:1051440000000A0000000000000000000000000051
:105154000000000000000000F5000B00000000004B
:1051640000000B0000000000000000000000000030
:105174000000000000000000F6000C000000000029
:105184000000030000000000000000000000000018
:105194000000000000000000F700030000000D0004
:1051A40009000000000000000000000000000000F2
:1051B4000000000000000000F800020000000E00E3
:1051C4000B000000000000000000000000000000D0
:1051D4000000000000000000F900010000000F00C2
:1051E4000A000900000000000000000000000000A8
:1051F4000000000000000000FA000D000000100094
:1052040003000C000000000000000000000000008B
:105214000000000000000000FB000E00000006007B
:105224000100010000000000000000000000000078
:105234000000000000000000FC000F00000001005E
:105244000C000C0000000000000000000000000042
:105254000000000000000000FD001000000003003A
:105264000000090000000000000000000000000031
:105274000000000000000000FE0005000600000021
:10528400000000000000000000000000000000001A
:105294000000000000000000520054010000000063
:1052A400B202630200006A01000000000000000076
:1052B4000000000000000000530000000000000097
:1052C400B3026402000000000000000000000000BF
:1052D4000000000000000000540055010000C60159
:1052E400B40265029A016B0100003B020000270230
:1052F400000000000000000055004E010000C8013D
:10530400B502660299015F0100003C020000280218
:10531400000000000000000056004F010000C7011B
:10532400B602670297015E0100003D0200002902F7
:105334000000000000000000570050010000C401FC
:10534400B70268029501680100003E0200002A02CB
:105354000000000000000000580051010000C501D9
:10536400B80269029401690100003F0200002B02A7
:105374000000000000000000590052010000D401A8
:10538400B9026A02920160010000400200002C028E
:1053940000000000000000005A0053010000D50185
:1053A400BA026B0291016101000041023A0200005D
:1053B40000000000000000005B000000000000008E
:1053C400BB026C020000000000004202390200002F
:1053D40000000000000000005C000000000000006D
:1053E400BC026D020000000000000000000000008C
:1053F40000000000000000005D000000000000004C
:10540400BD026E02000000000000D3013702210239
:1054140000000000000000005E001B00B701000057
:10542400BE026F02000000000000000038022202E9
:1054340000000000000000005F002200B80100002E
:10544400BF02700200000000000000000000230200
:10545400000000000000000060002300B201000012
:10546400C0027102000000000000000000002402DD
:10547400000000000000000061002100B4010000F1
:10548400C1027202000000000000000000002502BA
:10549400000000000000000062001900B5010000D7
:1054A400C202730200000000000000000000260297
:1054B400000000000000000063002400B6010000AA
:1054C400C30274020000000000000000000000009D
:1054D4000000000000000000640000001A02000048
:1054E400C40275020000000000000000000000007B
:1054F4000000000000000000650000001902000028
:10550400C502760200000000000000000000000058
:105514000000000000000000660000000000000021
:10552400C60277020000000000004B0200000000E9
:105534000000000000000000670000000000000000
:10554400C702780200000000000000000000000014
:105554000000000000000000680000000000D4010A
:10556400C8027902000000000000000000000000F2
:105574000000000000000000690000000000D501E8
:10558400C9027A02000000000000000000000000D0
:1055940000000000000000006A0000004901C6018C
:1055A400CA027B02000000000000000000000000AE
:1055B40000000000000000006B0000004801C8016A
:1055C400CB027C020000000000000000000000008C
:1055D40000000000000000006C000000000000005B
:1055E400CC027D020000000000000000000000006A
:1055F40000000000000000006D000000000000003A
:10560400CD027E0200000000000000000000000047
:1056140000000000000000006E0000004601C70109
:10562400CE027F0200000000000000000000000025
:1056340000000000000000006F0000004701C401EA
:10564400CF02800200000000000000000000000003
:105654000000000000000000700000000000C50110
:10566400D0028102000000000000000000000000E1
:1056740000000000000000007100000000000000B5
:10568400D10282020000000000004302000000007A
:105694000000000000000000720000000000000094
:1056A400D20283020000000000000000000000009D
:1056B4000000000000000000730000000000000073
:1056C400D30284020000000000000000000000007B
:1056D4000000000000000000740000000000000052
:1056E400D402850200000000000000000000000059
:1056F4000000000000000000750000000000000031
:10570400D502860200000000000000000000000036
:10571400000000000000000076000000000000000F
:10572400D602870200000000000000000000000014
:105734000000000000000000770000004D010000A0
:10574400D702880200006201000044020000000049
:105754000000000000000000780000004C01000080
:10576400D8028902000000000000000000000000D0
:105774000000000000000000790000004A01000061
:10578400D9028A02900163010000450200002F0241
:1057940000000000000000007A0000004B0100003F
:1057A400DA028B028F01640100004602000030021D
:1057B40000000000000000007B000000000000006A
:1057C400DB028C02930165010000470200003102F4
:1057D40000000000000000007C0000000000000049
:1057E400DC028D02960166010000480200003202CC
:1057F40000000000000000007D0000000000000028
:10580400DD028E02980167010000490200003302A4
:1058140000000000000000007E0000000000000006
:10582400DE028F020000000000004A020000340281
:105834000000000000000000032AF0B504D803466D
:105844001A44934227D1F0BD8307F8D14FF00133B6
:10585400CCB25C43154603460F2D03F1100311D857
:1058640002F00F031E4622F00F05054403EB050C5E
:10587400032EACEB06070BD803F00C032B4402F009
:105884000302DDE743E9044443E90244103DE3E74E
:105894003C60043EECE703F8011BD2E7830730B514
:1058A40046D08418844604E003F8011B9D0704D005
:1058B4009C46A4456346F7D130BD013A0244A2EBAD
:1058C4000C02032A29D9CCB20F2A04EB042404EBDA
:1058D40004442FD9A2F1100C03F110052CF00F0C85
:1058E400AC44C3E90044C3E9024410336345F8D12E
:1058F40012F00C0F02F00F0E18D02EF0030CAEF1C4
:1059040004051A469C4442F8044B6245FBD125F039
:10591400030404330EF003022344002ACCD0C9B29A
:105924001A4403F8011B9342FBD130BD7246F4E7DD
:105934000346C6E79646E0E75FF800F01DE9031268
:105944005FF800F011AD02125FF800F045F70312A2
:105954005FF800F09D2804125FF800F0955B0312D5
:105964005FF800F0C92303125FF800F0C1A202122D
:105974005FF800F03D1F03125FF800F05524031296
:105984005FF800F0392A04125FF800F0DD240312F6
:105994005FF800F08DF403125FF800F04D25031258
:1059A4005FF800F08D8F02125FF800F0598F021239
:1059B4005FF800F0114803125FF800F01D25031290
:1059C4005FF800F0E92303125FF800F039240312B2
:1059D4005FF800F0CDF503125FF800F0910D0412AA
:1059E4005FF800F04D1F03125FF800F02D2A041237
:1059F4005FF800F0F7EA03125FF800F0892403125D
:105A04005FF800F021EE03125FF800F095E903124D
:105A18000348044B834202D0034B03B11847704735
:105A280024A0002024A0002000000000064B074905
:105A3800C91A891048BF0131491003D0044B0BB172
:105A480001481847704700BF24A0002024A0002068
:105A58000000000010B5064C237843B9FFF7D8FFC3
:105A6800044B13B10448AFF300800123237010BD29
:105A780028A000200000000080A1061208B5054BF0
:105A88001BB105490548AFF30080BDE80840FFF7A2
:105A9800CDBF00BF000000002CA0002080A106128E
:105AA80007B52C2918BF0902009308BF05491346FA
:105AB80018BF41F0007104220BF0B0FA03B05DF892
:105AC80004FB00BF002C003230B50025044685B029
:105AD8006A460123FE218DF80050FFF7E1FF2B46AF
:105AE8002A4638212046FFF7DBFF05B030BD30B528
:105AF8000025044685B06A460123FE218DF8005032
:105B0800FFF7CEFF2B462A4639212046FFF7C8FF6C
:105B180005B030BD642307B5C1EB0121B1FBF3F13A
:105B28000DF107028DF8071001235121FFF7B8FF87
:105B380003B05DF804FB002328211A46FFF7B0BF25
:105B4800002329211A46FFF7ABBF0000052937B506
:105B5800044613D008290FD1F7220423094D3A210E
:105B680020468DF804202B7201AA0123FFF798FF25
:105B78002046297A0AF096FF03B030BDD5220223C9
:105B8800ECE700BF18A400207FB50446BDF82050FC
:105B9800BDF824600093CDE9015613460A4600215A
:105BA8000BF042F804222046024904B0BDE87040D8
:105BB8000BF06ABB002C00322DE9FF4107460E4668
:105BC8001D461446BDF8288076BACDF800800AF044
:105BD80099FF6DBA384603AA04232A21ADF80C6050
:105BE800ADF80E5064BAFFF75BFF98FA98F80423F3
:105BF8002B21384603AAADF80C40ADF80E80FFF70C
:105C08004FFF04B0BDE8F08137B504461D46009249
:105C18000B46FFF7D1FF02232A462C21204603B06A
:105C2800BDE83040FFF73CBF0023F0B5104E85B00B
:105C3800039333780546033B092B0C46174602D8D5
:105C48000C490AF03AFF210203AB042228460097C8
:105C580041F040710BF01CF93378033B092B03D852
:105C6800284671680AF029FF039805B0F0BD00BF07
:105C780018A4002080841E0010B503220421FFF719
:105C8800D3FF0446014608481AF0B6FF074B9C426A
:105C980008D107481AF0B0FF06481AF0ADFF0648C9
:105CA8001AF0AAFF204610BD5078051200113300E3
:105CB8006678051272780512689D05127FB504464C
:105CC80050225849584827F099FF50225649201D1C
:105CD80027F094FF20460AF0C7FE012043F044FF56
:105CE8000A201CF013F8002043F03EFF0A201CF0A5
:105CF8000DF8012043F038FF32201CF007F8204649
:105D0800FFF7BAFF494B984240F08A8020260123CA
:105D18006A46FE2120468DF80060FFF7C1FE5A232F
:105D28006A46F42120468DF800300123FFF7B8FEBB
:105D38005923A5256A46F52120468DF80030012310
:105D4800FFF7AEFE01236A46FE2120468DF800606B
:105D5800FFF7A6FE01236A46F42120468DF800507D
:105D6800FFF79EFE8DF80050002501236A46F521B5
:105D78002046FFF795FE01236A46FE2120468DF84E
:105D88000050FFF78DFE80236A46C42120468DF817
:105D980000300123FFF784FE55236A463A21204646
:105DA8008DF800300123FFF77BFE01236A46352179
:105DB80020468DF80050FFF773FE01236A465321F1
:105DC80020468DF80060FFF76BFEFF236A466321CB
:105DD80020468DF800300123FFF762FE144B6A4617
:105DE8002A21204600930423FFF75AFE114B6A46E6
:105DF8002B21204600930423FFF752FE2B462A4608
:105E080011212046FFF74CFE78201BF07FFF20462B
:105E18002B462A462921FFF743FE46201BF076FF32
:105E280004B070BD44CA051218A400200011330044
:105E380000000185000001C12DE9F3410E4614461A
:105E4800054626481AF0D8FE2246314624481AF05C
:105E5800D3FE24481AF0D0FE33462246314628465F
:105E68000094FFF7A9FE04222E212846FFF7DCFE46
:105E780005461A481AF0C0FE29461B481AF0BCFE0F
:105E880018481AF0B9FE2E0A14482C0CEFB21AF072
:105E9800B3FE3B461548F2B2E1B21AF0ADFE114826
:105EA8001AF0AAFE124B1B7A022B08D0042B12D030
:105EB80040F29F120F4910481AF066FF07E0E0020F
:105EC800760180B206F4FC66304340EAD7084046C3
:105ED80002B0BDE8F08125F07F48F8E76678051242
:105EE8008D780512689D0512A6780512B4780512FA
:105EF80018A40020F3C905125AAC051238B50024BD
:105F0800084D094B2246AB60084B214608482B61D7
:105F18006C6119F0DDFAE860284617F08BFC204622
:105F280038BD00BF70A400207D60021224940020B8
:105F3800C7780512002300B58BB0ADF80E300DF10F
:105F48000703059301238DF807003820ADF81030BA
:105F5800ADF81E30094BADF80800ADF818000992ED
:105F6800ADF820100222186802A922F067FE023854
:105F780018BF4FF0FF300BB05DF804FB88A4002079
:105F88002DE9F043044685B0012017F082FC0E226B
:105F98000021684643F0A0FE6A460E210120FFF763
:105FA800C9FF013026D09DF8010000F00F0002283B
:105FB80020D898B99DF802209DF80330120202F407
:105FC80070621A449DF804309DF805101B0203F412
:105FD80070630B44012122802171638000276B4686
:105FE800BC46DFF88CE09EF80050604506DC0FB137
:105FF8008EF80050042005B0BDE8F0839E78DA786A
:10600800310201F4706111441A7993F80580120283
:1060180002F47062012D424408D12F4625710025F3
:10602800218062800CF1010C0633DEE74FEA9618F6
:10603800C6F3801976060AD42180012102266280DF
:10604800094A26711170094A82F80090EAE7B8F106
:10605800010FE7D1218000216280034A84F804807F
:106068001170024A1170DDE76AA4002069A40020BB
:1060780068A400201FB50D4818F06CFF037D0C4C78
:10608800082B20600FD140F2035118F0D7FF094ABE
:1060980001AB07CA83E807001946206822F0ACFD67
:1060A800012004B010BD00202060FAE7CE78051268
:1060B80088A40020C4CA051208B5002017F0E9FB1F
:1060C800064BD86819F03AFB38B1BDE8084040F2F1
:1060D8000D12034903481AF057BE08BD70A40020EA
:1060E800AECA0512D378051210B40D4C0D4A2178AA
:1060F80001290ED113780133DBB2012B13700CD9AF
:106108000020094B2070107019705DF8044BFFF7E0
:10611800D3BF00231370044A13705DF8044B704713
:106128006AA4002069A4002068A4002010B5094CC6
:10613800206808B11CF0BEF8206818B11CF002F8FD
:1061480000232360002017F0A4FB17F09FFB00201A
:1061580010BD00BF6CA4002030B5002085B043F00E
:1061680037FD05201BF0D7FD012043F031FD5020FD
:106178001BF0D1FD00230121A32003AAADF80C30A8
:10618800FFF7D8FE50B921481AF036FD20489DF88F
:106198000C101AF031FD1F481AF02EFD01219F2026
:1061A8000DF10D02FFF7C6FE50B918481AF024FD8C
:1061B80019489DF80D101AF01FFD16481AF01CFD1D
:1061C800002216490120164C17F050FB012017F049
:1061D80060FB256895B9642018F01EFE0622034668
:1061E800009210492A4610481BF072FF206028B917
:1061F80040F22D120D490E481AF0C6FD206808B16C
:106208001BF0D8FF002005B030BD00BFE1780512B3
:10621800F1780512689D051200790512C160021215
:106228006CA40020F16002120F79051294CA0512BD
:106238001C79051202280B4610B505D00D481AF036
:10624800DBFC4FF0FF3010BD58680A22002125F012
:1062580069FA0446014608481AF0CEFC631E032B6F
:1062680003D8064B1C600020EDE705481AF0C4FC73
:10627800F9E700BF367905124A79051230940020F3
:106288006779051270477047B0F1C04F70B536D3C3
:10629800B1F5804F21D900231A49C1F88430BFF3E2
:1062A8004F8F43F6E074D1F88030C3F3C900C3F3CD
:1062B8004E335B01024603EA040646EA8275013A58
:1062C800C1F86052F9D2203B13F1200FF2D1BFF38D
:1062D8004F8FBFF36F8F012070BD81B100F01F0396
:1062E8000B44BFF34F8F07490344C1F85C022030C9
:1062F8001A1A002AF9DCBFF34F8FBFF36F8F002003
:10630800EAE700BF00ED00E000236C4970B5C1F872
:106318008430BFF34F8F43F6E074D1F88030C3F375
:10632800C900C3F34E335B01024603EA040646EA9A
:106338008275013AC1F86052F9D2203B13F1200F5F
:10634800F2D1BFF34F8FBFF36F8FBFF34F8FBFF300
:106358006F8F0022C1F85022BFF34F8FBFF36F8FAA
:10636800BFF35F8F4B6A23F480334B62D1F89430CC
:1063780023F00103C1F89430BFF34F8FBFF36F8F41
:10638800114610464D4BC3F8982001320C2AC3F829
:10639800A000F8D1D3F8C020494822F0FF0242F00B
:1063A8002202C3F8C020D3F8C02022F47F4242F46E
:1063B8008842C3F8C020D3F8C02022F47F02C3F873
:1063C800C020D3F8C02022F07F4242F0EE42C3F84A
:1063D800C020D3F8C42022F0FF0242F03302C3F8F1
:1063E800C420C3F898104FF6E1720721C3F89C1037
:1063F800C3F8A0200122C3F8982002F10112C3F8C3
:106408009C20304AC3F8A0200222C3F898202E4AC4
:10641800C3F89C202D4AC3F8A0200322C3F8982073
:10642800C3F89C002A48C3F8A0000420C3F89800C9
:106438002848C3F89C002848C3F8A0000520C3F8E2
:1064480098002648C3F89C002548C3F8A0000620F9
:10645800C3F898002348C3F89C002348C3F8A00059
:10646800C3F898102149C3F89C1001F5432101F69F
:10647800E171C3F8A0100821C3F898101C49C3F8AB
:106488009C1001F57F2101F6DF71C3F8A0100921E6
:10649800C3F898101749C3F89C101749C3F8A010FF
:1064A800BFF35F8FC3F894205A6A42F480325A626D
:1064B800BFF34F8FBFF36F8F70BD00BF00ED00E0DB
:1064C80002000020E3FF020006000010E1FFFF1FAA
:1064D800E3FF272003000040E5FFFF5F02000060A4
:1064E800E9FFFF6102C03F20E3FF4F2002C0BF2049
:1064F8000200802006000062E3FFFF6F70B5204BAA
:106508005A6912F4003211D1BFF34F8FBFF36F8F66
:10651800C3F85022BFF34F8FBFF36F8F5A6942F40D
:1065280000325A61BFF34F8FBFF36F8F144A53691C
:1065380013F4803323D1C2F88430BFF34F8F43F66E
:10654800E074D2F88030C3F3C900C3F34E335B0163
:10655800014603EA040646EA81750139C2F8605229
:10656800F9D2203B13F1200FF2D1BFF34F8F5369BB
:1065780043F480335361BFF34F8FBFF36F8F70BD08
:1065880000ED00E07047000008B5104A104B9A6013
:10659800D3F8882042F03F02C3F88820D3F8882037
:1065A80042F47002C3F88820FFF76DFEFFF7ACFED7
:1065B800084B1B68DB0701D4FFF764FEFFF79EFF5B
:1065C800FFF7E0FF044B054A1A6008BD00000212FD
:1065D80000ED00E000B000503494002040787D01C8
:1065E80030B502460024104B1D781846954202D15A
:1065F8009D888D4217D00134092C03F10603F3D18D
:106608000A4B5B68DBB2062B0CD90624084B1D78B5
:106618001846954202D19D888D4204D0013C03F171
:106628000603F4D1002030BD1ACB051200B000508B
:10663800F6CA051238B50446084619461546FFF746
:10664800CFFF38B1438882882946E01827F0D6FA68
:10665800002038BD0120FCE738B5054608461988F2
:106668001446FFF7BDFF38B1418882882944204687
:1066780027F0C4FA002038BD0120FCE7034B5B6813
:10668800DBB2062B8CBFCC204020704700B00050F6
:1066980008B5F82209490A4827F0B0FA0BF07CFE41
:1066A8004FF400520021074843F016FB4FF4FF5205
:1066B8000549044827F0A2FA08BD00BF30EB0512CF
:1066C800007F40200060402050CB051210B50E4AD4
:1066D80086B00E4C03AB07CA83E8070004F10C032D
:1066E80084E80700184642F6F4720021019343F04B
:1066F800F3FA41F224020649019827F07FFA06B01E
:10670800BDE810400BF048BE1CFD051200504020AB
:1067180028EC0512044B054A5B680548DBB2062BDA
:1067280088BF1046704700BF00B000504CFC0512EF
:10673800007F40200023F0B500F18044490804F5AB
:106748000224971C37F8236032F82350013305EBF5
:10675800064544F8045BDDB2A942F3D80139C9B251
:10676800043000EB810080B2F0BD2DE9F0414FF01C
:10677800000E9DF81C809C46DDE908633244002524
:1067880013E031F815400788A7428BBF3F1BE41B75
:10679800BCB2A4B20DB1A64506D9A6461CF8057030
:1067A8003770069F7F5D1F700135ECB2A045E8D8B1
:1067B8000136964203F1010300F10200DFD1BDE882
:1067C800F081000010B50E4C042043F055FA6369BF
:1067D8000A2023F004036361636923F00203636101
:1067E800636943F002036361636943F0040363610F
:1067F80043F042FA6369DB07FCD5A069000C10BDC1
:106808000028084010B5354B354C1A68002042F076
:1068180010021A605A68462142F080625A60D3F822
:10682800FC206FF30902C3F8FC20A26D22F48072E9
:10683800A265226E42F480622266E26822F4004277
:10684800E260D3F8EC2022F02002C3F8EC20D3F861
:10685800EC2042F02002C3F8EC2043F6FC72636F90
:1068680013436367A36F1343A367636F1D4A23F042
:1068780080436367C4F88C00FFF75CFFD4F88C3062
:10688800043003EB0043C4F88C303621164AFFF776
:1068980051FF04303021154AC4F89000FFF74AFF31
:1068A800D4F89030043003EB0043C4F890304E2104
:1068B8000F4AFFF73FFF043060210E4AC4F89400E6
:1068C800FFF738FFD4F89430043003EB00435A2123
:1068D800094AC4F89430FFF72DFF10BD0040084066
:1068E8000028084050000612E4FF051284FF051234
:1068F800E8FE051228FE051274FD05122DE9F04F79
:106908002DED028BBFB00590782024F0E9FD0490AE
:10691800782024F0E5FD83464FF4F07024F0E0FD84
:1069280008904FF49E7024F0DBFD0690A02024F020
:10693800D7FD0B90A02024F0D3FD0C904FF49E704F
:1069480024F0CEFD09904FF49E7024F0C9FD079005
:10695800A02024F0C5FD0D90A02024F0C1FD0E90CC
:106968004FF49E7024F0BCFDAF4C0A90636F002674
:1069780023F003036367A36F4FF0FF3A23F0030389
:10698800A367E368B14643F0006343F00303E360A1
:1069980023694FF0010843F4E023236163688025ED
:1069A80023F0FF036360636843F031036360236887
:1069B80043F4805343F001032360636843F40023E6
:1069C80043F480736360236A43F480432362974BE4
:1069D800D3F8182122F07C62C3F81821D3F81821C3
:1069E80042F0E072C3F81821A26822F4FE42A260C5
:1069F800A26842F48042A260626922F47362626112
:106A0800626942F4E15242F008026261626842F44B
:106A180000226260A2696FF30F02A261A26942F4C8
:106A2800F052A261D3F81C216FF30A02C3F81C21AB
:106A3800D3F81C2142F01002C3F81C21A26822F0EE
:106A4800FF02A260A26842F08002A260D3F8182177
:106A580022F07E62C3F81821D3F8182142F0E072C0
:106A6800C3F81821236843F001032360636943F0E6
:106A780080036361636923F080036361636923F0C2
:106A880002036361636943F002036361E36843F0EF
:106A98004403E360E36943F40023E361A36823F458
:106AA800FE43A360A36843F48043A360CDE9116A61
:106AB80010960F96A368042023F4FE43A360A368EE
:106AC800402743F48043A36043F0D6F8012163686C
:106AD80043F4807363606068400118D56068820180
:106AE80000F19080402343FA01F03B1ADFB2159180
:106AF800A06820F4FE40A060A06840EA0720A060DB
:106B0800012043F0B9F8159901310729E3D16168EB
:106B180021F480716160FFF755FE802148F2484CEE
:106B280041FA08F16045C9B275D9A0F5044A29446B
:106B3800CDE91075AAF1480ACDB20F90636908F142
:106B4800010823F004036361A368B8F1090F23F077
:106B5800FF03A360A36843EA0503A360AAD1129BBD
:106B68005345049B28BFDDE910691E704FF00006ED
:106B7800089B34BFBDF85070BDF83C708BF800908E
:106B88001F80A36823F0FF03A360A3681D43A560CB
:106B9800636923F004036361049B9BF800801D78FC
:106BA8004FF00009CA464A46A368771C23F0FF0342
:106BB800A360A368FEB258FA87F7FFB23B43A3600D
:106BC800636843F480736360236A43F480432362F9
:106BD8000F92A368042023F4FE43A360A36843EA4A
:106BE8000523A36043F048F86368580137D5636804
:106BF8000F9A13F0007354D1D5B1013D4FF000093D
:106C0800EDB219E0606883017FF571AF402343FA64
:106C180001F03B186AE7ACEB0003691AA9463E4647
:106C28001293CDB2149089E700280840004008402C
:106C380009F101095FFA89F942B1139A93420EBF2B
:106C48004FF0000A0AF1010A5FFA8AFABAF1040F52
:106C58004FF00102139302D0B9F1020FB8D1636863
:106C680023F480736360A36823F4FE43A360A368DE
:106C780043EA0523A360FFF7A5FD47F21063984296
:106C880081461BD9772E04D940F669110A4817F0B6
:106C98007DFE049B0BF806709D55089B23F8169003
:106CA8007EE73E2D01D80135A8E709F101093F2506
:106CB8005FFA89F9C0E700BF7E7905126368282268
:106CC80023F4002363600E9B089903930C9BB3483D
:106CD800CDE90163CDF800B0049BFFF746FD0D9B9D
:106CE800282203930B9BAE48CDE90163CDF800B091
:106CF800049BFFF73AFD0A9B4F220393099BA9487F
:106D0800CDE90163CDF800B0049BFFF72EFD079B8A
:106D18004F220393069BA448CDE90163CDF800B048
:106D2800049BFFF722FD6368A04D43F400236360D2
:106D3800A36916AF6FF30F03A361A369B7EE008AC7
:106D480043F48743A361D5F81C316FF30A03C5F8F0
:106D58001C31D5F81C3143F01003C5F81C31069BD3
:106D6800DA7C079BDB7C43EA0223A360D5F8183161
:106D780023F07E63C5F81831D5F81831C5F81831F5
:106D8800FFF720FD6369064623F004036361D5F825
:106D9800183123F07C63C5F81831D5F8183143F061
:106DA8007C63C5F81831FFF70DFD6369801B23F07C
:106DB8000403636163683A4623F4002363604FF475
:106DC800D823B3FBF0F307EE903A0025F8EEE76A14
:106DD8009FED776A744931F8023BB0EE487AA3F523
:106DE800F443493B03EB430307EE903AF8EEE77AA6
:106DF800A7EEC67A66EE877AFCEEE77A17EE903A47
:106E08000135EDB2282D22F8023BE4D16368674EC4
:106E180043F400236360A3696FF30F03A361A369BD
:106E280043F48743A361D6F81C316FF30A03C6F80D
:106E38001C31D6F81C3143F01003C6F81C31069BF0
:106E480093F83B20079B93F83B3043EA0223A36067
:106E5800D6F8183123F07E63C6F81831D6F8183101
:106E6800C6F81831FFF7AEFC6369804623F00403C7
:106E78006361D6F8183123F07C63C6F81831D6F868
:106E8800183143F07C63C6F81831FFF79BFC63693F
:106E9800A0EB080023F0040363614FF4D823B3FB8D
:106EA800F0F307EE903A9FED436AF8EEE76A3E4941
:106EB80016AA31F81530B0EE487AA3F50043893B9D
:106EC80003EB430307EE903AF8EEE77AA7EEC67AAB
:106ED80066EE877AFCEEE77A17EE903A22F81530DC
:106EE80001354F2DE5D1E36923F40023E361002345
:106EF800C4F89830059AC4F89820059A02F18041A0
:106F080001F502210B9A0D98D25CC05C00EB0220BF
:106F18000E9AD25C02EB00420C98C05C013302EB83
:106F28000022282B41F8042BECD1059AD4F898308C
:106F3800A03203EB0243C4F89830059B1E49099A16
:106F480019440023551C0A9A501C15F8132010F8F0
:106F5800136006EB02260A9A12F8132002EB064287
:106F6800099E16F81360013302EB0622282B41F81C
:106F7800042BEAD10022059BC4F89C2003F5A073DA
:106F8800C4F89C30069B0D4A591E079B581E059B4A
:106F98001A44069B03F14E0512E000BF06030612D1
:106FA800B60206127A010612DC00061200400840FA
:106FB8007F512D370B802A37A020084040210840F8
:106FC80037F8023B11F8016F1B0403EB062310F896
:106FD800016F8D42334442F8043BF1D1059B1420E4
:106FE80003F51F75636B23F4F0136363636B43F45A
:106FF800E0136363236943F480732361A36B43F451
:107008007E33A363636B43F483036363D4F88830EC
:1070180043F44073C4F8883042F02EFE636B0220BC
:1070280023F40073636342F027FE636B022043F48A
:107038000073636342F020FED4F8883023F0010324
:10704800C4F88830D4F8883043F00103C4F8883095
:10705800D4F888309907FBD5636B23F4F84363634E
:10706800D4F88820D4F88830C2F3C302C3F380036D
:10707800616B9B0343EA82230B436363D4F8883034
:1070880023F00103C4F88830636B23F4810363633E
:10709800D4F8883023F40073C4F88830236923F4C3
:1070A80080732361E36823F0006323F04303E36004
:1070B800636F43F003036367A36F43F00303A3679E
:1070C800236A23F480432362636823F40023636004
:1070D8008B4BD3F81C2142F00102C3F81C21D3F8D2
:1070E800182142F40012C3F81821236823F0010381
:1070F8002360636B43F001036363A36B43F4806312
:10710800A363636943F002036361236E43F48063FE
:107118002366236823F480532360636923F4805330
:107128006361A36C43F40053A364A36D43F020038D
:10713800A365E36843F08803E360236E43F44013D8
:1071480043F404732366E36C43F0006343F0C00325
:10715800E364E36C23F48053E364A36D43F0C0035A
:10716800A365E36F43F00C03E367E36F23F00203C7
:10717800E367E36F43F00103E367D4F88030DA078D
:10718800FBD5636DD4F880201B0A22F4FE42C4F8B4
:107198008020D4F8802003F4FE431343C4F88030E1
:1071A800636DD4F880209B0D22F0FE02C4F8802085
:1071B800D4F8802003F0FE031343C4F88030E36C56
:1071C800142623F0006323F0C003E364E36C43F464
:1071D8008053E364A36D23F0C003A365236E23F4F7
:1071E800401323F404732366E36F43F00203E36759
:1071F800E36F23F00103E367E36823F08003E360B0
:10720800A36C43F40053A364A36D43F4004343F019
:107218002003A365A36D23F48043A365D4F88430C9
:1072280023F07073C4F88430A36D43F48033A365EE
:10723800A36D23F48073A365A36D43F48073A365E2
:10724800D4F8843043F40013C4F88430D4F884307C
:10725800DB0201D4002E4CD1D4F88430A26D5B0C33
:1072680022F47852A265A26D03F47853134343F4D1
:107278008043A365D4F8843023F40013C4F8843021
:10728800A36D23F4803323F02003A365A36C23F4B8
:107298000053A364236923F4C0232361636943F083
:1072A80080036361049824F023F9584624F020F9F8
:1072B800089824F01DF9069824F01AF90B9824F080
:1072C80017F90C9824F014F9099824F011F9079883
:1072D80024F00EF90D9824F00BF90E9824F008F913
:1072E8000A9824F005F928463FB0BDEC028BBDE8AA
:1072F800F08F0120013E42F0BFFCF6B2A6E700BFC6
:10730800004008402DE9F04FBDB00D90962024F0C4
:10731800E7F80590962024F0E3F806904FF41670ED
:1073280024F0DEF807904FF49E7024F0D9F8089006
:107338004FF49E7024F0D4F8AF4D0990D5F8EC3096
:10734800AE4A23F40063C5F8EC30D5F8EC30AC4C09
:1073580043F00C03C5F8EC30536F642043F4C003CA
:10736800536742F089FC636F002623F003036367C9
:1073780023694FF0FF3943F4E02323616368B34680
:1073880023F4FD4323F07F03636063684FF0010A31
:1073980043F4A84343F0750363602368B04623F4BD
:1073A800706323602368324643F4206323602368B4
:1073B800402143F400532360636843F4002343F4FB
:1073C80080736360236A43F480432362636923F014
:1073D80038036361636943F4805343F010036361C6
:1073E800636843F400236360A3696FF30F03A36129
:1073F800A36943F43453A361D5F81C316FF34A03EE
:10740800C5F81C31D5F81C3143F01003C5F81C3100
:10741800D5F81C3123F00103C5F81C31636A8025B7
:1074280023F0FF036362636A43F080036362636966
:1074380043F080036361636923F0800363616369D8
:1074480023F002036361636943F002036361E36845
:1074580043F4C003E360E36943F40023E361636A30
:1074680023F4FE436362636A43F4804363623346F2
:10747800CDF82890606A402720F4FE406062606A78
:1074880040F480406062606840F480706060012071
:10749800D4F804C01CF4800F19D0D4F804C01CF42C
:1074A800001F40F0958041FA00FCA7EB0C07FFB2E3
:1074B800D4F824C001302CF4FE4CC4F824C0D4F80D
:1074C80024C007284CEA072CC4F824C0E0D1CDE931
:1074D8000E23606820F480706060FFF773F98023E2
:1074E80048F2863E43FA0AFC70454FF04001DDE958
:1074F8000E235FFA8CFC75D980462B463A46A0F5D8
:107508000349A9F18609AC4460695FFA8CF520F05B
:1075180004006061606A0AF1010A20F0FF006062FD
:10752800606ABAF1090F40EA05006062A2D10A99BF
:10753800494524BF16469B46059B38BFBDF8308099
:107548001E70069B28BF1FFA88F883F800B0079BB7
:10755800A3F800804FF00008636A23F0FF0363621A
:10756800636A1D436562636923F004036361069BD4
:107578001F78059B1D78636A08F1010623F0FF0355
:107588006362636A5FFA86F857FA86F6F6B233439F
:107598006362636843F480736360236A43F48043DF
:1075A8002362002319461846626A22F4FE42626288
:1075B800626A42EA052262626268520232D56268F1
:1075C80012F4001253D1EDB1013D0023EDB21BE0DE
:1075D800D4F804C01CF4001F3FF46AAF41FA00FC61
:1075E800674464E7AEEB00060A96AB463E46A5EB59
:1075F8000C0C0C9088E700BF0040084000000940D0
:10760800002808400133DBB228B10B9882420EBF34
:1076180000210131C9B204294FF001000B9201D0B9
:10762800022BC1D1636823F480736360636A23F417
:10763800FE436362636A43EA05236362FFF7C2F8A5
:1076480047F24273984281461CD9B8F1950F04D984
:1076580040F6F9410A4817F099F9059B03F80850D4
:10766800069B03F80860079B23F8189083E73E2DD4
:1076780001D80135A9E701333F25DBB2C4E700BFD4
:107688007E79051263684F2223F4002363606369DF
:10769800BD4823F004036361099B07990393089B82
:1076A800CDE90183069B0093059BFFF75EF82368ED
:1076B80023F400532360236923F48033236123696F
:1076C80023F400332361236923F480232361D4F84E
:1076D8009C309BB2C4F89C30D4F89C300D9A03EBD4
:1076E8000243C4F89C30089B03F1FF38099B4246CB
:1076F800013B0C930D9B0C9803F1804707F502277B
:107708003946089B4E330E9312F8015F10F8013F7B
:1077180003EB052303F1817303F5803343F0C04382
:1077280041F8043B0E9B9342EED1984D32206B6F8B
:10773800DFF868B223F400136B6742F09DFA6B6FB1
:10774800934A23F480036B67236A022023F480435F
:107758002362D2F81C314FF0000943F00103C2F84C
:107768001C31236943F4C023236142F085FA23685E
:10777800884943F400532360236923F48033236149
:10778800E36943F40023E361636943F4805363616D
:10779800A36A43F40063A362236943F001032361EE
:1077A800A36A43F00203A362A36A43F00803A36237
:1077B800636A23F0F8736362636A43F080736362F9
:1077C800DBF800300F93DBF838301093DBF83C30EF
:1077D8001193D1F8882014AB42F00102C1F8882037
:1077E800DBF8002042F4002242F08402CBF80020AB
:1077F800DBF8382022F4F012CBF83820DBF83820F8
:1078080042F46022CBF83820634ACBF83C20DBF8FE
:10781800042042F00102CBF80420DBF8082022F013
:107828000102CBF808200B9328AB1E46DDF82CA0EC
:107838000A936A6F282022F07E526A676A6F42EACA
:10784800090242F0804242F4C0026A6742F014FA28
:10785800002211460AF8012B1391606A20F4E020F7
:107868006062606A129240EA02406062282042F038
:1078780003FADBF8380040F00200CBF83800DDE905
:107888001221DBF844004007FBD5DBF82400DBF8C5
:107898004430C0F30B00884243F00103CBF8443076
:1078A80088BF0AF8012C02F1010288BF0146082AA4
:1078B800D2D1102112923170616A21F4E021616203
:1078C800616A1AF8010C41EA00416162616A21F0BB
:1078D800F8716162616A307841EA005161626169F8
:1078E800282041F080016161616921F080016161B6
:1078F80042F0C2F90521129AA36A3078DB074CBF1F
:10790800801A8018C0B25208139130701292606ABF
:1079180020F0F8706062606A96F800C040EA0C5087
:107928006062042042F0A8F91399129A013911F003
:10793800FF01E1D16A6F322022F400126A6709F56B
:10794800000942F099F9B9F11E5F06F101067FF4CA
:1079580070AFE3680E4E23F4800323F00303E36063
:10796800636F142043F001036367636F43F00203FE
:107978006367236923F4C02323F001032361236889
:1079880023F4005323600BE018020612000009409C
:107998000040084000B00050EF0000FC00700850A4
:1079A800236923F480332361636823F4807363605D
:1079B800636823F400236360236A23F4804323620B
:1079C800A36A23F40063A362D6F81C3143F00103D1
:1079D800C6F81C31636923F4815323F010036361F3
:1079E800636943F0A8036361E36923F40023E36157
:1079F8006B6F23F400136B6742F03EF96B6F23F053
:107A0800804323F480036B67D6F8EC3023F00C0333
:107A1800C6F8EC30A36A23F00803A3620F9A234B3D
:107A28001A60109A9A63119ADA63214A0B9B0A9991
:107A380013F8010B0C9D0B9311F8013B18F8014F3B
:107A48000A9115F8011F01EB042112F8014B01EB13
:107A58000041600801EB035100F00203C4F3400445
:107A68009B0400F01C0043EAC43341F0C04143EAE0
:107A7800C0530B4347F8043B0E9B0C954345D5D1A7
:107A8800059823F035FD069823F032FD079823F07A
:107A98002FFD089823F02CFD099823F029FD0D9B54
:107AA80003F59E703DB0BDE8F08F00BF0070085030
:107AB800399400202DE9F04190B084466C46364B4D
:107AC80003F12005224618685968083303C2AB42FF
:107AD8001446F7D1314B08AC03F12005224618684B
:107AE8005968083303C2AB421446F7D14FF4007209
:107AF8002B4BC3F898201A689200FCD50024002567
:107B08005A68264642F000525A602F4600232549FB
:107B1800DFF894E010A800EB4300634451F8042B0D
:107B2800DBB230F9408C102B30F9200CC2F309027B
:107B380008BF00237145C2FB8867C2FB8045E9D1B5
:107B4800002F30463B4604DA40F2FF13F01847F1A5
:107B58000003400A002D40EAC3504FEA63212A4639
:107B6800234604DA40F2FF12A31845F1000200FB95
:107B780001F4A0FB00015B0A43EAC25352125A43C4
:107B880001EB4401A3FB0334C01804EB420241EBB0
:107B9800020110B0BDE8F081560306127603061202
:107BA80000100040008040200088402000207047DE
:107BB800F0B587B007460E46154603F0A5F804460B
:107BC800A0B914224FF4807001A903F0F7F82046F9
:107BD8009DF81330C3F340129B093A7033709DF837
:107BE800143003F003032B7007B0F0BD0120FBE74E
:107BF800F0B587B007460D46164603F085F80446EB
:107C0800C0B901A914224FF4807003F0D7F82046B8
:107C18009DF81410C1F380033B70C1F3C3033360B4
:107C28009DF815305B0003F00E0343EAD1132B6077
:107C380007B0F0BD0120FBE7002070472DE9F04FA9
:107C4800ADF5017D4FF49E720190039131A800219A
:107C580042F042F80022714905AB086849680DF105
:107C6800110403C36E490DF11205086849680DF146
:107C7800130603C38DF8102020468DF811203146D5
:107C88002A46FFF795FF9DF81130664C8BB1636E5D
:107C98009DF8122023F4404343EA823363669DF83B
:107CA8001330012B40F0A9805F4B07931F238DF8F9
:107CB80020304FF080464FF0FF3273695B4D11461C
:107CC80003F03F030220029341F0CEFFD5F8EC30D9
:107CD800574A43F01C03C5F8EC30564B2820596F1F
:107CE80028AF0A4042F0534242F400425A67D3F8A0
:107CF800B020514942F48072C3F8B020D3F8B020C4
:107D080022F0FC02C3F8B020D5F82C2142F48012EE
:107D1800C5F82C212A6822F010022A60E26922F4B0
:107D2800F04242F40052E261226A22F4675222F0E1
:107D38003F022262226A42F4855242F00C02226219
:107D4800226C22F478722264226C42F4CF7242F0E0
:107D580001022264E26C22F03E0242F01802E26460
:107D6800D4F8A42042F00402C4F8A420226D22F41E
:107D780070722265E26842F08802E260D5F82C2130
:107D880042F48012C5F82C212A6842F088022A6041
:107D98002A4AC2F89C102A49C2F8A0104FF4286158
:107DA800C2F89410D2F8941041F4804141F00301D4
:107DB800C2F894105A6F42F4C0025A6741F05CFF4F
:107DC800336943F001033361736923F03F0343F0E0
:107DD8000203736100261FAB0093039B3341DA074C
:107DE80040F19781B3B29A1E042A12D8DFE812F044
:107DF80045032A002B0335033B03032B7FF459AFBC
:107E080004238DF81D3040F60C03ADF81E301823FE
:107E18004DE760224FF6FF731AE000BFBD790512E7
:107E2800C6790512002808400607100C00400840D3
:107E3800FF3F7F000000094000000C400010004098
:107E4800008040207022236C23F0600323641023F9
:107E580005A9705C0DF11C0CD4F8AC1016F80CC018
:107E680021F4784141EACC21C4F8AC10C5F834219A
:107E7800D4F8A8204FF4FC6822F0704242EA00725D
:107E8800C4F8A8204FF6FF724FF0FF396FF0004A90
:107E980093421FBFE26C22F03E0242EA4303E364CE
:107EA800AB6CC54A6FF3090343F04003AB64D36A74
:107EB80043F46063D362D4F8A83003F07043C4F885
:107EC800A830D4F8A83043F08063C4F8A830D4F8B8
:107ED800AC3003F0F823C4F8AC30B84BD4F8AC207D
:107EE800C8F30A0B1A4042EA0B42C4F8AC2001203E
:107EF800FFF7E0FD484571EB0A02B8BF009A08F1A8
:107F080001081FFA88F8BEBF81468A46C2F800B049
:107F1800B8F5026FA94BE1D14FF4FC684FF0FF3977
:107F28006FF0004A009AD4F8AC3012686FF31A4325
:107F380043EA0243C4F8AC30A14BD4F8AC20C8F3F0
:107F48000A0B1A4042EA0B02C4F8AC200120FFF7E2
:107F5800B1FD08F10108484571EB0A021FFA88F8DB
:107F6800BEBF81468A46C7F800B0B8F5026F944B89
:107F7800E3D14FF4FC684FF0FF396FF0004AD4F8B2
:107F8800AC303A686FF30A031343C4F8AC308B4B38
:107F9800D4F8AC20C8F30A0B1A4042EA0B42C4F8E2
:107FA800AC200120FFF786FD484571EB0A02B8BFF7
:107FB800009A08F101081FFA88F8BEBF81468A4670
:107FC800C2F800B0B8F5026F7C4BE1D14FF4FC6801
:107FD8004FF0FF396FF0004A009AD4F8AC301268BD
:107FE8006FF31A4343EA0243C4F8AC30744BD4F835
:107FF800AC20C8F30A0B1A4042EA0B02C4F8AC20C2
:108008000120FFF757FD08F10108484571EB0A0206
:108018001FFA88F8BEBF81468A46C7F800B0B8F58F
:10802800026F674BE3D14FF440584FF0FF396FF0C0
:10803800004AD4F8AC303A686FF30A0313435E4A37
:10804800C4F8AC30D36A23F4606343F40063D362AA
:10805800AB6C6FF3090343F08003AB64D4F8A8302A
:108068006FF39B3343F08063C4F8A830554BD4F8C2
:10807800A810C8F30D0B194041EA0B010220C4F8FF
:10808800A810FFF717FD484571EB0A0C0DAA08F177
:108098001008BEBF81468A4642F826B0B8F5A04F00
:1080A800484BE4D14FF47C684FF0FF396FF0004A39
:1080B800D4F8A8300DAA52F826206FF30D03134305
:1080C800C4F8A830404B0DF1580BD4F8A820022072
:1080D8001A4042EA8832C4F8A820FFF7EBFC48456A
:1080E80071EB0A02B8BF4BF8268008F10108BCBF43
:1080F80081468A46B8F5825F334BE6D1D4F8A8307A
:1081080016AA52F826206FF39B3343EA8233C4F849
:10811800A830009B01360433072E07F104070093AB
:108128007FF45BAE30226368284923F4FD4323F0D3
:108138007F0363606368264843F4A84343F07503EC
:108148006360236804AD23F4706343F42063236001
:10815800D4F8AC3023F47843C4F8AC30D4F8AC305D
:1081680043F46053C4F8AC301A4BC3F83421D4F844
:10817800A8304C2223F0704343F0E043C4F8A83001
:10818800E36C23F03E03E364236C23F06003236471
:10819800E36B23F4F023E36325F030FDFFF74CFD98
:1081A80020B128467FAA31A9FFF722FD2D78002D9E
:1081B80000F07E8110E000BF00A00C50FFFF00F827
:1081C80000F8FFFF00C0FFFFFF3F00F028FD051289
:1081D8006841084000400840272731AE354626212F
:1081E800319B589AA2EB030C07FB03C3B3FBF7F0D0
:1081F80007FB103E0139BEF1130F88BF013089B269
:108208006860634404350029F0D1272026257F9F24
:1082180059A9A7EB020C00FB02C2B2FBF0F300FB6A
:10822800132EBEF1130F88BF01330B606B1E9DB276
:1082380062440431002DF0D1636A0A2023F07043B0
:1082480043EA0773636241F017FD0E272B466FF070
:108258004D0C8B490878002B00F0C18107FB03F215
:1082680092FBFCF20244CA5401334F2BF3D105B1FF
:1082780008705E27D4F89C3082481B0C03F18041BB
:108288007F4D814A01F50221184415F8018B56F8F3
:10829800049BB8F15E0F84BF4FF05E0805F8017CBF
:1082A8000B684FEA580C1340C8F3400843EA0973B7
:1082B8000CF0020E43EAC8330CF01C0C43EA8E4360
:1082C80043EACC5341F8043B8842DED163686F4AE5
:1082D80023F0FF03636063686D4D43F0310363600F
:1082E800D2F894306B4E23F00103C2F89430D5F8DD
:1082F8002C31142023F48013C5F82C31736F0DF141
:10830800580823F0C0237367736F1FAF23F400135B
:10831800736741F0B1FC736F142023F48003736713
:1083280041F0AAFC4FF04432D5F8EC305A4943F4F6
:108338000063C5F8EC30D5F8EC3007A823F00C033F
:10834800C5F8EC30D6F8B0300DF1340E23F4807354
:10835800C6F8B030514B0DF1A00CC5F8043103F14B
:108368006843C5F80C314E4BC5F81021C5F81431D7
:10837800C5F82421C5F828310022AB6C6FF3090336
:1083880043F04003AB64236D43F420732365D4F8B2
:10839800A43023F00403C4F8A430E36823F088036E
:1083A800E360D5F82C3123F48013C5F82C312B6801
:1083B80023F008032B60019B05ADC4F8A030019B96
:1083C80019445FFA82F9042A84BF09F1FF395FFA78
:1083D80089F915F801AB5EF8293058F8296043EAA5
:1083E8000A7343EA863341F8043C10F8013B5CF811
:1083F8002960DB0243EA0A73334357F829600132E4
:1084080043EA0643082A41F8083BDAD1642041F0E0
:1084180033FCD4F894202349234B94B213FA82F303
:1084280011FA82F2214943F8041B9A42FBD14FF01A
:10843800FF320298114641F017FC04F128000DF5AF
:10844800017DBDE8F08FE36B502223F4F023E36352
:10845800236C23F060032364F9E4E36C302223F0F7
:108468003E03E364D6E4226C22F478722264226C20
:1084780042F0800222641822EAE460220423E7E43E
:10848800399400203C210840FF7FF701001000408C
:108498000040084000000940042008405555558018
:1084A80044505050A82008408020084001500150F6
:1084B80031AE30224C4BC3F8342103F540435A6F98
:1084C80022F07E525A675A6F002D7BD15A67D4F832
:1084D8009C301B0C002D7CD103F1804303F5022353
:1084E8001B684FF01E084FF4806B63626369282095
:1084F80043F080036361636909AF23F0800363611C
:1085080041F0BAFBD4F8A830102203F07043C4F845
:10851800A830D4F8A830002143F08063C4F8A8300C
:10852800D4F8AC30384603F0F823C4F8AC3041F046
:10853800D3FB2E484FF0000E0F21F246636A23F05A
:10854800704343EA01736362C0F898B003689B0004
:10855800FCD5002294464368DFF8A09043F000530E
:10856800436059F8043BC3F309039B181A46204B90
:108578004CF1000C9945F4D196457AEB0C03B8BF41
:10858800316001F1FF31BCBF9646E2460229D5D1E0
:108598003268B8F10108BB5C03F10103BB54C9D1CF
:1085A8000F2333603268F95CBA5C914288BF33604C
:1085B800013B022BF6D10135032D06F19C067FF411
:1085C80078AF09E6012D0CBF42F09C5242F01C52D4
:1085D8007CE7012D0CBF074A074A9B5881E7012316
:1085E8005E201D463AE600BF0040084000100040EB
:1085F800009040209C2008403821084000804020FE
:1086080073B5214B6C46B3F84420186C93F8463088
:10861800ADF804208DF80630009016F080F9054674
:1086280016F07BF9064616F07CF986421BDB16F03D
:1086380074F90623E256AA4218DD013BFAD2002358
:10864800002214F9011B814212DA0132072AF8D1FB
:10865800002200200124014693420BDD0B4B88B910
:10866800187002B070BD16F05CF9E2E75BB2E7E79C
:10867800D2B2EEE704FA03F0014301330120C9B294
:108688005BB2E9E71970ECE756030612389400204C
:1086980010B5D24AD24C536B23F006035363536B85
:1086A80023F001035363936B23F478439363936B31
:1086B80023F480639363536B43F002035363536B58
:1086C80043F001035363936B43F400639363936B29
:1086D8009363936C6FF39D339364936C43F00853E7
:1086E80043F408139364D36C23F4C043D364D36C6A
:1086F80043F4C043D364536D6FF30F035365536D55
:1087080043F42A4343F0AA035365D36D23F09863D7
:10871800D365D36D43F09863D365B24B196841F0C4
:1087280010011960596841F080615960D3F8FC0064
:10873800AD490840C3F8FC00106E40F48060106634
:10874800D06820F40040D0604FF04430D3F8EC20DB
:1087580022F02002C3F8EC20D3F8EC2042F02002EB
:10876800C3F8EC20A14AC3F8042102F16842C3F817
:108778000C219F4AC3F81001C3F81421C3F824013F
:10878800C3F828219A6C9B480A409A649A6CA1F510
:10879800FE316FF393229A649A6C42F4003242F0ED
:1087A800A6029A64D3F838210A40C3F83821D3F8CE
:1087B8003C210A40C3F83C21D3F8382142F4D53291
:1087C80042F0E102C3F83821D3F83C2142F4C03228
:1087D800C3F83C215A6D02F000425A65596D864A29
:1087E8000A435A651A6F02F000421A67196F834AE2
:1087F8000A431A67D3F8902042F00102C3F8902088
:1088080043F224525A641A6D6FF30D021A651A6DF9
:1088180042F4A0621A65D3F8F42002F07842C3F853
:10882800F420D3F8F42042F4F732C3F8F420D3F854
:10883800F42042F0FD02C3F8F420D3F8F42042F00B
:108848002172C3F8F420D3F8F82002F07842C3F874
:10885800F820D3F8F8106A4A0A430021C3F8F82030
:108868009A686FF39B329A609A6842F040629A6005
:108878001A6A19621A6A42F480421A62DA6AD9627A
:10888800DA6AA1F5801142F48042DA621A6C22F0A9
:1088980080021A641A6C42F080021A64D3F8D82055
:1088A80022F08062C3F8D820D3F8D82042F0806242
:1088B800C3F8D820D3F8E0200A40C3F8E020D3F862
:1088C800E02042F4803242F48072C3F8E020D3F80A
:1088D800E4200A40C3F8E420D3F8E420494942F4EC
:1088E800803242F4A072C3F8E420D3F890206FF3EA
:1088F8004A02C3F89020D3F8902042F05002C3F8FF
:108908009020D3F8E82022F0F002C3F8E820D3F84A
:10891800E82042F08002C3F8E820D3F8E82022F0EB
:108928000F02C3F8E820D3F8E82042F00402C3F8A5
:10893800E820D3F8E82022F47042C3F8E820D3F8FE
:10894800E82042F40042C3F8E820D3F8E82022F4F3
:108958007062C3F8E820D3F8E82042F48062C3F8D4
:10896800E8201A6842F080621A60D3F8B4210A40FD
:10897800C3F8B421D3F8B42142F00802C3F8B421F3
:10898800D3F8B4212240C3F8B421D3F8B42142F477
:108998008062C3F8B421D3F8B4210240C3F8B421EB
:1089A800D3F8B42142F0F86242F48022C3F8B4212B
:1089B800D3F8B8210A40C3F8B821D3F8B82142F453
:1089C800EF7242F00102C3F8B821D3F8B82122406F
:1089D800C3F8B821D3F8B82116E000BF0028084032
:1089E800FF01FCFF0040084000FCFFFF5555558083
:1089F80044505050FFFF03F86889000B20410005E0
:108A0800FFFEB90200FEFFFF42F46E3242F400722C
:108A1800C3F8B821D3F8B8210240C3F8B821D3F875
:108A2800B82142F0FF62C3F8B821D3F8BC210A404C
:108A3800C3F8BC21D3F8BC2142F04302C3F8BC21DF
:108A4800D3F8BC212240C3F8BC21D3F8BC2142F49E
:108A58009B32C3F8BC21D3F8BC2102404FF48000FC
:108A6800C3F8BC21D3F8BC2142F06572C3F8BC211D
:108A7800D3F8C0210A40C3F8C021D3F8C021A1F51A
:108A8800FC4142F0FF02C3F8C021D8615A6A0A408B
:108A98005A625A6A42F040025A6298621A6B0A4055
:108AA8001A631A6B42F040021A6310BD37B5FFF71C
:108AB8007DF808B9FFF7A4FD1C4C41F0C5F8E36B3D
:108AC80023F40063E363FDF79DFEFDF717FFFEF750
:108AD80019FC4FF080431A6922F001021A611A69E1
:108AE80042F001021A61124B1978FFF7A7F8FFF755
:108AF800CFFD104B2367FFF759F8054615F011FF16
:108B0800040415F00CFF44EA0564054615F005FF5A
:108B1800042240EA040343EA05230DEB0201062080
:108B2800019308F033FF03B030BD00BF00280840B0
:108B3800389400200000022670B5044602200D4635
:108B480040F0E2FF654AD2F8EC3023F40063C2F843
:108B5800EC30002C40F0998002F54042D2F8B03059
:108B6800002D43F48073C2F8B03009DD042D61DDB7
:108B78000A2D61DD0D2D61DD102DCCBF05240424E7
:108B8800574B56491A570A2A5ADCD1F8EC30EDB23D
:108B980023F00C03C1F8EC30524B0A2D5A6B22F02B
:108BA80006025A635A6B22F001025A639A6B22F446
:108BB80078429A639A6B22F480629A635A6B42F005
:108BC80004025A635A6B5A639A6B42F478429A6366
:108BD8009A6B42F480629A6379D8434B595DFF29B6
:108BE80075D0424BD3F8B02022F0FC02C3F8B02075
:108BF800D3F8B02042EA8102C3F8B0200024EFF392
:108C08001086012383F31088394D2B7823B940F25D
:108C18004D11384815F0BAFE2B78013BDBB22B70AA
:108C280023B9354AD36A23F00103D36286F3108847
:108C3800204670BD0124A3E70224A1E703249FE78F
:108C48002A4B0C2AD3F8B00040F48050C3F8B00087
:108C5800D1F8EC0040F00C00C1F8EC0039DD102A26
:108C68000FD0132A0FD00D2A35D10421D3F8B02004
:108C780022F46062C3F8B020D3F8B02042EA41225F
:108C8800BAE70621F2E70721F0E7012CB6D1174B26
:108C9800002DD3F8B02042F48052C3F8B02012DD82
:108CA800032D05DD062D10DD0B2DB4BF0324042490
:108CB800D3F8B02022F46062C3F8B020D3F8B02013
:108CC80042EA442298E70024F2E70224F0E70C2461
:108CD80095E7032493E7022491E700BF004008408A
:108CE800A8030612002808409D0306120000094048
:108CF80010840020CF79051200000C50704770478F
:108D080070B5254BFF225D680A238AB0012600242E
:108D1800CDE901234FF40043324669462046ADF8B9
:108D280002308DF800608DF8014008F02FFE042213
:108D38000DEB0201104608F029FE042202A90320C7
:108D480008F024FE022205200DEB020108F01EFEA9
:108D5800EDB2324607200DEB060108F017FE062D8E
:108D680018D914220D4B21460DEB0200039340F055
:108D7800B3FF4FF4886304939DF80030042203A9DD
:108D88000E208DF81D3008F001FE18220B2004A9D2
:108D980008F0FCFD0AB070BD00B0005000FE0720CE
:108DA800FFF7AEBF38B5022040F0AEFE002040F01D
:108DB800CFFEFFF7F5FF022040F096FE2A4CA042B6
:108DC8000DD905220121022040F04EFF022040F07B
:108DD8008BFEA04203D9AF21244815F0D7FD244CBF
:108DE8006368DBB2062B01D8FFF789FF4FF001500B
:108DF80008F060FE6368DBB2062B2AD8FDF748FC52
:108E08001C4B1B780BB9FFF751FEFFF777FF4FF4A8
:108E1800A0420021184840F05FFF40F07DFEEFF3CC
:108E28001085012383F31088144C23781BB9BB21C8
:108E38000E4815F0ABFD2378013BDBB2237023B954
:108E48000F4AD36A23F00103D36285F31088002008
:108E580038BD4FF4A06200214FF0015040F03CFFB4
:108E6800FDF734FCCCE700BF00366E01117A05121D
:108E780000B000508CA40020008040201084002006
:108E880000000C5008B5002040F062FE002008BD2C
:108E98007047000010B5104B1C691A6EDA695A6ADF
:108EA800003C18BF0124900709D548F2FF11596109
:108EB80019624FF40061094BC3F8801101E0D10633
:108EC800F3D4074B5B7E23B112F0120F01D0FFF7EA
:108ED800DFFF204610BD00BF0000094000E100E0B0
:108EE80090A40020FFF7D6BFDFF848D0124880F3DF
:108EF8000A88FDF749FB114C114DAC4209DA21688B
:108F08006268A368043BA2BFC858D050FAE70C3483
:108F1800F3E70C4B0C4CA34208DA19685A68002096
:108F2800043AA4BF8850FBE70833F4E715F0E3FFE1
:108F3800FEE7FEE7002000200000002094A10612B2
:108F4800B8A10612B8A10612C8A1061200207047DF
:108F580070470000024A136801331360704700BF6E
:108F6800B0A400207047000008B5054B1B6A5B00E1
:108F780002D50BF0D1FD08BDFFF7F4FFFBE700BFFA
:108F880000B00050024B9A6B22F400729A6370474B
:108F980000700850064B9A684AB19A6842F003027A
:108FA8009A60044A136813B100211160184770478A
:108FB80000D00050B4A40020064B9A684AB19A68C1
:108FC80042F038029A60044A136813B10021116014
:108FD8001847704700D00050B4A40020054A936891
:108FE80043F003039360044A136813B1002111602E
:108FF8001847704700D00050B8A40020054A93686D
:1090080043F038039360044A136813B100211160D8
:109018001847704700D00050B8A40020014B1870C2
:10902800704700BFC7A40020014B1870704700BFED
:10903800C6A4002038B505464A4C4B4804F094FDB8
:10904800D4F89430642023F48053C4F89430D4F8CE
:10905800943023F4C043C4F894302B7CA97AD4F814
:1090680094201B0343EA4133134343F4000343F4BE
:109078000263C4F89430D4F8983043F4004343F0C2
:109088008003C4F89830D4F88C3023F48073C4F883
:109098008C3040F0F1FDD4F88C30052043F4807317
:1090A800C4F88C30D4F8C03023F48043C4F8C030FE
:1090B800D4F8C03023F00103C4F8C030D4F8C43069
:1090C80023F00103C4F8C430D4F8C03043F480035B
:1090D800C4F8C030D4F8C43023F48003C4F8C430D2
:1090E80040F0CAFDD4F8C030012043F40013C4F89E
:1090F800C030D4F8C43023F40013C4F8C43040F0AE
:10910800BBFDD4F8C0300A2043F00103C4F8C030D6
:10911800D4F8C43043F00103C4F8C43040F0ACFDC7
:10912800D4F8C0300A2043F40003C4F8C030D4F89F
:10913800C43023F40003C4F8C43040F09DFDD4F8D3
:10914800C0300A4A23F48053C4F8C030D4F8C4307D
:10915800002023F48053C4F8C430138843F001037B
:10916800138038BD008008507F7A0512C4A40020FF
:1091780000221D4B1D481A801D4BD3F8841021F086
:109188008051C3F88410D3F8841021F00061C3F82B
:109198008410D3F8841021F40041C3F88410D3F864
:1091A8008C1021F40051C3F88C10D3F8901021F0E2
:1091B8008041C3F89010D3F8941021F40001C3F84B
:1091C8009410D3F8801021F00101C3F880109A6739
:1091D800DA675A6F22F001025A675A6F22F080024A
:1091E8005A6704F0C1BC00BFC4A40020967A0512D7
:1091F8000080085010B5254C0A20D4F8C03043F43C
:109208008053C4F8C030D4F8C43043F48053C4F851
:10921800C43040F031FDD4F8C0300A2023F40003F4
:10922800C4F8C030D4F8C43023F40003C4F8C43000
:1092380040F022FDD4F8C0300A2023F48003C4F89B
:10924800C030D4F8C43023F48003C4F8C43040F0EC
:1092580013FDD4F8C0300E4823F40013C4F8C0300E
:10926800D4F8C43023F40013C4F8C430D4F8C030A0
:1092780023F00103C4F8C030D4F8C43023F001034C
:10928800C4F8C430BDE8104004F06EBC008008503B
:10929800A47A051210B5174C174804F065FC636FE3
:1092A800022023F080036367D4F8803023F00203A0
:1092B800C4F88030D4F8803043F00103C4F880301B
:1092C800D4F8803023F02003C4F88030D4F89830E4
:1092D80043F08003C4F89830D4F8983043F400433E
:1092E800C4F8983040F0C4FC636F23F080036367D0
:1092F80010BD00BF00800850BA7A051210B5244886
:1093080004F032FC41F63113224C642063670023D9
:10931800A367E36740F0B0FCD4F88430322043F010
:109328008053C4F88430D4F8843043F00063C4F820
:109338008430D4F8843043F40043C4F88430D4F83B
:10934800843023F4F863C4F88430D4F8843043F4C8
:109358000073C4F88430D4F88C3043F40053C4F854
:109368008C30D4F8903043F08043C4F89030D4F86F
:10937800943043F40003C4F8943043F21333C4F830
:10938800883040F079FCBDE81040FFF783BF00BF8C
:10939800CA7A05120080085038B50546774C7848D7
:1093A80004F0E2FB636F022023F080036367D4F8C4
:1093B800AC3043F00203C4F8AC30D4F8AC3023F03E
:1093C8000103C4F8AC3040F053FC636F23F0800312
:1093D8006367297AE8796A7A4B0243EA006343EAC9
:1093E800822343EA813343EAC23343F45C0343F400
:1093F8000753C4F89C30D4F88C30012023F48073D0
:10940800C4F88C3040F034FCD4F88C30142043F489
:109418008073C4F88C30D4F8B03023F48003C4F8D7
:10942800B030D4F8B03023F40013C4F8B030D4F816
:10943800B03023F0C073C4F8B030D4F8B030AA7A92
:1094480043EAC253C4F8B030D4F8B03043F008034C
:10945800C4F8B030D4F8B43043F00103C4F8B430E1
:10946800D4F8B03023F4E013C4F8B030D4F8B030F6
:1094780043F48013C4F8B030D4F8B43043F0080390
:10948800C4F8B430D4F8B43023F00403C4F8B430CA
:10949800D4F8B03023F4E073C4F8B030D4F8B03066
:1094A80043F08003C4F8B030D4F8B83023F0C07368
:1094B800C4F8B830AA7AD4F8B83043EAC253C4F82A
:1094C800B830D4F8B83043F00803C4F8B830D4F84A
:1094D800BC3043F00103C4F8BC30D4F8B83023F4EE
:1094E800F803C4F8B830D4F8B83043F4F003C4F83B
:1094F800B830D4F8BC3043F00803C4F8BC30D4F812
:10950800BC3023F00403C4F8BC30D4F8BC3023F4D6
:10951800E073C4F8BC30D4F8BC3043F08003C4F81E
:10952800BC3040F0A5FBD4F8B430164A43F004032D
:10953800C4F8B430D4F8B03023F00803C4F8B0301D
:10954800D4F8B43023F00103C4F8B430D4F8BC30F4
:1095580043F00403C4F8BC30D4F8B83023F008034F
:10956800C4F8B830D4F8BC3023F00103C4F8BC30D8
:10957800138843F00403138038BD00BF00800850EF
:10958800D77A0512C4A400200A4B0B48D3F8B4209C
:1095980022F00802C3F8B420D3F8BC2022F0080255
:1095A800C3F8BC20D3F8AC2022F00202C3F8AC20E8
:1095B80004F0DABA00800850EE7A051210B50446B5
:1095C800002800F0828090F8893003F0FF020BB980
:1095D80080F88820022304F1600184F8893084F837
:1095E8008A3084F88B3084F88C3004F1500353F8B7
:1095F800042F02B114638B42F9D1606DA8B14FF406
:1096080000724FF0800E4FF40061C0E904E220229E
:1096180000234FF0100CC0E906124FF40052C0E9C5
:1096280002C3C0E9082301F0B7F8A06DA8B14FF450
:1096380000724FF0800E4FF40061C0E904E220226E
:1096480000234FF0100CC0E906124FF40052C0E995
:1096580002C3C0E9082301F09FF8E06D98B14FF408
:1096680000724FF0800E4FF40061C0E904E220223E
:109678000023C0E906124FF40052C0E90233C0E9E2
:10968800082301F089F8206E90B14FF40072802110
:109698004FF4006CC0E9041220220023C0E906C27E
:1096A8004FF40052C0E90233C0E9082301F074F80E
:1096B80001230020C4F8900084F8893084F88A30A7
:1096C80084F88B3084F88C3010BD0120FCE770B52D
:1096D8000446A8B3002500F15006621992F88930B3
:1096E80043F0020382F8893056F8040F08B101F0FC
:1096F800DBF80135042DF0D100202268536823F0EF
:10970800020353602268536823F001035360C4F8CE
:10971800900094F88930DBB284F8893094F88A3064
:10972800DBB284F88A3094F88B30DBB284F88B3063
:1097380094F88C30DBB284F88C3084F8880070BDE3
:109748000120FCE730B5A0B1056854686B6843F0A8
:1097580018036B601278A379056843EA021322792B
:1097680043EAC213627943EA02232B6119B1012942
:109778000FD001200CE021890C4B026843EA4143D9
:109788001363172203685A63FF2203689A6500204F
:1097980030BD2189054B026843EA41439363172290
:1097A8000368DA63FF220368DA65F0E70906010057
:1097B80030B578B155681278AB79046843EAC203CA
:1097C8002A7943EA82136A7943EA0223636119B169
:1097D800012906D0012003E00368044A1A62002028
:1097E80030BD0368024A5A62F9E700BF1D0C010048
:1097F8003D0C0100CA0718D50268136B23F001035A
:1098080013630268936B23F001039363026813697F
:1098180043F0400313610268136923F040031361A6
:10982800104A138823F0010313808B0718D50268A8
:10983800136A23F0010313620268536A23F00103D9
:1098480053620268536943F0200353610268536905
:1098580023F020035361034A138823F00403138081
:1098680000207047C4A40020F8B50D46A8B301290C
:1098780033D882EAE273A3EBE273002A03F001060D
:109888004FEA630301DAFEB95B4203F124045A2C60
:1098980023D8362B00D106BB0623B4FBF3F103FB18
:1098A800114406EB4402160304680F0275B9236BD2
:1098B80023F47F433B4333432363036808481B6B0C
:1098C80004F052F90020F8BDDB43DEE7A36B23F474
:1098D8007F433B433343A363EFE70120F3E700BF34
:1098E800047B0512E0B103681A6B71B142F0020201
:1098F8001A6303680B4A9A6501688B6B43F002038D
:109908008B6303680020DA65704722F002021A634D
:10991800FF2203689A6501688B6B23F00203EFE767
:1099280001207047FF00010030B500B30368114DF6
:10993800114C1A6B89B1C2F303322A609A6BC2F3D5
:10994800033222601A6B42F470421A630268936B06
:1099580043F470430020936330BD296861F30F32EC
:109968001A6302682168936B61F30F33F2E70120F1
:10997800F2E700BFC0A40020BCA400202DE9F041FC
:109988000E460546002854D000EB8300D0F854C09A
:10999800BCF1000F4DD000294BD0002A49D0991EA8
:1099A800022946D805EB030E9EF8894014F00804F6
:1099B80041D195F8881001293DD0022B4FF00101C3
:1099C8004FF008034FF0000885F888102F688EF8CC
:1099D80089301A4B4FEA9202C5F890804666426772
:1099E800CCF83830436D08BF07F140011A6808BF4A
:1099F8002037136818BF07F1440143F020031360B0
:109A0800436D0F4A18BF24375A63436D0D4ADA6312
:109A1800436DC3F84080436F426E406D01F07AF8A1
:109A28003B6843F080033B6085F888802046BDE8AA
:109A3800F0810124FAE70224F8E700BFA19A021294
:109A4800C39A0212E79A021238B500EB8103044662
:109A5800586D0D4608B100F087FF032D08D8DFE8E0
:109A680005F002090F152268136B23F080031363B6
:109A7800002038BD2268936B23F080039363F7E7D7
:109A88002268136A23F080031362F1E72268536A9D
:109A980023F080035362EBE7002110B50346006B07
:109AA80000F1500252F8044F9C4203D001310429BE
:109AB800F8D110BD10F0E6FBFBE7002110B5034616
:109AC800006B00F1500252F8044F9C4203D0013160
:109AD8000429F8D110BD10F0A9FBFBE7704700215D
:109AE80010B50346006B00F1500252F8044F9C4237
:109AF80003D001310429F8D110BD0122431883F89D
:109B08008920FFF7EBFFF7E770B5044630B300256F
:109B180000F13C06621992F8A53043F0020382F87E
:109B2800A53056F8040F08B100F0BEFE0135082D27
:109B3800F0D12268536823F0010353600023C4F86E
:109B4800B030E11891F8A5200133D2B2082B81F882
:109B5800A520F6D1002084F8A40070BD0120FCE700
:109B680010B5002844D0032942D8DFE801F00218D4
:109B7800223794781378012C4FEAC303D1781DBF9C
:109B880043EA440352780B430B4318BF43EA82036A
:109B9800026808BF43F002031361002010BD9378E8
:109BA80011785B00D27843EAC103134302689361DA
:109BB800F3E794781378012C4FEAC303D1781DBFDB
:109BC80043EA440352780B430B4318BF43EA82032A
:109BD800026808BF43F002031362DEE79378117846
:109BE8005B00D27843EAC103134302689362D4E767
:109BF8000120D3E710B510B119B1012917D0012000
:109C080014E094781378012C4FEAC303D1781DBF70
:109C180043EA440352780B430B4318BF43EA8203D9
:109C2800026808BF43F002031363002010BD937855
:109C380011785B00D27843EAC10313430268936347
:109C4800F3E702680346002010611A6890611A68F9
:109C580010621A6890621A6810631A6890631A682A
:109C680010641B68986470470268034600201061FE
:109C78001A6890611A6810621A6890621A6810640B
:109C88001B689864704702680346002010631B68CD
:109C98009863704710B500B301291ED82432602A92
:109CA8001BD80624B2FBF4F3006804FB132251B955
:109CB800016D03F00F0343EA421321F0FF0213433F
:109CC8000365002010BD016D1B0203F4706321F4CD
:109CD8007F410B4343EA4233F2E70120F2E770B5D4
:109CE8000C46054600286CD02379E2781B04D20480
:109CF80002F4601203F4E0231343A278016892058A
:109D080002F0E072134362780E6D520602F0606250
:109D180013436FF31B4633430B6594F90620002168
:109D2800FFF7B8FF012194F905202846FFF7B2FF95
:109D3800E37CA27CDB00920102F4E07203F03803BA
:109D48001343227D02F007021343627C520202F49D
:109D580060621343627B120502F440121343227BB4
:109D6800920502F480021343E27AD20502F400025B
:109D78001343A27A120602F080721343627A5206E3
:109D880002F000721343227A920602F080621343B3
:109D9800E279D20602F0006213432A6843F0404198
:109DA80051652A68516D11F0405FFBD00020536562
:109DB800A369627D23F0004343EAC2732A6893656E
:109DC80070BD0120FCE710B500B301291ED824326C
:109DD800602A1BD80624B2FBF4F3006804FB1322A4
:109DE80051B9016E03F00F0343EA421321F0FF0259
:109DF80013430366002010BD016E1B0203F4706359
:109E080021F47F410B4343EA4233F2E70120F2E7B2
:109E180070B50C460546D8B10668237AE279316EEA
:109E28005B04920402F4802203F4003301F4E0217D
:109E380013430B433366002194F90B20FFF7C3FF4C
:109E48000121284694F90A20FFF7BDFF002070BDC4
:109E58000120FCE72DE9F8430446002800F0CD80F6
:109E680090F8A53003F0FF020BB980F8A420022374
:109E78002546226884F8A53084F8A63084F8A730EF
:109E880084F8A83084F8A93084F8AA3084F8AB3074
:109E980084F8AC305368616861F3134353602268F7
:109EA80004F15C01536843F4807353602289638929
:109EB80043EA02432268936055F83C2B536823F029
:109EC800010353602B4653F8042F02B114638B42ED
:109ED800F9D14FF0100800264FF0800904F14C0723
:109EE80055F8040F88B14FF400634FF40072202135
:109EF800C0E905234FF40053C0E90286C0E90713FF
:109F0800C0F81090466200F047FCAF42E8D1206DDF
:109F180098B14FF400724FF080084FF40069C0E91F
:109F2800048220220023C0E906924FF40052C0E9BF
:109F38000233C0E9082300F02FFC606D98B14FF49C
:109F480000724FF0800C4FF4006EC0E904C220226A
:109F58000023C0E906E24FF40052C0E90233C0E929
:109F6800082300F019FCA06D90B14FF40072802610
:109F78004FF40067C0E9046220220023C0E906729A
:109F88004FF40052C0E90233C0E9082300F004FC92
:109F9800E06D90B14FF4007280214FF40065C0E984
:109FA800041220220023C0E906524FF40052C0E9EF
:109FB8000233C0E9082300F0EFFB04F1100120464A
:109FC800FFF78DFE204604F12C01FFF721FF012346
:109FD8000020C4F8B00084F8A53084F8A63084F8CE
:109FE800A73084F8A83084F8A93084F8AA3084F817
:109FF800AB3084F8AC30BDE8F8830120FBE7000003
:10A00800F8B51E460546002861D000EB8300036CB6
:10A01800002B5CD000295AD0002A58D0032E56D8DD
:10A0280095F8A430012B02D102242046F8BD012363
:10A03800AF1985F8A43097F8A54014F0040442D16C
:10A048002B68016697F8A510920841F0040187F87B
:10A05800A510C5F8B040596841F040015960C0F8F2
:10A068008020B5F8B410026C022924D19463026CE4
:10A0780011680A6822F020020A60026C154903F18F
:10A0880010075163026C1449D16303F11402016E85
:10A09800D0F8803002EBC602006C00F03BFD57F8A8
:10A0A800363023F0080343F0010347F83630002325
:10A0B80085F8A430B9E709499163026C11680A6808
:10A0C80042F02002D8E7002385F8A430ACE7012449
:10A0D800ABE700BF0BA2021295A202122DA2021238
:10A0E8002DE9F8430646002865D000EB8305286C67
:10A0F800002860D000295ED0002A5CD01F1F042FE2
:10A1080059D8334493F8A54014F0080455D196F86B
:10A11800A400012851D001204FF0080E86F8A400B1
:10A128003068012F83F8A5E0C6F8B04098BF4368AF
:10A138004FEA92029CBF43F0800343602966C5F84A
:10A148008020B6F8B42000F1340C022A2B6C0CEBFA
:10A15800C70C00F1300926D100229A632B6C1A68CB
:10A16800136823F020034FF0000813602B6C144A87
:10A1780061465A632B6C134ADA632B6CC3F8408030
:10A18800D5F880302A6E286C00F0C4FC59F83730B6
:10A1980023F0080343F0010349F8373086F8A48018
:10A1A8002046BDE8F883084A9A632B6C1A6813683E
:10A1B80043F02003D7E70124F2E70224F0E700BFC9
:10A1C80071A2021295A202124FA2021238B501F131
:10A1D8001003054650F823000C4608B100F0C4FBF4
:10A1E800032C06D82A68536823F0400353600020E4
:10A1F80038BD043C012CFAD82A68536823F0800340
:10A20800F4E7002110B50346006B00F13C0252F858
:10A21800044F9C4203D001310429F8D110BD0EF03F
:10A22800CBFDFBE7002110B50346006B00F13C02B3
:10A2380052F8044F9C4203D001310429F8D110BDD3
:10A248000EF0ECFDFBE7042110B50346006B00F1AE
:10A258004C0252F8044F9C4203D001310829F8D12E
:10A2680010BD0EF047FEFBE7042110B50346006B56
:10A2780000F14C0252F8044F9C4203D001310829E6
:10A28800F8D110BD0EF0F0FDFBE77047002110B5C6
:10A298000346006B00F13C0252F8044F9C4203D085
:10A2A80001310829F8D110BD0122431883F8A520EF
:10A2B800FFF7EBFFF7E70000C31E042B10B50446B9
:10A2C80003D96E21094814F061FB09492302CA68C1
:10A2D80003F4E06322F4E0621204120C134343F027
:10A2E800BF6343F40033CB6010BD00BF2C7B051265
:10A2F80000ED00E00F2A70B505460C46164603D956
:10A3080085211A4814F042FB0F2C03D986211748DF
:10A3180014F03CFB164BD968C1F30221C1F10703C5
:10A32800CA1C032B28BF0323062A4FF0FF3294BF11
:10A338000021043902FA03F324EA03038A4026EAD7
:10A3480002068B40002D43EA0603ACBF05F16045C9
:10A35800084A4FEA4313DBB2ABBF05F5614505F088
:10A368000F0585F80033535570BD00BF2C7B0512CF
:10A3780000ED00E014ED00E0002808DB01234109AE
:10A38800054A00F01F00834042F8213070479821A9
:10A39800024814F0FBBA00BF00E100E02C7B051274
:10A3A80000280DDB01220849430900F01F00824004
:10A3B800203341F82320BFF34F8FBFF36F8F7047CF
:10A3C800A721024814F0E2BA00E100E02C7B051254
:10A3D8000138B0F1807F0BD24FF0E023E021054A2D
:10A3E800586182F823100020072298611A6170478B
:10A3F8000120704700ED00E0002809DB0122430935
:10A40800064900F01F008240403341F8232070477E
:10A4180040F20511024814F0B9BA00BF00E100E0AB
:10A428002C7B0512002809DB01224309064900F0AC
:10A438001F008240603341F82320704740F2251105
:10A44800024814F0A3BA00BF00E100E02C7B05121B
:10A45800002808B50BDB4309084A803352F823303B
:10A4680000F01F0023FA00F000F0010008BD0448C6
:10A4780040F2351114F08AFA0020F7E700E100E015
:10A488002C7B0512002808B50ADB094B420953F852
:10A49800223000F01F0023FA00F000F0010008BD90
:10A4A800044840F2451114F071FA0020F7E700BFA4
:10A4B80000E100E02C7B0512042808B506D14FF016
:10A4C800E022136943F00403136108BD20B14FF47F
:10A4D800AB71044814F05AFA4FF0E022136923F0E4
:10A4E8000403F1E72C7B051238B50223044680F8F3
:10A4F8002D30426A03681A610168D0E902300343CB
:10A5080020690A68034360696FF30E120343A06968
:10A518000343E0690343206A034313430B60A368C2
:10A52800B3F5804F18D0E16CA26CCD06C1F3870358
:10A5380055D43F2003F00703D2F8A810DB00984059
:10A5480021EA0001C2F8A810A16C6268D1F8A8003D
:10A558009A400243C1F8A820A369B3F5806F52D08E
:10A56800B3F5006F51D01BB1A3212B4814F00EFA9C
:10A5780000256369B3F5807F49D0B3F5007F48D0E3
:10A588001BB1BA21244814F001FA00232269A2F170
:10A5980080014A424A41E168A1F1400041424141FB
:10A5A800A06810281DBF84F865201A462B4684F839
:10A5B800642018BF154684F867304FF001024FF049
:10A5C800000308BF84F86510636418BF84F864103A
:10A5D80084F8665084F82D2084F82C3038BD3F204C
:10A5E80003F00303D2F8AC10DB00984021EA000125
:10A5F800C2F8AC10A16C6268D1F8AC009A40024372
:10A60800C1F8AC20A8E70125B3E70225B1E701238B
:10A61800BCE70223BAE700BF617B05122DE9F84FBA
:10A62800354B026804461344A02B884627D9334B80
:10A638001344A02B29D940F22B11314814F0A6F964
:10A648004FF0FF3BEFF3108A012383F31088E36C8C
:10A658001F2B4FEA930504D940F23111284814F012
:10A6680095F906EBC5073B79002B3FD056F83530F6
:10A67800A34210D18AF310880220BDE8F88F4FF06A
:10A68800320BDFF888901F4EDCE74FF0020BDFF843
:10A6980080901D4ED6E700233279374602BB01224F
:10A6A8003271142202FB03929B449B004FFA8BF5F4
:10A6B8002260E3648AF31088B8F1000F05D03B6884
:10A6C800A34202D02046FFF70FFF0022284611467A
:10A6D8003C60FFF70FFE2846FFF74EFE0020CCE750
:10A6E8000133082B06F10806D6D1C3E701235D44E0
:10A6F8003B716DB2DEE700BFF8EFF7AFF8EFFFBFD1
:10A70800617B051208A50020C8A400200810085085
:10A71800081000402DE9F8431A4A836C0546934215
:10A728004FF0000627D0184A934227D04FF4C7713C
:10A73800164814F02BF9EB6C1F2B4FEA930404D93D
:10A748004FF4C971114814F021F9EFF3108801236F
:10A7580083F3108857F8343007EBC4099D4206D1BB
:10A76800A01940B2FFF71CFE002389F8043088F3D3
:10A778001088BDE8F8833226054FDCE70226054F2E
:10A78800D9E700BF0010085000100040617B051297
:10A7980008A50020C8A4002038B50446002874D0B5
:10A7A800836833F0100207D0B3F5804F04D040F22D
:10A7B8004F21384814F0EAF8E36833F0400304D036
:10A7C8004FF41471334814F0E1F8236933F080032F
:10A7D80004D040F251212F4814F0D8F8636933F4BB
:10A7E800807207D0B3F5007F04D040F25221294887
:10A7F80014F0CCF8A36933F4806207D0B3F5006F86
:10A8080004D040F25321234814F0C0F8E36933F030
:10A81800200304D04FF415711E4814F0B7F8236ACA
:10A8280033F4405304D040F255211A4814F0AEF8DE
:10A8380063683F2B04D940F25721164814F0A6F854
:10A848002268154B13448C2B14D81422B3FBF2F353
:10A858009B00E364114BA36400212046FFF7DEFE52
:10A868000546A0B92046FFF73FFE2046FFF752FFF6
:10A87800284638BD0A4B13448C2BEDD81422B3FB61
:10A88800F2F39B00E364074BE5E70125F0E70225B7
:10A89800EEE700BF617B0512F8EFF7AF0010085034
:10A8A800F8EFFFBF0010004010B50446002851D053
:10A8B8000268136823F0010313600268264B1344EF
:10A8C8008C2B2FD81421B3FBF1F39B00C364234BCB
:10A8D800A36400231360D4E9121303F01C020123BC
:10A8E80093404B60E36CA16C0F2B4FEA930224D882
:10A8F8003F205B00D1F8A82003F0380300FA03F3E7
:10A9080022EA0303C1F8A8302046FFF703FF00201E
:10A91800C4E90D00C4E90F00606484F82C0084F8D1
:10A928002D0010BD0E4B13448C2BD2D81421B3FB31
:10A93800F1F39B00C3640B4BCAE702F003033F2209
:10A94800D1F8AC00DB0002FA03F320EA0303C1F8F4
:10A95800AC30D9E70120E4E7F8EFF7AF0010085072
:10A96800F8EFFFBF0010004038B50446C8B1012514
:10A978000268136823F00E0313600268136823F05B
:10A9880001031360D0E9122303F01C0305FA03F353
:10A998005360FFF7BFFE002084F82D5084F82C0088
:10A9A80038BD0120FCE738B590F82D300446022B5D
:10A9B80003D004234364012038BD012502681368CD
:10A9C80023F00E0313600268136823F00103136079
:10A9D800D0E9122303F01C0305FA03F35360FFF7D1
:10A9E80099FE002384F82C30236C84F82D500BB189
:10A9F800204698470020DFE730B5154B846C9C4211
:10AA08001BD18368102B02D0B3F5804F08D10B6897
:10AA1800104C03F16045A54298BF03F120630B6019
:10AA2800836833F4804308D113680A4803F160440B
:10AA3800844298BF03F1206313600B6803F17042EE
:10AA4800B2F1805F3CBF03F1A0430B6030BD00BF93
:10AA580000100040FEFF07002DE9F3414FF6FF7597
:10AA6800036D02689D4228BF1D465B1B0365856513
:10AA7800136890F8667023F0010390F867801360FC
:10AA8800D0E917230E46CDE90023D0E9122303F0BD
:10AA98001C01012304468B405360036869465D60CE
:10AAA80001AAFFF7A9FFDDE90003A16822681029C0
:10AAB8000BBF93609060236822680CBFD860D36096
:10AAC80094F8643023B1E36D05FA07F73B44E36576
:10AAD80094F8653023B1236E05FA08F52B442366F4
:10AAE80036B1A26B23685AB11A6842F00E021A6096
:10AAF8002268136843F00103136002B0BDE8F081D7
:10AB08001A6822F004021A602268136843F00A03E4
:10AB18001360EDE72DE9F8431E4690F82C30044603
:10AB2800012B8846174610D0012380F82C3090F866
:10AB38002D30012B5FFA83F904D14946FFF76EFDEA
:10AB4800054630B1002384F82C3002252846BDE89C
:10AB5800F8830223494684F82D30C4E914666064FA
:10AB6800C4E917872046FFF777FFEFE770B504467B
:10AB78000421866CE26C356802F01C02036891407F
:10AB88002942186812D0410710D51A6892065EBF8C
:10AB98001A6822F004021A60D4E9121303F01C02A6
:10ABA800042393404B60A36B23BB70BD02219140EB
:10ABB80029422AD010F0020F27D0716023681A6842
:10ABC800900609D41A6822F00A021A60236DABB104
:10ABD80001212046FFF740FF002384F82C30636BE7
:10ABE800002BE2D022681268910603D494F82D2035
:10ABF800012ADAD12046BDE8704018472046FFF701
:10AC080089FD012384F82D30E6E7082101FA02F2D4
:10AC18002A42CAD00207C8D501251A68204622F060
:10AC28000E021A60D4E9122303F01C0305FA03F399
:10AC380053606564FFF76EFD002384F82D5084F897
:10AC48002C30E36BB0E70000014B1868FFF78EBFAC
:10AC580008A50020014B9868FFF788BF08A50020C9
:10AC6800014B1869FFF782BF08A50020014B9869BE
:10AC7800FFF77CBF08A50020014B186AFFF776BFD5
:10AC880008A50020014B986AFFF770BF08A50020AF
:10AC9800014B186BFFF76ABF08A50020014B986BA2
:10ACA800FFF764BF08A50020014B1868FFF75EBFD7
:10ACB800C8A40020014B9868FFF758BFC8A400201B
:10ACC800014B1869FFF752BFC8A40020014B9869CF
:10ACD800FFF74CBFC8A40020014B186AFFF746BF16
:10ACE800C8A40020014B986AFFF740BFC8A4002001
:10ACF800014B186BFFF73ABFC8A40020014B986BB3
:10AD0800FFF734BFC8A400200121F8B508463EF07B
:10AD18001BFF254B0446984240D821A3D3E90023C2
:10AD28001420A4FB00012CF0CFFB0A250021461CAF
:10AD38001E480023E4FB05011D4A2CF0C5FB07460D
:10AD480005461C4800232246A7FB00012CF0BCFB4B
:10AD580042F6F82398424FEAC61619D97D1E4FF4D9
:10AD6800FA700FA3D3E90023A4FB00012CF0ACFB7D
:10AD7800AD0225F07F4525F46005013025F47F7587
:10AD88000D4B304325F00305284358600020F8BDDB
:10AD980042F22733984298BF7D1CE0E70120F6E78E
:10ADA80000CA9A3B00000000000E270720A10700F8
:10ADB80040420F0000CA9A3B00C00050202A2DE9EB
:10ADC800F84306460C46154630DCC0F3C40808EBC9
:10ADD8000203202B2ADC970728D110F01F0925D160
:10ADE800254A1420D2F89470360AFB1C0E2B38BF63
:10ADF8000E230F2B28BF0F23C2F894303EF03CFFE0
:10AE08001E4AB300136013681D4943F00103136021
:10AE18004B4669439068C0070CD590688B4240F058
:10AE2800010090600AD3144BC3F89470002528469B
:10AE3800BDE8F8838B42F0D20133EBE7114A08F002
:10AE48001C0000EB461025F00301024421448C420B
:10AE580003D1094BC3F89470E9E752F8043B043472
:10AE6800180A04F8043C04F8030C180C1B0E04F828
:10AE7800020C04F8013CEAE700A00C5000C00050A6
:10AE880000DC050030C000502DE9F047B0F808C0DC
:10AE98000646BCF1000F42D04789002F41D00B89EC
:10AEA800002B40D04889002837D0B1F90CE0B6F91A
:10AEB8000C80B1F90E50B6F90E60C6450EEB0309C9
:10AEC800744608EB0C0AB8BF4446B5422946B8BFD9
:10AED8003146CA45AABF03F1FF330CF1FF3373446F
:10AEE80006EB070C05EB000EB8BF4344F445B5BFAD
:10AEF80007F1FF3000F1FF30801940199BB280B292
:10AF08001BB200B21AB1148051809380D08088425D
:10AF1800A8BFA342ACBF01200020BDE8F08760466F
:10AF2800FBE73846F9E71846F7E710B5C378CC7859
:10AF380023445B10D3708C78837823445B10937020
:10AF48004C78437823445B105370037809780B449A
:10AF58005B10137010BD47F6FF7370B51A460446B0
:10AF68000025A9420BD852EA030407D0002492B264
:10AF78009BB20C30A14200F1340011D870BD268973
:10AF88005EB166894EB1B4F90C60B242A8BF3246D0
:10AF9800B4F90E60B342A8BF334601353434E0E754
:10AFA80030F8345C0134AD1A20F8345C30F8325C87
:10AFB800ED1A20F8325CDDE710B5144C036D144926
:10AFC80023408B4214BF0123836E026F08BF002306
:10AFD80022408A4208BFD0F888300C4CC2690C491C
:10AFE80002EA040208BF00238A4208BFD0F8A8304A
:10AFF800D0F8902008BF002322408A420ABFD0F828
:10B00800A83003F1FF304FF0FF3010BD0F000040B3
:10B01800060000400246C06D78B14FF4DE71037837
:10B02800013303F003030370D36D1A784A430349CD
:10B03800101D496B184413449960704700000C5068
:10B0480030B50268D2F8305151680029FCD1D2F8E5
:10B058003041836E23445B1B8366436E23444366FF
:10B06800C2F8301130BD0000082810B503D8094BCC
:10B078001C5C204610BD020607D4C30507D44FF454
:10B088000471054813F082FCF3E72024F1E7182443
:10B09800EFE700BFC3030612937B0512082810B51B
:10B0A80003D8094B1C5C204610BD020607D4C30513
:10B0B80007D440F28D21054813F068FCF3E7022419
:10B0C800F1E70124EFE700BFBA030612937B0512EC
:10B0D800062810B50AD008280AD0052808D040F25A
:10B0E800A221044813F052FC204610BD0124FBE7BE
:10B0F8000024F9E7937B05122DE9F047B2F90C30EB
:10B108000F46002B144603DBB2F90E30002B04DA8D
:10B1180040F6BD33836101208AE00329056804D91C
:10B128004FF43C61464813F031FCB4F90C10B4F903
:10B138000E30B4F808C0668901EB0C029819013882
:10B14800013A024341EA03000243B2F5806F03D299
:10B15800BCF1000F00D02EB940F6C931384813F0C1
:10B1680015FCD8E7374AC1F3090102EA03430B4348
:10B17800C5F8C4306189B4F90E300B44013B21890C
:10B1880002EA0342B4F90C300B44013BC3F3090350
:10B198001A43C5F8C820236803F17042B2F1805FF2
:10B1A80038BF03F1A043C5F8CC306068FFF75CFFF7
:10B1B80082466068FFF78CFF94F81A808146B8F1E0
:10B1C800010F05D0B8F1020F04D04FF43E61C5E776
:10B1D8004FF000082689A38A0AFB06F60AFB03F348
:10B1E800194C07360733032F4FEAD60604EAC3245F
:10B1F80004D94FF4A861124813F0C8FB0420B840E2
:10B2080040EA0900204340EA0800C5F8C0002EB112
:10B21800D5F8C03043F00063C5F8C030D5F8CC305D
:10B2280043B1D5F8C03043F080530020C5F8C03092
:10B23800BDE8F087D5F8C03023F08053F5E700BFAC
:10B24800937B05120000FF0300C0FF072DE9F347B9
:10B258001C46B3F90C308146002B0F46924603DB9F
:10B26800B4F90E30002B07DA40F25273C9F81830DF
:10B27800012002B0BDE8F087A28A23899A4204D24D
:10B2880040F25471534813F081FBD4F80480B8F1AC
:10B29800030F2DD8504BBAF1020F13F808504F4B3B
:10B2A80013F8086027D13A6823689A4223D16A467E
:10B2B800214607F13400FFF7E7FDB8B1BDF900C03A
:10B2C800BDF90220B4F90E10B4F90C00B4F814E07A
:10B2D800511AACEB00000EFB01006843BDF90430C5
:10B2E800BDF906709C4501DCBA4212DD1020C0E7AA
:10B2F80040F26C73BAE723896789B4F90CC0B4F9D2
:10B308000E20013B013F6344174400201BB23FB2AB
:10B31800E8E794F816E0D9F80010BEF1000F19D14B
:10B3280028F00208B8F1010F2AD1D1F818E04EF040
:10B33800807EC1F818E04CEA020E43EA0E0E47EA96
:10B348000E0EBEF5806F20D340F2AB71214813F08A
:10B358001DFB8DE7D1F818E00EF07F4EC1F818E01C
:10B36800D1F8189094F819E094F817804EEA090E6D
:10B378004EEA084E94F818804EEA082EC1F818E0F4
:10B38800D1F818E02EF0807ED3E7DFF854E0CCF354
:10B3980009080EEA024242EA08020A610EEA074E6A
:10B3A800C3F309024EEA02024A61A28AA3EB0C0324
:10B3B8000133D31A6B43C1F80031D1F8F83023F0C8
:10B3C80007033343C1F8F83023680344C1F8FC305D
:10B3D80000204EE7937B0512B2030612AE03061255
:10B3E8000000FF0310B5072820D8DFE800F0042C80
:10B3F8002E1F1F070F17184C204610BD01390129B1
:10B4080094BF4FF07F444FF0FF34F5E7013901292D
:10B418008CBF6FF070644FF07044EDE7013901297B
:10B428008CBF6FF07C544FF04044E5E7C3050CD463
:10B43800C31E012B0CD908280AD04FF415710748F0
:10B4480013F0A4FAD8E7064CD6E76FF07F44D3E7A9
:10B458004FF0FF34D0E700BFF8FCF800937B0512EB
:10B46800F8FCF8FF70B50469054624B941F2824139
:10B47800074813F08BFA00232B612368DB68DB078E
:10B4880005D4E3691BB12046BDE87040184770BD7C
:10B49800937B05122DE9F3471C46B3F90C3005469A
:10B4A800002B894692464BDBB4F90E30002B47DB64
:10B4B800A28A23899A4204D240F2D461514813F0F7
:10B4C80065FAD4F80480B8F1030F39D84E4BDAF88E
:10B4D800002013F808604D4B13F8087023689A424F
:10B4E80030D0002023896189B4F90CC0B4F90E204A
:10B4F800013B0139634411441BB209B29C453DDC50
:10B508008A423BDC94F816E0BEF1000F3AD128F0ED
:10B518000208B8F1010F4BD1D5F818E04EF0807E43
:10B52800C5F818E04CEA020E43EA0E0E41EA0E0E88
:10B53800BEF5806F41D340F22A71324813F026FAE3
:10B5480001201CE06A4621464846FFF79DFCA8B149
:10B55800BDF900C0BDF90220B4F90EE0B4F90C0041
:10B56800B4F81490A2EB0E0EACEB000009FB0E0031
:10B57800BDF904307043BDF90610BFE7102002B0D2
:10B58800BDE8F087D5F818E00EF07F4EC5F818E052
:10B59800D5F8189094F819E094F817804EEA090E37
:10B5A8004EEA084E94F818804EEA082EC5F818E0BE
:10B5B800D5F818E02EF0807EB2E7DFF854E0CCF33F
:10B5C80009080EEA024242EA08022A610EEA014E1E
:10B5D800C3F309024EEA02026A61A28AA3EB0C03D2
:10B5E8000133D31A7343C5F80031D5F8F83023F086
:10B5F80007033B43C5F8F83023680344C5F8FC301B
:10B608000020BCE7937B0512B2030612AE030612B4
:10B618000000FF0310B50446006A60B14FF4AE7233
:10B6280000213EF059FB236A034AC3F8E820236A45
:10B63800024AC3F8EC2010BD0492A112D06406009F
:10B6480038B50D46044620B94FF45C610F4813F035
:10B658009DF925B940F6C1510C4813F097F93022ED
:10B66800002120463EF038FB4FF48033C4E9033311
:10B678004FF4004323842B8923806B8963802B89B3
:10B68800013B23816B89013B638138BD937B0512A4
:10B698002DE9F0410F4615461E46FFF7BBFC044650
:10B6A80080B104234FF05408394608FB05F200F82E
:10B6B8000C3B22F0A3FA4246314604F5AE7022F064
:10B6C8009DFA2572BDE8F08138B50C46054600B1F3
:10B6D80021B940F6B951094813F058F923462A46CA
:10B6E80004F13005144618685968083303C4AB429E
:10B6F8002246F7D11868206038BD00BF937B051239
:10B7080010B50C46FFF786FC58B10223214600F815
:10B71800083B04F1200351F8042B994240F8042B0C
:10B72800F9D110BD2DE9F04F9B46D3E903A9D3E920
:10B7380005761B8880460D46144689B023B940F625
:10B7480094413F4813F022F925B940F696413C4808
:10B7580013F01CF921466A462846FFF795FB044674
:10B76800002869D0AA89BDF80040BDF80430E989ED
:10B77800A41A9B1ABDF80600BDF80220401A521AF6
:10B78800BAF5803FA4B29BB292B280B200D13FB169
:10B798000AFB047407F580370AFB0377240C3B0C7B
:10B7A800BBF804100C441944BBF9083089B299421B
:10B7B800C8BF99B2B9F5803FA4B200D13EB109FB28
:10B7C800026206F5803609FB0066120C300CBBF8E5
:10B7D8000630ADF812401A440344BBF90A009BB284
:10B7E8008342C8BF83B2286892B202900020ADF8A5
:10B7F8001420C2F101021344ADF818302B6A114A23
:10B808000793C4F10104D8F8083021440390ADF837
:10B818001000ADF816105A60D8F8083002A9C3F81D
:10B828001080D8F8080002F077F9044620B140F6F5
:10B83800E641034813F0AAF8204609B0BDE8F08FA6
:10B84800937B05126DB4021230B547F6FF75039C61
:10B858001D80258070B1058965B1458955B1B0F95C
:10B868000C501D80B0F90E00B4F90050A842A8BFD2
:10B878002846208099B1088988B1488978B1B1F9FA
:10B888000C00B3F90050A842A8BF28461880B1F9A7
:10B898000E10B4F900008142A8BF014621809AB178
:10B8A800118989B1518979B1B2F90C10B3F9000045
:10B8B8008142A8BF01461980B2F90E30B4F90020C0
:10B8C8009342A8BF1346238030BD30B5BDF90C4064
:10B8D80053EA040514D028B185891D448581C5899A
:10B8E8002544C58129B1888918448881C88920449C
:10B8F800C8812AB191890B449381D3892344D38188
:10B9080030BDF0B505460E46174685B00DF10E035D
:10B91800009303ABFFF798FFBDF80E40BDF80C305D
:10B92800644224B25B423A463146284600941BB230
:10B93800FFF7CBFF05B0F0BD032808B502D8054BCB
:10B94800185C08BD044840F2A94113F01FF84FF0F5
:10B95800FF30F6E7B6030612937B051238B5046884
:10B96800D4F8D03023F00803C4F8D0305368908A54
:10B97800B3F5817F09D8B3F5807F33D82F4840F2DB
:10B98800EA4113F003F8012038BD40F20315AB4239
:10B99800F4D1430343EA5003450843F00063C4F875
:10B9A800D430C4F8D850536A03F17040B0F1805FC6
:10B9B80038BF03F1A043C4F8DC30936A03F1704048
:10B9C800B0F1805F38BF03F1A043C4F8E030D36A18
:10B9D80003F17042B2F1805F38BF03F1A043C4F8AD
:10B9E800E4301AE040F201155B1B18BF01239B06E7
:10B9F80043EA80330020C4F8D430C4F8D800536A2E
:10BA080003F17042B2F1805F38BF03F1A043C4F87C
:10BA1800DC30C4F8E000C4F8E4000846D4F8D0509C
:10BA2800FFF78AFF60F30515C4F8D050D4F8D0307A
:10BA3800002043F00803C4F8D030A5E7937B051233
:10BA480010B5084B026804469A4209D1064B5B6858
:10BA580003630F203EF070F800222368C3F83021FA
:10BA680010BD00BF00700050001000E038B590F81D
:10BA78002E300446C3B1036AB3B10025436A80F887
:10BA88002E500360FFF7DCFA0068216A4FF49072C9
:10BA98001031103022F0B2F8A28D2AB1A16A606884
:10BAA800920022F0ABF8A58538BD000038B50B4AE6
:10BAB80003680446934210D10F20D3F830513EF06A
:10BAC8003FF8074B5B68626E63632A446266E26E06
:10BAD8005B1B1344226B9B1AE36638BD0070005051
:10BAE800001000E070B50025036804469D61FFF76B
:10BAF800DDFF01222369E561256122751BB120461E
:10BB0800BDE87040184770BD2DE9F041044616465F
:10BB18001D460F4621B14FF4A561174812F036FFB4
:10BB280004EB8708D8F8043023B940F229511248A9
:10BB380012F02CFF4EB940F22D510F4812F026FF9B
:10BB480040F22E53A361BDE8F08194F82E20B5F59C
:10BB5800807F28BF4FF480752AB104EB4704C8F8EA
:10BB68002860A585EFE73146D8F80400AA00BDE8AB
:10BB7800F04122F043B800BF937B05122DE9F74F3F
:10BB88000193B2F90C308046002B8946144603DB3A
:10BB9800B2F90E30002B05DA40F29553C8F8183088
:10BBA8000120E2E0D0F800A021B14FF4B36174485D
:10BBB80012F0ECFEB4F90C00B4F90E30278966894E
:10BBC800C1199D19013D0139294340EA030529435B
:10BBD800B1F5806F01D207B12EB940F2A75168487C
:10BBE80012F0D4FEDCE767490AF1500501EA034385
:10BBF800C0F3090005EB491703437B606089B4F97A
:10BC08000E304FEA49160344013B208901EA0341FB
:10BC1800B4F90C300344013BC3F309031943B96079
:10BC2800236803F17041B1F1805F38BF03F1A0438D
:10BC38003B616068FFF718FA83466068FFF72EFAE1
:10BC4800238900900BFB03F30733DB0818BF4FF081
:10BC58000053AB51019B5901009B012B33D96368F9
:10BC6800082B30D0AB5943F00043AB51AB590B43D1
:10BC7800AB516368190610D5DAF8D03048460193FD
:10BC8800FFF75AFE019B60F34203CAF8D030DAF896
:10BC9800D03043F00103CAF8D0306368DA0516D40F
:10BCA8006368A27D053B032B19D932B3AB5943F422
:10BCB8000043AB51237EE27D1B0243EA0243627ECE
:10BCC8001343FB6019E0AB5943F01003CDE722465C
:10BCD80049464046FFF742FE0028E1D060E722B916
:10BCE80040F2F351264812F051FE237EE27D1B02FA
:10BCF80043EA0243627E13437B616368042B1BD1D2
:10BD0800D8F80000FFF758F90128814604D940F215
:10BD180009611B4812F03AFE4946238E4046E26903
:10BD2800FFF7F2FEBB6909F0010923F00103BB61CB
:10BD3800BB6949EA0303BB61AB59009A1A43AA518C
:10BD48006368082B14D0A28A0F4B0BFB02F2A95987
:10BD5800073203EA42330B43AB516368DB0507D56F
:10BD6800AB5943F080430020AB5103B0BDE8F08FDE
:10BD78003B69002BF4D1AB5923F08043F3E700BFB4
:10BD8800937B05120000FF030000FF1F2DE9F04F11
:10BD980089B01D469DF84830032902939DF84C3020
:10BDA8008B461646D0F800900190039307D1039B69
:10BDB800032B04D940F60321B44812F0E7FDB5F986
:10BDC8000C20B5F90E402889698913186718013BBA
:10BDD800013F3B4322431343B3F5806F01D200B1C7
:10BDE80031B940F60B21A94812F0D0FD012035E108
:10BDF80009F584730093ABF10203012B09F11C08C8
:10BE080004D940F61921A14812F0C0FDBBF1030F77
:10BE180015BF14230023742700270093009A09F5FF
:10BE2800847303EB020AF36808EB0704B3F1806F2D
:10BE380003D23369B3F1806F04D340F625219348C8
:10BE480012F0A4FD2B6803F17042B2F1805F38BF95
:10BE580003F1A04363616868FFF720F905906868FB
:10BE6800FFF702F9AB8A06900493002348F80730DD
:10BE78006B68180610D5D9F8D03058460793FFF7E5
:10BE88005BFD079B60F34203C9F8D030D9F8D03086
:10BE980043F00103C9F8D0306B68D90500F1E1809F
:10BEA800029A6B68FF2A02D1082B40F0EA80029AB6
:10BEB8004FEA421B33F0020200F0DC80DA0500F1A1
:10BEC800D980082B00F0D68058F8073043EA0B03D6
:10BED80043F0004348F807306B68AA7D053B032B05
:10BEE80000F2DA8022B940F66921684812F04EFD66
:10BEF8002B7EEA7D1B0243EA02436A7E1343A36258
:10BF0800B5F90E20A989624BC1F3090103EA02427F
:10BF18000A4362606989B5F90E2028890A44013A02
:10BF280003EA0241B5F90C200244013AC2F30902BE
:10BF38000A43A260B6F90410B6F90820521A03EAB7
:10BF48000243F1887289521AC2F309021343E3606B
:10BF5800A36943F00203A361B6F91C30002B40F03B
:10BF6800AD80009A09F584739B58009923F000432B
:10BF780009F584725350E36A23F00053E362A3691E
:10BF88006FF38A03A36196F92E30002B00F0D3805B
:10BF9800E36A43F00403E36296F92F30002B00F0C4
:10BFA800CE80E36A43F00203E362DAF80C30726988
:10BFB80062F31903CAF80C30DAF81030B26962F388
:10BFC8001903CAF810306B68042B1AD14846FEF7DB
:10BFD800F3FF0128814604D940F6CD212B4812F001
:10BFE800D5FC49462B8EEA690198FFF78DFDE36A77
:10BFF80009F0010923F00103E362E36A49EA030354
:10C00800E362F36823F07C432362336923F07C43C3
:10C018006362039B58F807205B0303F4C043134390
:10C02800059A134348F807306B68082B00F08B809B
:10C03800069B049A58F807105A43164B073203EA2E
:10C0480042330B4348F807306B68DB057BD558F85B
:10C05800073043F08043002048F8073009B0BDE8B6
:10C06800F08F2A4659460198FFF778FC00283FF4DC
:10C0780017AFBBE658F8073043EA0B0343F0100349
:10C0880028E758F8073043F4FF5323E7937B05125A
:10C098000000FF030000FF1F002A3FF431AF58F8EB
:10C0A800073043F4004348F807302B7EEA7D1B0233
:10C0B80043EA02436A7E1343236121E7E36AF28B72
:10C0C8006FF31C43D20843EA0243E362E36A328C0B
:10C0D8006FF3CF03D20843EAC203E362E36A00982E
:10C0E80043F00053E362B6F91C20A36962F38A03A4
:10C0F800A361728DB18D184BC1F30A0103EA0242A4
:10C108000A4342F0004209F584710A50B6F9282022
:10C11800F18C03EA0242C1F30A010A43CAF8042077
:10C12800B6F9242003EA0243728CC2F30A021343CD
:10C13800CAF8083027E7E36A23F004032BE7E36A29
:10C1480023F0020330E76369002B80D158F80730E9
:10C1580023F080437FE700BF0000FF0738B5D0F821
:10C16800D0300D46190704460ED52846FFF7E4FBE4
:10C17800D4F8D030C3F30113984202BFD4F8D030BA
:10C1880023F00803C4F8D030D4F8D030DA070ED53D
:10C198002846FFF7D1FBD4F8D030C3F341039842C7
:10C1A80002BFD4F8D03023F00103C4F8D030D4F85B
:10C1B800C030DB000DD50123D4F8C020AB40C2F35A
:10C1C80080029A4202BFD4F8C03023F08053C4F8EA
:10C1D800C03038BD10B400F150024B01D45824F0DF
:10C1E8008044D4505DF8044BFFF7B8BF10B504463F
:10C1F80000210068FFF7EEFF2268936923F00073BF
:10C208009361002223689A61A06801F0A7FC20B915
:10C218002046BDE81040FFF765BC10BD10B50446C8
:10C22800436B032143F002034363C36923F0804354
:10C23800C361FFF793FFD4F89030204623F0804382
:10C24800C4F890300221BDE81040FFF787BF10B551
:10C2580004460068FFF7E2FF20680021FFF7BAFFF5
:10C268002046BDE81040FFF73DBC10B5044600214C
:10C278000068FFF7AFFF01212068FFF7ABFF02213D
:10C288002068FFF7A7FF2068FFF7C8FF2268D2F8E9
:10C29800C03023F08053C2F8C030A06801F05EFCC3
:10C2A80020B92046BDE81040FFF71CBC10BD0000B7
:10C2B800002808DBB0F5B47F09DA5928124B0ADCEC
:10C2C80033F91000704700F5B47000B2F0E7A0F53C
:10C2D800B47000B2EEE780B2A0F15A02592A03D82E
:10C2E800C0F1B40080B2EBE7A0F1B40292B2592ACF
:10C2F80085BFC0F5B47080B233F8120033F810006F
:10C30800404200B2704700BFCC0306122DE9F84343
:10C318001446002832DBB0F5616F33DA4FF00A08B3
:10C328004FF6F67590FBF8F717FB05057E1C79B1FB
:10C338003846FFF7BDFF814630B2FFF7B9FF05FB6E
:10C3480000F3A8EB050209FB023393FBF8F30B801B
:10C3580094B107F15A0000B2FFF7AAFF5A36014616
:10C3680030B2FFF7A5FF6843C5F10A0301FB0300DC
:10C378000A2390FBF3F02080BDE8F88300F56160A4
:10C3880000B2C6E7A0F5616000B2C4E770B5034625
:10C39800B2F90050B1F900008542B8BF05461D80CA
:10C3A800B2F90200B1F90240A042B8BF2046588055
:10C3B800B2F90440B1F90460B442A8BF34469C8085
:10C3C800B2F90620B1F906108A42A8BF0A4690427F
:10C3D800D8BFA542DA80D4BF0120002070BDFEF787
:10C3E80043BE2DE9F84F0A2793FBF7F54FF6F67B86
:10C3F8008046284615FB0B3B9146FFF759FF6C1CFE
:10C40800064620B2FFF754FF044605F15A0000B271
:10C41800FFF74EFF5B35824628B2FFF749FF0BFB5B
:10C4280004F40BFB00F2A7EB0B0505FB064405FB28
:10C438000A2294FBF7F492FBF7F20A9B1888B3F8E8
:10C4480002C04542CCF10006091A2DB236B209B233
:10C4580002FB05FE04FB06FA02FB01FBAEEB0A0732
:10C46800ABEB0A0A00EBE73700EBEA3A3FB20FFA08
:10C478008AFAA9EB0C0957450FFA89F904FB05F567
:10C4880002FB06F604FB01F104FB09F402FB09F9BF
:10C498003A46A8BF5246AEEB040E00EBEE3E0FFA4A
:10C4A8008EFE7245A8BF7246ABEB040B00EBEB3077
:10C4B80000B28242A8BF02465745B8BF57467745E3
:10C4C800B8BF7746AB190E440CEBE3330CEBE636FA
:10C4D8001BB236B28742B8BF0746013AB342A8F842
:10C4E80000201A46A8BF32464D440CEBE5352DB264
:10C4F800AA42A8BF2A4649440CEBE13C0FFA8CFC3F
:10C508006245A8BF6246B342B8BF3346AB42B8BF24
:10C518002B466345B8BF63460137013A0133A8F893
:10C528000470A8F80220A8F80630BDE8F88F0000CB
:10C538002DE9F04F044640680E4693B0C1051546F4
:10C548000B9307D540F20313984240F0C0800223B2
:10C558000593BFE0FEF788FD0728069000F2BC802F
:10C568000827B7FBF0F3039301230593238AB5F853
:10C5780008C0003B18BF01230993BDF9243069891D
:10C588000793638AB5F80CA0003B18BF0123B5F8E0
:10C598000E900A930CF1FF3C0139BDF92830A089AF
:10C5A800E589D44449441FFA8CFC89B20893AAEB64
:10C5B8000002ACEB0008A9EB0503A1EB050E92B253
:10C5C8001FFA88F89BB21FFA8EFE002E40F0868074
:10C5D800354612B20FFA88F11BB20FFA8EF0079F98
:10C5E8001FB1013A013112B209B2089F1FB1013BD4
:10C5F80001301BB200B2039F012F18BFC7F1000C16
:10C60800059F18BF02EA0C02022F07D123F001038D
:10C6180025B1023020F00100013800B2B4F808E07A
:10C62800B4F80AC00EF1FF3EADF834E04FF0000E4A
:10C638000CF1FF3CADF84020ADF84410ADF84600D1
:10C6480010AA0CA90EA8CDF830E0ADF836C0ADF8A8
:10C658004230FFF79BFE002800F057816368BDF960
:10C6680038B01A06BDF93A90BDF93E8040F108810C
:10C6780025B140F2C331A64812F088F9A3891FFA00
:10C688008BF213FA8BFBE3891FFA89F513FA89F900
:10C69800BDF83C3008F1010801339B1A23810B9B3C
:10C6A800A8EB050804330EA9A4F80CB0A4F80E9062
:10C6B800A4F80A8003C983E803002EB1B3889B1A43
:10C6C800B380F3885B1BF38013B0BDE8F08F0123C0
:10C6D80005930223039349E7012339E7B788B6F89E
:10C6E80006B0049796F90270012F00F0B380049801
:10C6F800121AA8EB000812B20FFA88F096F903C0D4
:10C70800BCF1010F00F0B1800025A3EB0B03AEEBE9
:10C718000B0E1BB20FFA8EFED6E902C1BCF5806F74
:10C7280002D1B1F5806F58D04FEA8C1C07EE90CA41
:10C73800099FF8EE676A07F10108A2EB080207EE05
:10C74800902A9FED747AB8EEE76AF0EE477A9FED8B
:10C75800725AE6EE267A67EE857AFDEEE77A80442D
:10C7680017EE902A07EE908AB8EEE76ADFED6B7A4B
:10C77800F0EE675AE6EE865A65EE856AFDEEE66AE1
:10C788000A9F890107F1010CA3EB0C0316EE900A2E
:10C7980006EE103A06EE901AB8EEC66AF8EE666A29
:10C7A800A6EE267A27EE057ABDEEC77AF44417EE90
:10C7B800103A07EE10CAB8EEC77AE6EE877A67EE47
:10C7C800857AFDEEE77A17EE901A0FFA81FE0021BE
:10C7D800CDE9071112B200B21BB2B6F9001071B35D
:10C7E8001FFA82FA1FFA83F9CAF100030EF1010E4B
:10C7F800ADF838300130C9F10003AEEB0902ADF8ED
:10C808003A30C1F56163A0EB0A010EA800901BB293
:10C8180092B289B210A8FFF7E4FDBDF84430BDF824
:10C828004020BDF8461052449A44BDF8423012B236
:10C838004B4489440FFA8AF01BB20FFA89FE049917
:10C848005B440A4401440BEB0E0012B209B21BB25E
:10C8580000B2C4E6049A049F8218A0EB0A00A2EB77
:10C868000C02384412B200B248E705EB0B03A5EB03
:10C87800090E5B1ADE4465461BB20FFA8EFE4BE7C3
:10C88800039B002D0CBFCA46C2465A1E12EA0B0F64
:10C8980004D04FF473711E4812F078F8059B5A1EA5
:10C8A80012EA0A0F04D040F2CD31194812F06EF89E
:10C8B800A28A039B013A1A445F4265683A4092B2E1
:10C8C800EB050AFB02B118D540F20317BD42606AB6
:10C8D8000FD108444FEA6A0351084FEA6B0201FB83
:10C8E8000322A36A60621344A362E36A1344E36207
:10C8F800C4E600EB41006062C0E6069B594323682A
:10C90800073103EBD1032360B8E6A060DCE600BF83
:10C91800937B051200FF7FC70000803700FF7F4729
:10C928002DE9F84307EE901A2DED028B9FED288A2A
:10C93800F8EEE76A08EE900ADFED267AB0EE487A5C
:10C94800F8EE688AA6EEA77AC7EE287AFDEEE77AAF
:10C9580017EE907AB2F5803F4FEA17490E46144613
:10C9680098464FEA0949BDB204D340F63C011A483B
:10C9780012F00CF8A5429FED197A1CDAC4F5803440
:10C988002C4407EE904AF8EEE77AA8EEA78A28EE3C
:10C99800078A0122BDEEC88A0B9BA6EB09061F6019
:10C9A8000A9B02EB264283ED008AA8F80020BDEC22
:10C9B800028BBDE8F8832D1B07EE905AF8EEE77A54
:10C9C800A8EEA78A28EE078A0022BDEEC88AE3E708
:10C9D8000000000000008047937B051200008037AC
:10C9E8002DE9F04F836897B09B010593C368804693
:10C9F800B0F900009B010F4616460693E0B10A24E1
:10CA08005A2290FBF4F494FBF2F302FB13431BB29B
:10CA18000BB9013424B214AA13A9FFF777FC2046F6
:10CA2800BDF95030BDF94C20002BB8BF5B42002A3D
:10CA3800B8BF5242F2833384B08398F9023086F843
:10CA48002E3098F9033086F82F307868FEF70CFB03
:10CA5800B7F90C30B7F808A00293B7F90E300AF10D
:10CA6800FF3503937B89B8F904B05C1E0793B8F9C6
:10CA78000630ADB20493B8F90030A4B2002B00F030
:10CA8800B980049A5146ADF83E200FAA009214A826
:10CA9800079AADF83CB0FFF7A4FCBDF95010BDF9FA
:10CAA80052C0BDF956300029ACBF00224A42BCF141
:10CAB800000F0D93ACBF0023CCF1000390B2089097
:10CAC80098B209900498BDF9549010FA83F000B216
:10CAD800049011FA82F110B20B9009B219FA82F09F
:10CAE8000C911BFA82FB81B20AFA82F200B28242EE
:10CAF800C8BF089A0A91C8BF05EB020A0D99C8BFBA
:10CB08001FFA8AF20FFA83FEC8BF0A921CFA83FC46
:10CB180011FA83F30C990A9A0029D8BF521A1FFAFE
:10CB280082FA079A1FFA83F972441BB29A42C8BF65
:10CB3800099B089AC8BF04EB0309049B0FFA8CFCF5
:10CB480033850B9BC8BF1FFA89F97384029BBCF11C
:10CB5800000FA3EB02031BB2099A0293039BD8BFF1
:10CB6800A9EB0C091FFA89F99B1A0FFA8BFB1BB268
:10CB78000AF1FF3509F1FF34A6F82AA0A6F82C908F
:10CB8800A6F826B0A6F824E0ADB20393A4B2059B9C
:10CB9800B3F5803F06D1069BB3F5803F02D13B69D0
:10CBA800002B71D012AB019310AB00933A8A059811
:10CBB8000DF13A034FEA0B41FFF7B2FE13AB0193B5
:10CBC800049911AB00937A8A06980DF13A03090487
:10CBD800BDF93A40FFF7A4FE10984FEA0A42B0EBBD
:10CBE8000A4F02D8059B934207D900233B8117B00F
:10CBF800BDE8F08FA146AA46C9E711994FEA094353
:10CC0800B1EB094F02D8069D9D4202D900237B81D2
:10CC1800EDE7121A9FED3F7A07EE902A9FED3E6AE4
:10CC2800F8EE677AF0EE475AE7EE865ADDED057AB8
:10CC3800F8EE676AC5EEA67AFDEEE77A029D5B1A02
:10CC480025442CB20294039DBDF83A40C6E905017B
:10CC580025442CB217EE905A07EE903AF8EE677A10
:10CC6800A7EE867ADDED067AF8EE676AC7EE267AD1
:10CC7800FDEEE77A039417EE904ABDF94E30BDF900
:10CC88004AB02D0C240C049398F902307BB1029A17
:10CC98007369C3EB024303EB4B43A3EB05429BB21F
:10CCA800C3F580337361131401331BB2029398F9EF
:10CCB800033033B1039B049A1B1B03EB42031BB2E3
:10CCC8000393029B0135ADB2BB810134039BA4B22F
:10CCD800B5F5806FFB813D817C8102D8B4F5806F0A
:10CCE8000BD9B5F5806F28BF4FF48065B4F5806F18
:10CCF80028BF4FF480643D817C81059BF360069BCF
:10CD0800336198F9023086F82E3098F9033086F8A6
:10CD18002F306CE700000000000080472DE9F04349
:10CD28000D46B1B034220021804623A83CF0D4FF40
:10CD38002822002119A83CF0CFFF2022002102A8B8
:10CD48003CF0CAFF2B682E8916936B686F8917937E
:10CD5800AB89022E6D4CADF86060ADF86270ADF82D
:10CD68006C3058D94FF40063B3FBF6F34FF0030966
:10CD780004932B69204623606B69221D04F1080186
:10CD8800A360ADF8A090FEF7D0F8AB6904F11C02DF
:10CD9800A361EB6904F1200104F1180023624E46F7
:10CDA800FEF7C3F8022F6ED94FF40063B3FBF7F315
:10CDB800002505932BB2B34205F1010558DB032783
:10CDC800032323A90AA823942493ADF89460ADF80B
:10CDD8009670FEF735FC4EB147B10AAA23A902A8FE
:10CDE800FFF7FEFDBDF89460BDF89670002216A905
:10CDF80023A8ADF89460ADF89670FEF745F80028C2
:10CE08006CD116AB1A461946D8F80000FEF742FB5B
:10CE180031B0BDE8F0830DD14FF4806304932B69E2
:10CE2800ADF8A06023606B69A360AB69A361EB698F
:10CE38002362B7E7012E14D14FF48063204605F131
:10CE4800140205F11001ADF8A0600493FEF76DF827
:10CE580005F11C0205F1180104F11800FEF765F848
:10CE6800A0E741F21A712A4811F090FD002699E7CF
:10CE78009B0003F10C0203F1180122442144E0183D
:10CE8800FEF753F896E70FD14FF48063002205931D
:10CE980013B2B34202F1010292DAD91C063354F8F4
:10CEA800233044F82130F3E7012F10D14FF4806389
:10CEB8000025059329B2B14205F1010580DA04EB9A
:10CEC8008102114610461831FEF72FF8F2E741F2B9
:10CED8003C710F4811F05AFD002771E70123FF2428
:10CEE8000321CDE90043404623AB0AAAFEF74EFFD3
:10CEF800014608B101208BE72346404616AAFEF7F3
:10CF08003DFE00283FF47DAFF4E700BF48A50020B0
:10CF1800937B05122DE9F04FBDB0CDE908239DF8AC
:10CF28001831CDE902010593013B13F0FF03069385
:10CF380000F0D2804FF00008059B34259F1E0BABF4
:10CF48007EB243FA87F7099BC14603EB461AFF23D3
:10CF58004FF0010B444616FB05150493CDF81C80D1
:10CF6800002E50DA3426039B099F1C46B8461D46FE
:10CF78004FF00009059A0DF1300B06FB0236343EDE
:10CF8800069B4B4500F2AB804FF000094FF0FF388D
:10CF98004D460DF12C0A0DF1300B069BAB4200F209
:10CFA800DF803346DDE90201069AFEF74FF90446B1
:10CFB80000285CD101467068FEF714FAB8F1FF3F0B
:10CFC80005460CD03022342103980CAB02FB083301
:10CFD80001FB080132460298FEF7A4FB0446029BB7
:10CFE80029EA05001A6830F07F4305D0029B93F8C0
:10CFF8003830DB0700F10D81D2F8F03023F001035F
:10D00800C2F8F03033E0AA8A2B899A4204D241F25E
:10D01800D9518A4811F0BAFC6B682A69591F62B95C
:10D02800DAF80820B2F5806F07D1DAF80C20B2F5EB
:10D03800806F02D1DAF80020EAB1032903D8AA7E6A
:10D04800013A012A12D9BBF1000F0FD04FF00302A9
:10D058004FF0000B3A70621CD2B2049218061BD52E
:10D06800079A0132D2B2012A079215D90124204623
:10D078003DB0BDE8F08F03291ED8AA7E013A012AE7
:10D088001AD808F101085FFA88F8B8F1010FEDD84D
:10D09800002EEBD005223A70D90506D509F1010911
:10D0A8005FFA89F9B9F1010FE0D8013E76B2013F84
:10D0B800343DAAF1200A53E7BBF1000F05D0611CEB
:10D0C80001D0012E03D10322C2E7621CCED0E4B204
:10D0D8003C70013C64B2C1E7FF23049342E730236C
:10D0E80003FB09BA29465046FEF7AAFA53463246C8
:10D0F80041462846FFF71CFA2B6963B9D8F808306F
:10D10800B3F5806F07D1D8F80C30B3F5806F02D132
:10D11800D8F80030D3B10BAB19F80330032B04D087
:10D1280040F69201454811F031FC2B8933B16B89E7
:10D1380023B1524629464046FFF752FC00223146A9
:10D148002846FDF7A1FE08B928816881059903984A
:10D15800FDF701FF09F10109343508F120080FE74F
:10D16800002231462046FDF78FFE00282FD0236984
:10D178009AF8001063B9BB68B3F5806F08D1FB68F3
:10D18800B3F5806F04D13B6813B98B1E012B24D8EB
:10D198003022049B02FB05B20193089B02985B5D59
:10D1A80000932346FEF7F2FD03466068020640D46A
:10D1B800A17E0593FEF716F9059B49EA0009002BA5
:10D1C8007FF454AF636813F0800F18BFA846013589
:10D1D80034340AF1010A2037DFE66368053B032B84
:10D1E80010D8A37E013B012B0CD825B94FF4B451BC
:10D1F800124811F0CBFB22461AF8011C0298FDF7E1
:10D208007BFFD1E7089B22465B5D0298FEF7B6FCE0
:10D21800CAE7430A010903F4607301F07001400092
:10D228000B4300F00E00034343F4E05343F00103C3
:10D23800E6E6002B7FF41AAFA846C8E7937B0512F1
:10D2480010B5836804461861C26D002302B11370DB
:10D25800226884F83C30626202F5806284F82E30DD
:10D26800A362A38520466260FEF7D4F90F203CF044
:10D2780063FC01232375002010BD00002DE9F04F49
:10D288009946C36904460F461546E5B023B140F6F2
:10D29800B171414811F07AFB237D012BD8B206D039
:10D2A80040F6B6730220A36165B0BDE8F08F042D87
:10D2B8000BD83E463B46002295420AD8D9F804309E
:10D2C800032B11D940F6C67301E040F6BB73A36186
:10D2D800EAE71989543333F840CC8C4502D240F63A
:10D2E800C273F4E70132E7E72046FEF7A9FB4B4695
:10D2F80039462A462046FEF7CBF902234FF0000AAA
:10D30800237534230DF1080B23AF0DF10C08554597
:10D3180016D103FB05704946FEF7D6F9691CC9B258
:10D328003846FDF718FE009143463946204602AAC2
:10D33800FFF7F0FD00B32046FEF797FF0020B3E7A4
:10D34800314603FB0A70FEF7BFF9342396F8322002
:10D3580008EB4A1E0BF8012B06F134025436F4464A
:10D36800106851680832ACE80300B242E646F6D1CC
:10D3780016460AF1010ACAE7084BE36123689A686E
:10D388009A602268D36843F00103D3602268136867
:10D3980043F001031360D1E7937B051273C20212B5
:10D3A800F0B5C36904460E461546A7B023B141F24D
:10D3B8003F11504811F0EAFA6B68032B05D94FF476
:10D3C8008A530120A36127B0F0BD237D012B04D02F
:10D3D80041F244130220A361F5E72046FEF730FB33
:10D3E8002046FDF717FEB0B10522034603F8082BC7
:10D3F800324606F1340152F8047B8A4243F8047B32
:10D40800F9D12B463C3005F1340253F8041B934202
:10D4180040F8041BF9D10223237533460CAA06F100
:10D428003007164618685968083303C6BB423246A7
:10D43800F7D12A46186819AB306005F130061D4649
:10D4480010685168083203C5B2422B46F7D11068FC
:10D4580019A9002228600CA8FEF753FA68460CA9FF
:10D46800FEF7EEF86B46002119AA0CA8FFF760F842
:10D47800002219A90CA8FEF744FAFF230021204630
:10D488000CAAFEF77BFB48B919AB1A4620680CA911
:10D49800FEF700F830B141F27613A3612046FEF79B
:10D4A800A5FE25E00D9B1A0609D523681B6D5B00B8
:10D4B80005D56B46204619AA0CA9FEF733F90022B8
:10D4C80023689A612268936943F0007393610A4B59
:10D4D800E36123689A689A602268D36843F001037D
:10D4E800D3602268136843F0010313600028D5D184
:10D4F800002068E7937B0512F5C1021238B504468F
:10D508000D4621B941F2B1111E4811F03FFAE36905
:10D5180023B141F2B2111B4811F038FA6B68032BA2
:10D5280004D941F2B3130120A36138BD237D012B37
:10D5380004D041F2B7130220A361F6E72046FEF7B4
:10D548007FFA29462046FEF7DBF8022329462046C3
:10D558002375FFF7E3FB20B12046FEF778FE002095
:10D56800E3E7094BE36123689A689A602268D36805
:10D5780043F00103D3602268136843F0010313608A
:10D58800EDE700BF937B051257C2021270B590F801
:10D598003C500446012D1CD10026FDF751FD002109
:10D5A8000068FEF717FE29462068FEF713FE20687C
:10D5B800FEF734FE22682046D2F8C03023F08053AC
:10D5C800C2F8C03023689E61FEF770FA84F83C60A8
:10D5D8002575002070BD00002DE9F04F1D46C36978
:10D5E800044688469146F1B023B141F201319E4884
:10D5F80011F0CCF9237D012BD8B206D041F20633C5
:10D608000220A36171B0BDE8F08F09F1FF33032B4D
:10D618000CD87A9B53B17B9B43B1434600221E89A9
:10D62800998A8E4206D941F2123301E041F20B3356
:10D63800A361E7E70132914503F15403EFD86B6822
:10D64800032B02D941F21533F2E72046FEF7F8F929
:10D658002046FDF7DFFF2046FDF7DCFC0646C8B193
:10D668000823542700F80C3B414607FB09F220F039
:10D67800C5FA3A46294606F5AE7020F0BFFA7A9BFD
:10D6880086F80890C6F8B0317B9BC6F8B4317C9B0D
:10D69800C6F8B8310223237584F83C307A9B23649A
:10D6A8007B9B63647C9BA3642B89B5F90CA0013B2D
:10D6B80053441BB202936B89B5F90EB0013B5B442E
:10D6C8001BB268680393FDF7CFFCC3080493049A60
:10D6D800AB8A5F46534334220A932B680B932FABD4
:10D6E80002FB0933099309F10103DBB20693039B9B
:10D6F8009F4208DD2046FDF7A3FCA06800F02EFA43
:10D708000028FAD1B9E008F15403194607933846BE
:10D718007C9A7B9B98478742064604DD41F232316A
:10D72800514811F033F90398C7F10107B042A8BF77
:10D738003046564603B20C9307FA80F30D93029BCA
:10D748009E420DDD0C9BDDE90A1201331FB2A7EBE7
:10D758000B0301FB0323A5F80CA0EF812B60C6E7A0
:10D7680030467C9A07997A9B98478642074604DD9B
:10D7780041F237313C4811F009F9029BC6F1010624
:10D788009F42A8BF1F46BBB216FA87F72F814646AD
:10D79800002708930D9B6B810EAB059334222FABAA
:10D7A80002FB07303146FDF78FFF059A96F83230B5
:10D7B80006F1540E02F8013B05920FAA06F1340354
:10D7C80002EB471C624618685968083303C2734560
:10D7D8009446F7D10137B94506F15406DED82946F3
:10D7E8000998FDF771FF06992FA8FDF7B4FB236888
:10D7F8005B6853B3236A43B394F82E202ABB236093
:10D80800012384F82E30A06800F0A8F90646002805
:10D81800F9D1069B204600930EAA0FAB2FA9FFF75C
:10D8280079FB102815D194F82E301BB1636A84F85F
:10D838002E6023602B682A89049901FB02332B6030
:10D84800089B01331EB2AE8179E72046FDF7F8FB4D
:10D85800D9E758B92046FEF709F92268136843F05A
:10D8680001031360E6E700BF937B051294F82E309E
:10D878001BB1636A84F82E602360002500212068AC
:10D88800FEF7A8FC01212068FEF7A4FC2068FEF73B
:10D89800C5FC22682046D2F8C03023F08053C2F875
:10D8A800C03023689D6184F83C50FEF7FFF80123DF
:10D8B80028462375A6E600BF026891689160016852
:10D8C800CA6822F00102CA60C36903B118477047E9
:10D8D80010B4026803461468916814F0040F0FD05E
:10D8E80011F0040F0CD0916821F00401916004211B
:10D8F80002685160036A002B33D05DF8044B184767
:10D90800A00712D5880710D5916821F01A019160F7
:10D91800012202215A761A68516000221A76DA69C1
:10D92800FAB118465DF8044B104720070FD50807D1
:10D938000DD5916821F01E01916008211A68516087
:10D948000122DA625A7600221A765A6AE8E7E00675
:10D9580007D5C90605D5102151604FF48062DA62F7
:10D96800F3E75DF8044B704738B50A7A054602F0CC
:10D978007F02022A0C4664D812B14B7A012B60D17F
:10D9880023689B075DD1607A012804D1636813F08E
:10D9980003033CD038BD08B92B68D8602A68D3681F
:10D9A80023F00803D3606B6943B1206800F170422B
:10D9B800B2F1805F28BF00F130409847236803F137
:10D9C8007042B2F1805F2A6838BF03F1A043536008
:10D9D800B4F90E20002A28DD6089431E13449AB248
:10D9E800B4F91030002B26DDA1894C1E23449BB2CC
:10D9F8002C6841EA00416161296843EA02438B616E
:10DA08002A680020136E63F07F431366C2E71AB1D9
:10DA1800012A14BF022301232A685B0043F0010393
:10DA2800D3602B6862689A60B8E70EBF01204FF692
:10DA3800FF720020D4E70EBF01214FF6FF730021CB
:10DA4800D6E70120A6E700000268034B9A4202D1FC
:10DA58000D203CF071B87047006000500368054A1B
:10DA6800934206D15B6F1B0E052B02D00D203CF0B4
:10DA780067B87047006000500268034B9A4202D1B1
:10DA88000D203CF05DB870470060005038B5037A4F
:10DA9800044603F0FF0553B90D203CF04DF8236808
:10DAA80084F82050E36101232372284638BD0125FC
:10DAB800FBE7037A012B01BF002380F820300372B3
:10DAC800184618BF0120704738B5036804465D6AD8
:10DAD8005D6215F0010313D00368DA68D20642BF0D
:10DAE800DA6822F01002DA60002203681A62FFF78F
:10DAF800B5FF0123237263680BB1204698470123C1
:10DB080015F01C0007D013B92046FFF7A7FF042320
:10DB180001202372E56038BD70B5037A0446012BF5
:10DB28000D46DEB20CD1FFF78FFF022329462046AF
:10DB38002372FFF719FF28B12046FFF79DFF2672D1
:10DB4800012070BD4FF0FF33226893622268536250
:10DB58001D2223681A6223681E60F2E7007A0138E2
:10DB680018BF0120400070470FB404B07047000090
:10DB7800B1288BBFB238523880B280B28CBF1C4BF0
:10DB88001C4B3F2810B529D903F58073403880B263
:10DB98000122824018481C1D02601848B1290460FF
:10DBA80018698CBFB239523942EA00028CBF89B277
:10DBB80089B21A618CBF0E4B0E4B3F2913D903F55E
:10DBC8008073403989B201228A400D49181D0A60C4
:10DBD8000C49086019690A431A6110BD1F28D7D972
:10DBE80080332038D3E71F29EDD980332039E9E77E
:10DBF8000000084000000A5074A5002078A5002005
:10DC08006CA5002070A50020F0B51C4B1B68002BEC
:10DC180032D01B491B4C09682468CE434FF0070CCF
:10DC2800E7431A680A431A60174A126815682543B9
:10DC380015601D6825EA01051D6015683D401560E1
:10DC480040FA0CF515F0010F1D6814BF0D4335405F
:10DC58001D601568BCF1010C45EA04051560ECD29D
:10DC6800106807401760186806401E601068044373
:10DC780014601A6811431960F0BD00BF70A5002038
:10DC88006CA5002074A5002078A5002070B5044676
:10DC98000D460646331B9D4200DC70BD16F8010B8D
:10DCA800FFF7B2FFF6E7421E0020531C02D012F81D
:10DCB800013F03B97047A3F13001C9B2092903D85C
:10DCC8004BB203EB0010F0E7A3F16101052902D87C
:10DCD800573B5BB2F5E7A3F141010529EAD8373B89
:10DCE800F7E72DE9F341002504460F461646A846F6
:10DCF80023780BB1AE4203DC284602B0BDE8F081C0
:10DD08008DF8043063788DF8053033B9013401A8F3
:10DD1800FFF7C9FF78550135EAE78DF80680023428
:10DD2800F5E70000014B43F82010704730B00C5065
:10DD3800014B53F82000704730B00C5070472DE964
:10DD4800F04204460E4615461F46DDF81890236833
:10DD5800DB6836EA03030CBF01230023AB4201D082
:10DD6800002019E0B9F1FF3F18D03BF0DDFE079B1A
:10DD7800C01A484502D8B9F1000F0FD12368DB68F3
:10DD880036EA03030CBF01230023AB4206D1E36B41
:10DD980043F020030120E363BDE8F082002FD6D0D2
:10DDA8002368DA68120503D5E36B43F00103F1E752
:10DDB800DB685B05CBD5E36B43F00403EAE72DE9A9
:10DDC800F0435F1E85B0012F0446DDE90C56C8B24A
:10DDD80048D803274000012B8DF808008DF80970FA
:10DDE800D0B234D1012302278DF80A008DF80B3008
:10DDF8000022904623680DF108099A6021680B6893
:10DE080023F070030B6022684021D368204643F456
:10DE18008863D360236899F800201A61236899F809
:10DE280001205A604CF620430022CDE90056FFF746
:10DE380086FF60B30320E36B43F02003E3632268AB
:10DE4800D36843F48863D36005B0BDE8F083012349
:10DE5800120A8DF80A208DF80B308DF80C008DF819
:10DE68000D30C5E72769012F06D1032340008DF83F
:10DE780008008DF80930BBE70323C91101F006013A
:10DE880061F00F018DF808108DF80930AAE708F144
:10DE980001085FFA88F39F4209F10209B3D8CEE777
:10DEA8002DE9F0430746581E85B00128DDE90C56D8
:10DEB80053D803244900012B8DF808108DF8094028
:10DEC800D0B23FD102248DF80A008DF80B3003221E
:10DED80004AB03EB440341F0010103F8081C03F809
:10DEE800072C0134002290463B680DF108099A601E
:10DEF80039680B6823F070030B603A684021D368D7
:10DF0800384643F48863D3603B6899F800201A6167
:10DF18003B6899F801205A604CF620430022CDE96D
:10DF28000056FFF70CFF002839D00320FB6B43F0A5
:10DF38002003FB633A68D36843F48863D36005B071
:10DF4800BDE8F0830123120A8DF80A208DF80B3002
:10DF58008DF80C008DF80D30B9E73C69012C08D11B
:10DF68000323490041F001018DF808108DF80930AC
:10DF7800B8E7CB1103F0060363F00F0203248DF812
:10DF88000820012263F00E038DF809408DF80A106D
:10DF98008DF80B208DF80C308DF80D40A2E708F1B4
:10DFA80001085FFA88F39C4209F10209A5D8C1E784
:10DFB8002DE9F347DDF8289004460E4617461D461E
:10DFC800BDF82C80B9F1000F02D0B8F1000F06D1CE
:10DFD8004FF40073E363012002B0BDE8F0870368E3
:10DFE800DB6813F0040A60D190F83430012B5CD060
:10DFF800012380F834303BF097FD4FF47A73019099
:10E0080000933A462B4631462046FFF7D8FE10B11A
:10E0180084F834A0DFE7013D012D8CBF4023102395
:10E0280084F83830224BE063A4F81E802362214B29
:10E038002268A362E38BC4F818909BB2B3F5007F03
:10E048002EBF40F2FF13E38B9BB2A383936823F0A8
:10E05800400393602123226884F83730D36843F063
:10E068004003D3602268136843F480731360A26985
:10E07800236812781A61A28B2368012A0CBF052233
:10E0880001225A60A3690133A361E38B013B9BB270
:10E09800E383A38B013BA383002384F834302268F5
:10E0A800936843F4A253936096E7022094E700BF75
:10E0B8000000FFFF85ED02122DE9F74F1E4690F88C
:10E0C80037300446202B89469246BDF834B0DDF837
:10E0D80038803CD10C9B13B1BBF1000F06D14FF433
:10E0E8000073E363012003B0BDE8F08F90F834308B
:10E0F800012B2CD0012380F834303BF015FD054668
:10E108002368DF6817F004070BD1334652464946A7
:10E118002046CDE90085FFF7C3FED0B184F83470FE
:10E12800E0E73BF001FD401BB0F57A7FE8D92368B2
:10E13800DB685B07E4D5E36B43F02003E36320234C
:10E1480084F83730002384F8383084F834300220DB
:10E15800C9E72223013E012E84F837308CBF4023C3
:10E16800102384F838300C9BE063A4F81EB0A36138
:10E17800E38BA062A383E38B9BB2D3B90122042172
:10E188002046CDE90085FFF7DAFD002839D0E36B9A
:10E1980043F02003E3632368D968DA680A43DA6046
:10E1A800202384F83730002384F8383084F834305A
:10E1B80098E722688021D368204643F08003D36023
:10E1C800E38B9BB2012B14BF01220D2223685A60F6
:10E1D800E38B00224CF62043CDE90085FFF7AFFD25
:10E1E80023680028D7D11A69A3691A70A369013373
:10E1F800A361A38B013BA383E38B013B9BB2E38326
:10E20800B9E7202384F8340084F8373084F83800DC
:10E2180069E770472DE9F74F1E4690F837300446F6
:10E22800202B89469246BDF834B0DDF838803CD1C1
:10E238000C9B13B1BBF1000F06D14FF40073E363DD
:10E24800012003B0BDE8F08F90F83430012B2CD0BA
:10E25800012380F834303BF067FC05462368DF680B
:10E2680017F004070BD13346524649462046CDE9FC
:10E278000085FFF7A4FDD0B184F83470E0E73BF0E7
:10E2880053FC401BB0F57A7FE8D92368DB685B074D
:10E29800E4D5E36B43F02003E363202384F83730AD
:10E2A800002384F8383084F834300220C9E7212369
:10E2B800013E012E84F837308CBF4023102384F8A8
:10E2C80038300C9BE063A4F81EB0A361E38BA06216
:10E2D8009BB2A383E38B9BB2D3B9012204212046CE
:10E2E800CDE90085FFF72BFD002838D0E36B43F01C
:10E2F8002003E3632368D968DA680A43DA602023D5
:10E3080084F83730002384F8383084F8343097E7BD
:10E3180022684021D368204643F04003D360A269B5
:10E32800236812781A61E38B9BB2012B14BF012278
:10E33800052223685A60E38B00224CF62043CDE97E
:10E348000085FFF7FCFC0028D4D1A3690133A36141
:10E35800E38B013B9BB2E383A38B013BB8E720230C
:10E3680084F8340084F8373084F8380069E700000E
:10E3780010B5838B044623B941F23861274810F061
:10E3880005FB2268D36843F40053D36094F8373010
:10E39800212B1CD1E28B236892B27AB99A6842F495
:10E3A80050529A602268136843F4A8731360236874
:10E3B800A28B9A62202223685A6010BD9A6842F4A0
:10E3C80010529A602268136843F01003EEE794F83D
:10E3D8003730222B1BD1E28B236892B272B99A682C
:10E3E80042F450529A602268136843F4B873136079
:10E3F8002368A28B9A6223684022DDE79A6842F478
:10E4080010529A602268136843F01003EFE74FF444
:10E41800B351BDE81040014810F0B8BAC67B0512E8
:10E428002DE9F74F0C9E0446884691461F46BDF8D5
:10E4380034B016B1BBF1000F07D14FF40073E3639A
:10E448000125284603B0BDE8F08F0368DD6815F0A4
:10E4580004057AD190F83430012B76D0012380F866
:10E4680034303BF061FB222384F837307B1E012BCC
:10E478008CBF4023102384F83830354BE563A4F86B
:10E488001EB02362334B8246A362E38BA6619BB224
:10E49800B3F5007F2EBF40F2FF13E38B9BB2A3833B
:10E4A800236B002B2ED000252B4A5A63236B2B4A53
:10E4B800DA63236B32469D63236B1D64E38B21680B
:10E4C800206B9BB23031FCF725FB064688BB4FF426
:10E4D8007A734A46009341463B462046CDF804A04D
:10E4E800FFF7DEFC0546C8B12023206B84F83730DF
:10E4F80084F83860FCF757FA10B1206B036C984722
:10E50800002308E0202284F8372084F83830E26BB2
:10E5180042F08002E26384F8343091E7E38BA28B07
:10E5280084F834009B1A9BB22046E383FFF720FF50
:10E5380087E7202384F8373084F83850E36B84F871
:10E54800345043F01003E3637AE7022579E700BF0C
:10E558000000FFFF79EE02121BE202126FEE0212B8
:10E568002DE9F74F0C9E0446884691461F46BDF894
:10E5780034B016B1BBF1000F07D14FF40073E36359
:10E588000125284603B0BDE8F08F0368DD6815F063
:10E5980004057AD190F83430012B76D0012380F825
:10E5A80034303BF0C1FA212384F837307B1E012B2D
:10E5B8008CBF4023102384F83830354BE563A4F82A
:10E5C8001EB02362334B8246A362E38BA6619BB2E3
:10E5D800B3F5007F2EBF40F2FF13E38B9BB2A383FA
:10E5E800E36A002B2ED000252B4A31465A63E36A92
:10E5F8002A4ADA63E36A9D63E36A1D64E38B22684F
:10E60800E06A9BB23032FCF785FA064688BB4FF4C5
:10E618007A734A46009341463B462046CDF804A00B
:10E62800FFF7CDFB0546C8B12023E06A84F83730F0
:10E6380084F83860FCF7B7F910B1E06A036C9847C2
:10E64800002308E0202284F8372084F83830E26B71
:10E6580042F08002E26384F8343091E7E38BA28BC6
:10E6680084F834009B1A9BB22046E383FFF780FEB0
:10E6780087E7202384F8373084F83850E36B84F830
:10E68800345043F01003E3637AE7022579E700BFCB
:10E698000000FFFF79EE021245DD02126FEE021252
:10E6A8002DE9F347DDF8289004460E4617461D4627
:10E6B800BDF82C80B9F1000F02D0B8F1000F06D1D7
:10E6C8004FF40073E363012002B0BDE8F0870368EC
:10E6D800DB6813F0040A4ED190F83430012B4AD08D
:10E6E800012380F834303BF01FFA4FF47A7301901D
:10E6F80000933A462B4631462046FFF7D1FB10B12E
:10E7080084F834A0DFE7013D012D8CBF402310239E
:10E7180084F83830194BE063A4F81E802362184B44
:10E728002268A362E38BC4F818909BB2B3F5007F0C
:10E738002EBF40F2FF13E38B9BB2A383936823F0B1
:10E74800C00393602223226884F83730136843F4A7
:10E7580080731360E38B9BB2012B14BF01220D223F
:10E7680023685A600023226884F83430936843F49D
:10E77800A6539360A8E70220A6E700BF0000FFFFAA
:10E7880085ED021238B5036B0C684FF400551C6018
:10E798000024036BC9685960036B9C60036BDC60E1
:10E7A8008023016B0B61016B4C61016B8C61016B08
:10E7B800CC61016B0D62C16A15680D60C16AD268CF
:10E7C8004A601021C26A9160C26AD460C26A136149
:10E7D800C36A5C61C36A9C61C36ADC61C36A1C6208
:10E7E800006BFBF7D9FF204638BD7047F8B50446E3
:10E7F800002800F0A6800368534A93420FD002F520
:10E80800805293420BD002F58052934207D002F512
:10E818008052934203D0F2214C4810F0B7F8E368D5
:10E82800B3F5806F03D3F321484810F0AFF823699C
:10E83800013B012B03D9F421444810F0A7F82368C1
:10E84800414A934261D12D203BF032FA94F8373097
:10E8580003F0FF0223B9204684F83420FFF7C5FFF0
:10E868002423226884F83730136823F004031360E4
:10E8780094F8367094F838303E03102B06F4E046CE
:10E8880052D146F00906636823B94FF4A5712F48A1
:10E8980010F07CF863685D0805F1377505F5D84513
:10E8A800B5FBF3F5ED1B063DB5F5806F4FEA55074F
:10E8B80004D34FF4A771254810F068F822680020A7
:10E8C8009369AD086FF3512343EA472393612268A4
:10E8D800032D936938BF03256FEA53236FEA432357
:10E8E80093612368033D1E60236898602368E2688B
:10E8F8005A612268D36923F0FF032B43D361202395
:10E90800E06384F837306062F8BD114A934201D160
:10E918002E2099E70F4A934201D12F2094E70E4AFF
:10E92800934293D130208FE794F83830202B02D1CE
:10E9380046F00506A7E74FF4A471044810F026F83E
:10E94800A1E70120E0E700BF00C00950C67B05121F
:10E9580000D0095000E0095000F00950704700004D
:10E9680010B5044648B30368154A934210D002F51F
:10E97800805293420CD002F58052934208D002F59F
:10E988008052934204D04FF4D3710E480FF0FEFF2B
:10E998002423226884F837301368204623F00403C0
:10E9A8001360FFF7DBFF0020E06384F8340084F88D
:10E9B8003700606284F8380010BD0120FCE700BF12
:10E9C80000C00950C67B05121FB5069C0092CDE910
:10E9D800013400231A46FFF71DFC04B010BD1FB513
:10E9E800069C0092CDE9013400231A46FFF764FB28
:10E9F80004B010BD13B590F83740202C07D1CDE9ED
:10EA0800002300231A46FFF7D3FA02B010BD0220F4
:10EA1800FBE713B590F83740202C07D1CDE9002348
:10EA280000231A46FFF73CFE02B010BD0220FBE7A8
:10EA380013B590F83740202C07D1CDE900230023E7
:10EA48001A46FFF78DFD02B010BD0220FBE713B593
:10EA580090F83740202C07D1CDE9002300231A462F
:10EA6800FFF7DEFC02B010BD0220FBE72DE9F047FE
:10EA78001C46013B012B05460E461746DDF8208053
:10EA8800BDF82490DDF828A004D940F634210748C1
:10EA98000FF07CFF23463A4631462846CDE9099ACD
:10EAA800CDF82080BDE8F047FFF7B4BBC67B051260
:10EAB8002DE9F0471C46013B012B05460E4617463B
:10EAC800DDF82080BDF82490DDF828A004D940F6B0
:10EAD800472107480FF05AFF23463A463146284651
:10EAE800CDE9099ACDF82080BDE8F047FFF7E4BAF0
:10EAF800C67B05122DE9F0471D46013B012B044654
:10EB08000E461746DDF82080BDF8249004D940F65B
:10EB18005A210A480FF03AFF94F83730202B09D1D0
:10EB28002B463A4631462046CDE90889BDE8F047EC
:10EB3800FFF73EBA0220BDE8F08700BFC67B05128A
:10EB48002DE9F0471D46013B012B04460E461746AA
:10EB5800DDF82080BDF8249004D940F66D210A48DC
:10EB68000FF014FF94F83730202B09D12B463A4682
:10EB780031462046CDE90889BDE8F047FFF790BD4A
:10EB88000220BDE8F08700BFC67B05122DE9F047DB
:10EB98001D46013B012B04460E461746DDF8208032
:10EBA800BDF8249004D940F67F210A480FF0EEFE04
:10EBB80094F83730202B09D12B463A463146204667
:10EBC800CDE90889BDE8F047FFF7CABC0220BDE8D7
:10EBD800F08700BFC67B05122DE9F0471D46013BB3
:10EBE800012B04460E461746DDF82080BDF8249018
:10EBF80004D940F691210A480FF0C8FE94F837303E
:10EC0800202B09D12B463A4631462046CDE90889C2
:10EC1800BDE8F047FFF704BC0220BDE8F08700BF5D
:10EC2800C67B05127047704770477047704770473A
:10EC3800002310B502680446936083620368DA68AB
:10EC4800DA60C36B02680B43C36390F83730602BFC
:10EC58001CBF202380F83730136813F010032CD022
:10EC680090F83730212B13D1536823F020035360D9
:10EC7800C36A6BB3194A1A64002380F83430C06A37
:10EC8800FBF791FE20B3E06A036CBDE8104018471B
:10EC980090F83730222B1BD1536823F04003536080
:10ECA800036BABB10D4A1A64002380F83430006B53
:10ECB800FBF779FE60B1206BE6E790F83720602A11
:10ECC80007D1202280F8343080F83720FFF7AFFFD3
:10ECD80010BD80F83430FFF7A9FFF9E739EF0212C9
:10ECE80010B50268D36843F48053D36000230268E8
:10ECF80093600268D468D46043628362A3F580336A
:10ED080003624B0542BFC36B43F00403C36390F82F
:10ED18003730602B04D1BDE81040C16BFFF788BFC6
:10ED280090F83730212B12D1202380F8373090F813
:10ED38003830402B4FF0000380F8383080F83430FA
:10ED480002D1FFF771FF10BDFFF76CFFFBE790F8EA
:10ED58003730222BF7D1202380F8373090F838301D
:10ED6800402B4FF0000380F8383080F8343002D15F
:10ED7800FFF75BFFE7E7FFF756FFE4E738B590F8E2
:10ED880034300446012B6CD00120236884F8340009
:10ED9800D968D96023689A6894F83750212D07D02C
:10EDA80094F83750222D03D0002384F8343038BD2E
:10EDB80011F0C00F1ED094F8370022282CD1E08B18
:10EDC80080B2B8B11869A3691870A3690133A36147
:10EDD800A38B013BA383E38B013B9BB2E383E38BD0
:10EDE8009BB23BB1E38B20689BB2012B0CBF0D2378
:10EDF80001234360C8042DD5D2042BD5E38B9BB2E5
:10EE08001BB1E36B43F00103E3632046FFF768FFA0
:10EE1800002084F83400CAE794F837002128E9D1A3
:10EE2800E08B80B20028E5D0A06900781861E38BF8
:10EE380020689BB2012B0CBF052301234360A36903
:10EE48000133A361A38B013BA383E38B013B9BB2FB
:10EE5800E383CFE74B05DBD504212046FFF7E8FE27
:10EE6800D6E70220A3E71021006BFFF7E1BE000000
:10EE780038B590F834300446012B54D0012023686B
:10EE880084F83400D968D96023689A6894F83750B0
:10EE9800212D07D094F83750222D03D0002384F871
:10EEA800343038BDC80412D5D50410D594F83720AD
:10EEB8002046212A5A680CBF22F0200222F0400284
:10EEC8005A60FFF70DFF002084F83400E9E7480591
:10EED80004D504212046FFF7ABFEF4E789041CD5CE
:10EEE80093041AD5E38B9BB2002BECD0A28BA369B9
:10EEF80020461344A361E38B9BB2B3F5007F2CBF7C
:10EF080040F2FF12E28BE38B38BF92B29B1A9BB29E
:10EF1800A283E383FFF72CFAD5E741F2D92103480E
:10EF28000FF034FDCFE70220BBE700BFC67B051218
:10EF380008B50023006BC26A1364026B136490F86F
:10EF48003730602B05D1202380F83730FFF76FFE6C
:10EF580008BDFFF76BFEFBE790F83730202B03D195
:10EF68000368DB685B0703D490F83700C0B27047CA
:10EF78002420704738B50268044693696FEA532322
:10EF88006FEA4323936102680120136843F000434A
:10EF980013603AF071FE2268136823F0004313608F
:10EFA8002268136843F08043136023681D6815F0D6
:10EFB800804511D11A68012042F000421A603AF0E7
:10EFC8005BFE22682846136823F000431360202361
:10EFD800E56384F8373038BD01203AF04DFEE4E7A8
:10EFE80008B537203AF064FE054A136823F0010398
:10EFF8001360A2F54032936D23F00103936508BDB9
:10F0080000100B502DE9F84F0D46044620B940F288
:10F01800B1117C480FF0BAFC25B94FF4D971794881
:10F028000FF0B4FC2068784EB04214BF02200120D3
:10F038003AF05AFD22790346A560122A00F2DA80D6
:10F04800DFE802F020201D0A0A0A0A0A0A0A0A0A48
:10F058000AD8D8C6C61D4100681E1844B0FBF5F092
:10F06800FF2828BFFF20022838BF02202168D1F8D6
:10F078009C2022F47F5242EA8012C1F89C20002092
:10F08800BDE8F88F681E1844B0FBF5F001284FEA78
:10F098005001A0EB500214D9802828BF3F213F2AF5
:10F0A80028BF3F22012A38BF01222068D0F88430C7
:10F0B8006FF3911343EA023343EA8113C0F88430B3
:10F0C800DDE70121EBE72068504DB04214BF022074
:10F0D80001203AF009FD01214B4BB0FBF5F5206802
:10F0E8004FF47A77984214BF022008463AF02CFD74
:10F0F800638A268AB4F816B01E44A38A81461E4441
:10F10800238B76109B44638B9B444FF425735D439C
:10F1180005F5FA75B5FBF7F74FF4FA6307FB06F840
:10F12800B8F5803FB5FBF3F54FEA4B0B4FEA580AA9
:10F1380011D340F22D7133480FF028FC40F22E71A4
:10F1480030480FF023FCB8F5003F04D340F22F718C
:10F158002C480FF01BFC23680BF1FF3B013E46EAED
:10F168000B46C3F8D0603C21236807EB0742C3F87D
:10F17800DC20226848EA0843C2F8E030236847EAFE
:10F188000A47C3F8E470236845F48035C3F8E850AB
:10F1980023681F4AB9FBF1F9C3F8F8200022236855
:10F1A800C3F8EC202268D2F8EC3023F01003C2F840
:10F1B800EC302268D2F8F43003F06F43C2F8F43030
:10F1C8002268D2F8F43049EA0303C2F8F43056E76B
:10F1D800681E1844B0FBF5F02168D1F8B82022F079
:10F1E800FF02C1F8B8202268D2F8B8100843C2F864
:10F1F800B80044E7034840F261210FF0C7FB012043
:10F208003EE700BFF87B05120080005040420F0027
:10F218005F00200038B504463AF086FC237905469D
:10F228000F3B012B01D8002038BD23685A68D2074C
:10F2380003D4D3F890301B07F5D53AF075FC431B7F
:10F24800B3F57A7FF1D3D4F8CC30032043F001032F
:10F25800C4F8CC30E8E70000013808B508280CD815
:10F26800DFE800F005110B0709070505110001206B
:10F2780008BD0320FCE70420FAE70448F3210FF057
:10F2880085FB0020F4E70220F2E700BFF87B0512B7
:10F2980070B53AF049FC4DF6AD6504460A4ED6F80D
:10F2A800D8309BB2AB4201D1002070BD3AF03CFC93
:10F2B800001BB0F57A7FF2D9D6F8D8309BB2AB42B2
:10F2C800EDD00320F1E700BF0000085010B5026838
:10F2D8000446136B23F080731363C36ADB0724D5DA
:10F2E80002680120D2F89C3043F00053C2F89C30E9
:10F2F8003AF0C2FC22680120D2F89C3023F0005377
:10F30800C2F89C303AF0B8FC2268D2F89C3043F03E
:10F318000063C2F89C302268136843F0020313604C
:10F328002268136823F0020313602046A168BDE831
:10F338001040FFF767BE00002DE9F04F8BB0044680
:10F348000F46FFF767FF032800F0A88094F8AC3059
:10F35800002B77D0B94BBA4A012F1A6004D1D4F8E0
:10F36800DC300133C4F8DC302379122B40F0AE8155
:10F37800E68AB4F8BE20238B32445500B4F8C22084
:10F38800278AB4F8BCC09919B4F8C030324405F1E2
:10F39800010E0132BC443B444FEA0E4E276856002A
:10F3A8004EEA4202608BC7F8D4202768AA1C751C55
:10F3B80045EA02420133C7F8FC205B1025684FEA92
:10F3C8006C0C013B43EA0C43C5F8D8302268B31CE7
:10F3D80043EA0E03C2F800312268D2F8EC309BB23F
:10F3E800C2F8EC3025680B18D5F8EC20013B42EA4E
:10F3F8000343C5F8EC302368D3F8F420D00007D5D0
:10F40800D3F8F4209100FBD5D3F8F4209200FBD474
:10F41800DA68232042F01102DA602268D2F8EC3070
:10F4280043F01003C2F8EC303AF026FC22680120C1
:10F43800D2F8EC3043F00103C2F8EC303AF01CFC8F
:10F4480000202BE02046FFF7E5FE94F8C53094F83D
:10F45800C4501B0243EA054394F8C65021682B4365
:10F46800B4F8C220B4F8BE008B61B4F8BCC0B4F8DC
:10F47800BE50B4F8C060B4F8C2104CEA0503334378
:10F488000B43B3F5006F03D2B44501D88D4208D9B8
:10F4980040F2B3416B480FF079FA01200BB0BDE898
:10F4A800F08F2579D4F8BC102368122D196129D161
:10F4B800B4F8BE30121A03EB4203B4F8C020216836
:10F4C800013342EA03434B6125464FF000082668A2
:10F4D800B8F1000F1BD11C3604EB481292F87020CB
:10F4E8004FEA481A120714D5326822F08052326067
:10F4F80008F10102022A4FF0010805F120053FF446
:10F5080029AFE4E7D4F8C02023685A61DCE7603605
:10F51800E2E7B8F1000F04D040F2D74149480FF0B4
:10F5280035FAB5F8643095F858000193B5F86A30A3
:10F53800B5F868900293B5F866300393FFF78CFE30
:10F54800834620B940F2DC413E480FF01FFA95F897
:10F5580058100239072966D8DFE801F06A656C5847
:10F56800045C656000204FF0030C4FF6FF73A24463
:10F578009AF870E095F86F10CEF3800A090141EA15
:10F58800CA01CEF3400E41EA0E3141EA0C0194F86B
:10F5980004C0BCF1120F04EB481C9CF870C014BFE7
:10F5A80041F0A05141F0E0511CF0200FB5F86CC0BB
:10F5B80018BF41F080419C4509BF019B0BFB0CF92A
:10F5C800A9EB030909FB0BB9B8F1000F02D12268B6
:10F5D800C2F8348041EA49313160B5F864B0B5F811
:10F5E80066E0B5F868A0B5F86AC04BEA0E024AEAC8
:10F5F80002024CEA0202B2F5006F696E03D2D345EB
:10F6080001D8E64520D940F25C5143E700204FF08D
:10F61800020CAAE700204FF0050CA6E74FF0007097
:10F628004FF0000CA1E740F2035106480FF0AEF985
:10F638000020F5E700204FF0010C96E77CA500209C
:10F648008B130312F87B051222797160122A01BF0D
:10F65800DDE902329B1AB5F86620B5F8681009BFD3
:10F6680002EB4302AA6E013241EA0242B26004EBA5
:10F67800481191F870106A6D8B0641BFB5F86A1091
:10F68800B5F866C0A1EB0C0109FB012202F170413B
:10F69800B1F1805F38BF02F1A042326195F85A207B
:10F6A80095F85910120242EA014295F85B100A4394
:10F6B800F26095F85D2095F85C10120242EA01426A
:10F6C80095F85E100A430243726111E7102B02D0CD
:10F6D800062B40F01A8794F8ACB0BBF1000F40F04D
:10F6E80001870120062B84F8AC0040F0FB863AF035
:10F6F800FBF9D049B4F8C230B0FBF1F0B4F8BE2041
:10F7080001339B1A9BB20193E36C626C0293BDF8C0
:10F71800083012FB00F20393636B1FFA80FC013B75
:10F728009BB2059393B20693A368B4F84090B3FBD9
:10F73800F1F24023B3FBF2F313FB0CF31FFA83FA45
:10F74800E36B19FB00F50793A36B21200493A76CC7
:10F75800D4F830803AF0F0F937203AF0EDF9FFF7B5
:10F768003FFCD4F8BC20236809F1FF391A61B4F8CA
:10F77800BE10B4F8C020236842EA01425A61AE4A7A
:10F78800BEB21368ADB243F00C0313601723936243
:10F798001FFA89F3D3625369DFF8CC9243F001036F
:10F7A8005361A2F54032C2F86090D4F8A430536691
:10F7B80044F21003C2F85CB09365936D43F4405370
:10F7C80043F002039365936D43F408639365936D67
:10F7D80043F410739365936D43F001039365974B5E
:10F7E800C3F808B0D4F8A43023B940F6215194489E
:10F7F8000FF0CCF81C22D4F8A43078211A60D4F881
:10F80800A430904A90485A60D4F8A4305544C3F8BC
:10F8180008800023D4F8A4204FEA054BD360D4F81D
:10F82800A420DFF848821161D4F8A4208749012E6A
:10F8380051614FF00201D4F8A4209161D4F8A420BA
:10F84800D361D4F8A4201062D4F8A4208048506270
:10F85800D4F8A4204BF001009362D4F8A420D0621D
:10F86800D4F8A4207B481363D4F8A4205363D4F8B5
:10F87800A4209363D4F8A420D363D4F8A4201364F9
:10F88800D4F8A4205364D4F8A4209364D4F8A42012
:10F89800D364D4F8A4201365D4F8A4205365D4F80D
:10F8A800A4209365D4F8A420D365D4F8A4201066C6
:10F8B800D4F8A420684850664FF08000D4F8A420FB
:10F8C80090664FF07A00D4F8A420D366D4F8A42028
:10F8D80010674FF02000D4F8A420C2F87480D4F840
:10F8E800A4209067D4F8A4205848D367D4F8A4205B
:10F8F800C2F88030D4F8A420C2F88400D4F8A42038
:10F90800C2F88810D4F8A420C2F88C3040F2F885E8
:10F91800B6F5806F00F2ED85504B4FF480164FF02E
:10F92800800ED4F8A420BFB2C2F89030D4F8A43026
:10F93800013FC3F89490D4F8A43047EA0B07C3F802
:10F948009860D4F8A430464AC3F89C70D4F8A43020
:10F95800414DC3F8A020D4F8A4307921C3F8A450AD
:10F96800D4F8A4302027C3F8A8E00023D4F8A420B2
:10F978003448C2F8AC30D4F8A4200546C2F8B01018
:10F98800D4F8A420DFF8E8C0C2F8B480D4F8A420E2
:10F99800C2F8B870D4F8A420C2F8BCB0D4F8A42037
:10F9A800C2F8C030D4F8A420C2F8C430D4F8A420D7
:10F9B800C2F8C830D4F8A420C2F8CC30D4F8A420B7
:10F9C800C2F8D030D4F8A420C2F8D430D4F8A42097
:10F9D800C2F8D830D4F8A420C2F8DC301C22D4F8FD
:10F9E800A410C1F8E020D4F8A410C1F8E400D4F8B9
:10F9F800A4100498C1F8E800D4F8A4101948C1F874
:10FA0800EC30D4F8A410C1F8F000D4F8A410C1F870
:10FA1800F490D4F8A410DFF85C90C1F8F860D4F83A
:10FA2800A410079EC1F8FC30D4F8A410C1F8002136
:10FA380022E000BF40420F0000100B5000000850A9
:10FA4800F87B051294800050790060009080005087
:10FA5800D00008507A00070064100850780065004C
:10FA6800790007001C000500100008505C100850C1
:10FA78001C00070014800050D4F8A410C1F80451E9
:10FA8800D4F8A41005F5F125C1F80861D4F8A4103C
:10FA9800F34EC1F80C31D4F8A41005F5FA65C1F895
:10FAA8001021D4F8A410C1F81461D4F8A410C1F836
:10FAB8001831D4F8A410C1F81C31D4F8A410C1F836
:10FAC8002031D4F8A410C1F82431D4F8A410C1F816
:10FAD8002831D4F8A410C1F82C31D4F8A410C1F8F6
:10FAE8003031D4F8A410C1F83431D4F8A410C1F8D6
:10FAF8003831D4F8A410C1F83C31D4F8A410C1F8B6
:10FB08004031D4F8A410C1F84431D4F8A410C1F895
:10FB18004831D4F8A410C1F84C31D4F8A410C1F875
:10FB28005021D4F8A41001F51376C1F85461D4F823
:10FB3800A410019EC1F85861D4F8A410C94EC1F8A8
:10FB48005C31D4F8A410C1F860C1D4F8A410C1F88D
:10FB58006451D4F8A410C1F868E1D4F8A410C1F82D
:10FB68006C31D4F8A410C1F87021D4F8A410C1F8ED
:10FB78007481D4F8A410C1F87871D4F8A410C1F82D
:10FB88007C31D4F8A410C1F88061D4F8A460B649D7
:10FB9800C6F884116FF00066D4F8A450C5F88861DF
:10FBA800D4F8A460B14DC6F88C31D4F8A460C6F876
:10FBB8009021D4F8A460C6F894510226D4F8A45031
:10FBC800C5F89861D4F8A460A94DC6F89C31D4F85A
:10FBD800A460C6F8A001D4F8A400A64EC0F8A411E9
:10FBE8004FF00060D4F8A410C1F8A801D4F8A4100C
:10FBF8004FEA0A40C1F8AC01D4F8A410DFF888A293
:10FC0800C1F8B021D4F8A410C1F8B4610126D4F821
:10FC1800A410C1F8B8614FF48036D4F8A410C1F824
:10FC2800BC01D4F8A4009449C0F8C011D4F8A400C9
:10FC3800C0F8C4A1D4F8A400C0F8C861D4F8A400DE
:10FC4800C0F8CC31D4F8A400C0F8D011D4F8A4007E
:10FC5800C0F8D491D4F8A400C0F8D861D4F8A400AE
:10FC6800C0F8DC31D4F8A400C0F8E0116820D4F85A
:10FC7800A410C1F8E451D4F8A410C1F8E8E1D4F80C
:10FC8800A410C1F8EC31D4F8A410C1F8F001D4F8EC
:10FC9800A410C1F8F481D4F8A410C1F8F871D4F80C
:10FCA800A410C1F8FC31D4F8A410C1F80022D4F88B
:10FCB800A420C2F80452D4F8A42002F5C071C2F8F6
:10FCC80008127F21D4F8A420C2F80C32D4F8A4205A
:10FCD800C2F81012D4F8A4200699C2F81482D4F8F5
:10FCE800A4200904C2F81872D4F8A420C2F81C127F
:10FCF800D4F8A420C2F82032D4F8A420C2F82432C0
:10FD0800D4F8A420C2F82832D4F8A420C2F82C329F
:10FD1800D4F8A420C2F83032D4F8A420C2F834327F
:10FD2800D4F8A420C2F83832D4F8A420C2F83C325F
:10FD3800019B002B00F0E783B3F5806F04D340F6F6
:10FD480062514E480EF022FE4D4BD4F8A42048488C
:10FD5800C2F84032D4F8A430494903F51372C3F805
:10FD6800442240F2FF32D4F8A430C3F84822D4F831
:10FD7800A430019AC3F84C227C22D4F8A430C3F8EA
:10FD88005022D4F8A430C3F85402D4F8A43003F5B0
:10FD98004072C3F858220023D4F8A420C2F85C3279
:10FDA800D4F8A420C2F86032D4F8A420C2F864328F
:10FDB800D4F8A420C2F86832D4F8A420C2F86C326F
:10FDC800D4F8A420C2F87012D4F8A4202449C2F8A8
:10FDD80074120121D4F8A420C2F87812D4F8A4200F
:10FDE800C2F87C12D4F8A4202649C2F88032D4F88C
:10FDF800A420C2F88432D4F8A420C2F88832D4F8F7
:10FE0800A420C2F88C32D4F8A420C2F89032D4F8D6
:10FE1800A420C2F89432D4F8A420C2F89832D4F8B6
:10FE2800A420C2F89C32D4F8A420C2F8A032D4F896
:10FE3800A420C2F8A432D4F8A420C2F8A832D4F876
:10FE4800A420C2F8AC32D4F8A420C2F8B032D4F856
:10FE5800A420C2F8B432D4F8A420C2F8B83215E00D
:10FE6800DC0008501C0006009C8000509080005068
:10FE7800641008500080005068000700F87B0512E5
:10FE88001C0067001C00070010800050D4F8A42054
:10FE9800C2F8BC32D4F8A420C2F8C032D4F8A420E6
:10FEA800C2F8C432D4F8A420C2F8C832D4F8A420C6
:10FEB800C2F8CC32D4F8A420C2F8D032D4F8A420A6
:10FEC800C2F8D432D4F8A420C2F8D832D4F8A42086
:10FED800C2F8DC32D4F8A420C2F8E0128021D4F8A9
:10FEE800A420C2F8E402D4F8A4207B20C2F8E812C7
:10FEF8001C21D4F8A420C2F8EC32D4F8A420C2F80B
:10FF0800F0122021D4F8A420C2F8F482D4F8A42056
:10FF1800C2F8F812D4F8A420C2F8FC32D4F8A4200D
:10FF2800C2F80003D4F8A420F348C2F80483D4F834
:10FF3800A420C2F80813D4F8A420F049C2F80CB3DE
:10FF4800D4F8A420C2F81013D4F8A420EC49C2F8BD
:10FF580014134FF48011D4F8A420C2F818137A218E
:10FF6800D4F8A420C2F81C33D4F8A420C2F8201373
:10FF7800D4F8A420C2F82403D4F8A420C2F8283363
:10FF8800D4F8A430C3F82CB3039B43B1B3F5806F06
:10FF980004D340F67D51DB480EF0F8FCDA49D4F87A
:10FFA800A430DA4AC3F83013D4F8A4301C21C3F8BB
:10FFB80034230222D4F8A430D04EC3F83823D4F81E
:10FFC800A420BDF80830D248C2F83C33D4F8A43095
:10FFD800D04AC3F84013D4F8A430CF4DC3F8442313
:10FFE8000023D4F8A420CD4FC2F84833D4F8A42075
:08FFF800C2F84C33D4F8A42038
:020000041203E5
:10000000C2F85063D4F8A420C2F854030820D4F8EE
:10001000A420C2F85803D4F8A420C348C2F85C3323
:10002000D4F8A420C2F86003D4F8A420C2F8645322
:100030008022D4F8A400A5F5F125C0F86823D4F8EF
:10004000A400A5F5FA65C0F86C33D4F8A400C0F894
:100050007013D4F8A400C0F87453D4F8A400049D1D
:10006000C0F87853D4F8A400AD4DC0F87C33D4F870
:10007000A400C0F88033D4F8A400C0F88433D4F8C6
:10008000A400C0F88833D4F8A400C0F88C33D4F8A6
:10009000A400C0F89033D4F8A400C0F89433D4F886
:1000A000A400C0F89833D4F8A400C0F89C33D4F866
:1000B000A400C0F8A033D4F8A400C0F8A433D4F846
:1000C000A400C0F8A833D4F8A400C0F8AC33D4F826
:1000D000A400C0F8B033D4F8A400C0F8B433D4F806
:1000E000A400C0F8B833D4F8A400C0F8BC33D4F8E6
:1000F000A400C0F8C033D4F8A400C0F8C433D4F8C6
:10010000A400C0F8C833D4F8A400C0F8CC33D4F8A5
:10011000A400C0F8D033D4F8A400C0F8D433D4F885
:10012000A400C0F8D833D4F8A400C0F8DC33D4F865
:10013000A400C0F8E073D4F8A400C0F8E453D4F8E5
:10014000A400C0F8E823D4F8A400C0F8EC33D4F835
:10015000A400C0F8F013D4F8A400C0F8F483202061
:10016000D4F8A470C7F8F803D4F8A470C7F8FC3327
:10017000D4F8A470C7F80034D4F8A470C7F80434D5
:10018000D4F8A470C7F80834D4F8A470C7F80C34B5
:10019000D4F8A470C7F81034D4F8A470C7F8143495
:1001A000D4F8A470C7F81834D4F8A470C7F81C3475
:1001B000D4F8A470C7F82034D4F8A470C7F8243455
:1001C000D4F8A470C7F82834D4F8A470C7F82C3435
:1001D000D4F8A470C7F83034D4F8A470C7F8343415
:1001E000D4F8A470C7F83834D4F8A470C7F83C34F5
:1001F000D4F8A470C7F84034D4F8A470C7F84434D5
:10020000D4F8A470C7F84834D4F8A470C7F84C34B4
:10021000D4F8A470C7F85034D4F8A470C7F8543494
:10022000D4F8A470C7F85834D4F8A470C7F85C3474
:10023000D4F8A470C7F86014D4F8A470C7F8645454
:10024000D4F8A47007F5E06CC7F868C4D4F8A470BB
:10025000C7F86C34D4F8A470C7F87014D4F8A4703C
:10026000C7F87484D4F8A470C7F87804D4F8A470DC
:10027000C7F87C34D4F8A470C7F80037D4F8A47059
:10028000C7F80437D4F8A470C7F80837D4F8A470B6
:10029000C7F80C37D4F8A470C7F81017D4F8A470B6
:1002A000C7F814A7D4F8A470D4F8BC50C7F81857EE
:1002B000D4F8A470C7F81C37D4F8A470C7F8201776
:1002C000D4F8A470C7F82497B4F8BEE0B4F8C0C05E
:1002D000D4F8A4504CEA0E47C5F82877D4F8A47097
:1002E000C7F82C37D4F8A450104FC5F83077D4F89D
:1002F000A4500F4FC5F834774DF6AD671AE000BF34
:10030000D00008501C00050030000850F87B051292
:100310007A0060009080005008000850DC0008500F
:10032000641008501C0007007B0007000F00050048
:10033000D8000850D4F8A450C5F83877D4F8A47081
:10034000C7F83C37D4F8A470C7F84017D4F8A450C5
:100350009B4FC5F84477D4F8A470059DC7F848575B
:10036000D4F8A470974DC7F84C37D4F8A470C7F8E8
:100370005067D4F8A460944FC6F854770127D4F896
:10038000A460C6F85877D4F8A460904FC6F85C37DC
:10039000D4F8A460C6F860770F27D4F8A460C6F834
:1003A0006457D4F8A460C6F86827D4F8A460C6F8E7
:1003B0006C37D4F8A460C6F87077D4F8A460C6F897
:1003C0007487D4F8A460C6F87807D4F8A460C6F897
:1003D0007C37D4F8A460C6F88037D4F8A460C6F897
:1003E0008437D4F8A460C6F88837D4F8A460C6F877
:1003F0008C37D4F8A460C6F89037D4F8A460C6F857
:100400009437D4F8A460C6F89837D4F8A460C6F836
:100410009C37D4F8A460C6F8A037D4F8A460C6F816
:10042000A437D4F8A460C6F8A837D4F8A460C6F8F6
:10043000AC37D4F8A460C6F8B037D4F8A460C6F8D6
:10044000B437D4F8A460C6F8B837D4F8A460C6F8B6
:10045000BC37D4F8A460C6F8C037D4F8A460C6F896
:10046000C437D4F8A460C6F8C837D4F8A460C6F876
:10047000CC37D4F8A460C6F8D037D4F8A460C6F856
:10048000D437D4F8A460C6F8D837D4F8A460C6F836
:10049000DC37D4F8A460C6F8E017D4F8A460C6F836
:1004A000E457D4F8A450C5F8E857D4F8A450C5F8D8
:1004B000EC37D4F8A450C5F8F017D4F8A410444D84
:1004C000C1F8F487D4F8A410C1F8F807D4F8A41040
:1004D0004048C1F8FC37D4F8A4101DF093FB10225B
:1004E0003D4B9A602B6943F480132B61D4F8A830FC
:1004F0000133C4F8A830FEF7A7BF40F6365137489D
:100500000EF048FAFFF70CBA354BFFF70ABA63460C
:100510001FE4A3F10E010229226811D8012F0AD18C
:1005200097602268D36843F00D03D3602368C3F853
:10053000BC70FEF789BF0123C2F8BC30FEF784BF50
:10054000072B11D1136B43F0807313632168D1F82B
:100550009C3023F47F52C3F3C613022B38BF02230F
:1005600042EA8313C1F89C30012F236823D1DA6853
:1005700042F00102DA602168B4F8A000CB68099368
:10058000099A184B1340099370B10B694A69C3F378
:100590000A430344C2F30A429A4221BF099A42EA3B
:1005A000034343F0400309934FF04012099BCB6093
:1005B00023689A60236801221A60FEF745BF00BFD6
:1005C0002C100B506410085000100B500F00070047
:1005D000000008501000085000E100E0F87B051210
:1005E00078000500BFFF00F82DE9F04104460F46F2
:1005F000154672B3561E032E04D940F21D412948F8
:100600000EF0C8F92379DA1E092A34D82046D4F826
:100610002480FEF703FE2268D2F89C30B8F1000F68
:1006200019D002262268D2F890301B07FBD4013D76
:10063000EB0027FA03F3DBB2C2F894302368B8F179
:10064000010FC3F8906002D0404639F019FB002D2D
:10065000E8D1BDE8F081B60523F0F87306F4400652
:100660001E43C2F89C6002222368C3F8947023687A
:10067000C3F89020EDE7012B02D90D3B012BE8D800
:1006800002262046013DFEF7C9FDEB00226827FA4D
:1006900003F3DBB2C2F894302368C3F89060002DF6
:1006A000EFD1D6E7F87B051270B5044620B94FF4B8
:1006B00034712E480EF06EF92D4B20682D4D984266
:1006C00014BF0220012039F013FA2268B0FBF5F5BF
:1006D000D2F8A03023F00103C2F8A0302379DA1E4B
:1006E000092A29D8062BE66906D1237D53B140F2A9
:1006F000DE211E480EF04EF9237D2168012B06D025
:10070000022B0DD075432368C3F8A45070BD637DE0
:10071000C3F3C0035B0043F00103C1F8A030F1E76D
:10072000226A154B03EAC203627DC2F3C00243EAA8
:10073000420343F00503F0E7012B15D8637C2168E1
:10074000012BA6690BD0022BDCD1E2690A4B03EA2C
:10075000C2036269520002F002021343E9E76369CF
:100760005B0003F00203D6E70026CBE7F87B051217
:100770000080005040420F00F8FF070070B50E46A1
:10078000054620B940F26D211D480EF003F92B6893
:100790002E73D3F88040013E6FF35014082E28D8F2
:1007A000DFE806F02405271A2727272710002B79D2
:1007B000012B94BF44F4A15444F4A3542B68C3F810
:1007C000804070BD2B7944F48224012B94BF44F403
:1007D000846444F48C64F1E72B7944F4B344012B32
:1007E00094BF44F0600444F02004E7E744F440740C
:1007F000E4E740F2BA2102480EF0CCF8DEE700BF91
:10080000F87B051238B50D46044618B9FF217A4821
:100810000EF0C0F822682571D2F880300C2D23F03C
:100820001F03C2F8803020D8022D236837D827D084
:10083000D3F88020C3F88020227C216802F00103D5
:10084000D1F88400C2F3C0049B0543EA8443034308
:10085000C2F3800043EA0053C2F3400243EA42532A
:1008600043F00903C1F8843038BD122D71D02379CB
:10087000112B74D12268D2F8803043F010034CE081
:10088000D3F8802042F00302C3F880202368226955
:10089000C3F8882023686269C3F88C20E4E7D3F8A2
:1008A000802042F00402C3F880202379043B072B08
:1008B00036D8DFE803F0373F3F3A35484B044FF472
:1008C00040212369627D9B0342EA920003F4E033F6
:1008D00000F001000B43C2F3400282F0010243EA40
:1008E000407343EA8273226843F06063C2F89C302D
:1008F000A36A032B04D94FF4A5713F480EF04AF8C0
:100900002268D2F8803023F4C013C2F88030226805
:10091000A16AD2F8803043EAC143C2F88030A3E72D
:100920000021CEE74FF40031CBE7344B5B6813F086
:10093000FE0F02D04FF48021C3E74FF49B712E4885
:100940000EF028F8F6E74FF40021BAE74FF4202123
:10095000B7E72268D2F8803043F01403DDE70F3D9B
:10096000012D41D82268D2F8803043F00C03C2F840
:100970008030D4F812202368C3F8A820A18BE38A22
:10098000226843EA0143C2F8AC30218C638B2268B1
:1009900043EA0143C2F8B030E18B238B226843EA7B
:1009A0000143C2F8B4302268D2F8B8306FF316238E
:1009B000C2F8B830227C658C02F001031B0221686A
:1009C00043EA0533C2F3400443EA4423C2F38004FC
:1009D000D1F8B80043EA8423C2F3C00243EAC22339
:1009E0000343C1F8B8303FE740F2A311BDE83840F7
:1009F00001480DF0CFBF00BFF87B051200B00050DA
:100A000038B5044620B940F6181117480DF0C2FF5A
:100A1000164D2068A84214BF1120102039F090F81C
:100A20002068A84214BF1120102039F045F922682F
:100A30002046D36843F48073D3602179FFF7E2FE48
:100A4000A1682046FEF7E2FA2046217BFFF796FEDA
:100A50002046FFF729FE2268D2F8843043F40003D1
:100A6000C2F8843038BD00BFF87B0512008000500A
:100A700010B50446FFF7C4FF94F87030002023F04F
:100A8000080384F8703094F89030C4F8CC0043F038
:100A9000080384F89030012384F8C830FF23C4E9A8
:100AA000360084F8D030C4F8E00010BD38B50446F4
:100AB0000D46FEF7B3FB20462946FFF75FFE0020F8
:100AC00038BD38B504460D46FEF7A8FB294620463A
:100AD000BDE83840FEF79ABA10B5A9B1A0B10B88AD
:100AE0008A889A4210D34C88CA8894420CD8A0F8BD
:100AF000BC308B88A0F8C0304B88A0F8BE30CB88C3
:100B0000A0F8C230002010BD0120FCE707B5ADF809
:100B10000430BDF81030ADF800106946ADF8022081
:100B2000ADF80630FFF7D8FF03B05DF804FB000016
:100B300038B590F8C7300446012B0CD1D0F8CC3032
:100B400040F6EA2143F00043C0F8CC3012480DF0E3
:100B500021FF022038BD01234D0180F8C73005F187
:100B6000540020220021204439F0BAF8FF23254404
:100B700085F86F304FF6FF73A5F86C30D4F8CC30A1
:100B8000002B04DA4FF42F6103480DF003FF00201F
:100B900084F8C700DEE700BFF87B051210B590F8B7
:100BA000C7300446012B0CD1D0F8CC3040F6F721E9
:100BB00043F00043C0F8CC3019480DF0EBFE0220A2
:100BC00010BD012380F8C730E9B9111E18BF0121FB
:100BD00090F8703080F86E2061F3000380F8703078
:100BE00022B140F605310E480DF0D4FED4F8CC30D9
:100BF000002B04DA40F6083109480DF0CBFE002046
:100C000084F8C700DCE700EB4111002091F8703058
:100C100081F86E0060F3000381F87030E0E700BFF8
:100C2000F87B051200EB411080F858200020704737
:100C300070B5BDF81450BDF81060AB42BDF8184057
:100C40000ED8A6420CD800EB41104265A0F86430E3
:100C5000A0F86660A0F86850A0F86A40002070BD57
:100C60000120FCE770B5BDF81450BDF81060AB4230
:100C7000BDF8184012D8A64210D800EB4110A0F8D9
:100C80006430BDF81C304265A0F86660A0F868507A
:100C9000A0F86A40A0F86C30002070BD0120FCE78D
:100CA00010B5044690F8C70001280CD1D4F8CC3018
:100CB000124843F0004340F65A31C4F8CC300DF0EE
:100CC00069FE022010BD012004EB411184F8C70029
:100CD00081F85D309DF8083081F85C2081F85E3045
:100CE000D4F8CC30002B04DA4FF4366103480DF011
:100CF00051FE002084F8C700E4E700BFF87B05122E
:100D0000F8B590F8C7300446012B0E4617460DD1B2
:100D1000D0F8CC3040F6673143F00043C0F8CC3017
:100D200018480DF037FE02252846F8BD012380F84B
:100D3000C730FEF773FA032805460CD1D4F8CC303F
:100D4000002B04DA40F66B310E480DF023FE002331
:100D500084F8C730E8E74FF48062206839461044D1
:100D600004EB46161CF04EFF3766D4F8CC30002B4F
:100D700004DA40F6723103480DF00CFE002584F8C9
:100D8000C750D1E7F87B051210B590F8C73004467C
:100D9000012B0CD1D0F8CC3040F6B13143F00043F8
:100DA000C0F8CC301B480DF0F5FD022010BD01232A
:100DB00080F8C730A2B900EB411191F8703023F0F0
:100DC000300381F87030D4F8CC30002B04DA40F6D0
:100DD000C33110480DF0DEFD002084F8C700E5E7C0
:100DE000B42A08D100EB411191F8703023F03003A0
:100DF00043F03003E5E7D0F8CC30002B04DA40F6BE
:100E0000BF3104480DF0C6FD0023012084F8C7302F
:100E1000CCE700BFF87B051200EB411090F8703072
:100E200023F0080380F870300020704700EB411079
:100E300090F8703043F0080380F87030002070475D
:100E400080F8C41080F8C52080F8C63000207047B4
:100E500080F8D010704700000379033B092B01D8BC
:100E60000175704741F2925101480DF093BD00BFEA
:100E7000F87B051238B505460C46FEF7CFF92B680E
:100E8000D3F89C2024B142F00062C3F89C2038BD06
:100E900022F00062F9E700002DE9F843089E894638
:100EA00090461F46044600B123B940F6AC115C4899
:100EB0000DF070FD08F1FF33032B04D940F6AD119E
:100EC00057480DF067FD002E00F0A88094F8C73059
:100ED000012B0ED1D4F8CC3040F6B11143F00043D1
:100EE0004F48C4F8CC300DF055FD02252846BDE82A
:100EF000F883012384F8C73094F8C830012BDDB2A1
:100F00000CD0D4F8CC30002B04DA40F6B4114448AD
:100F10000DF040FD002384F8C730E6E72379DA1EA0
:100F2000092A48D8751E032D04D940F6BB113C4848
:100F30000DF030FD2046FEF771F9032860D0002146
:100F40002046FFF797FF424649462046FFF74CFBF5
:100F500001212046FFF78EFF22682D05D2F89C3034
:100F600005F4401523F0F8731D4345F08075C2F871
:100F70009C50052223682046C3F89020FEF74EF9C6
:100F800003283DD02368D3F898100023DA0021FA13
:100F900002F2FA5401339E42F8D10025D4F8CC3045
:100FA000002B04DA40F601211D480DF0F3FC00236C
:100FB00084F8C7309AE7012B1CD8424649462046A0
:100FC000FFF712FB2046FEF729F9032818D03D460B
:100FD0003E44052723682046C3F89070FEF71EF9AB
:100FE00003280DD02368D3F8983005F8013BB542AB
:100FF000F0D1D2E740F6FC1109480DF0CBFCCDE76B
:10100000D4F8CC30002B04DA40F6052104480DF06A
:10101000C1FC0023032584F8C73067E7354665E740
:10102000F87B05122DE9F047089E8A4617461D46B3
:10103000044620B940F60E2194480DF0ABFC07F1B0
:10104000FF39B9F1030F04D940F60F218F480DF095
:10105000A1FC2EB125B940F612218C480DF09AFC66
:101060002046FEF7DBF80328804610D094F8C730FE
:10107000012B0FD1D4F8CC3040F6182143F00043B7
:101080008248C4F8CC300DF085FC4FF00208404691
:10109000BDE8F087012384F8C73094F8C830012BED
:1010A0000CD0D4F8CC30002B04DA40F61B21774862
:1010B0000DF070FC002384F8C730E6E72379033B8A
:1010C000092B23D94FF002082046013FFEF7A6F86E
:1010D000FB0022682AFA03F3DBB2C2F894302368DB
:1010E000C3F89080002FEFD1002E42D003272E446A
:1010F0002046FEF793F8236815F8012BC3F89420D7
:101100002368B542C3F89070F2D132E02368D4F876
:101110002480D3F89C20B8F1000F5CD04FF0020976
:1011200022F0F872C3F89C20C7BB16B325B94FF460
:10113000266156480DF02EFC03272E44711B481ED5
:10114000414241412046FFF795FE2368D3F89020A5
:101150001207FBD415F8012BB8F1010FC3F8942046
:101160002368C3F8907002D0404638F089FDB5423C
:10117000E4D12046FEF752F8D4F8CC30032880465C
:1011800018BF4FF00008002B04DA40F6C4213F4896
:101190000DF000FC002384F8C73078E7B9194A1E27
:1011A000514251412046FFF765FE2268D2F8903047
:1011B0001B07FBD4013FFB002AFA03F3DBB2C2F8A2
:1011C00094302368B8F1010FC3F89090ACD040463A
:1011D00038F056FDA8E7002E52D142F00062C3F865
:1011E0009C2021684FEA8953D1F89C2003F44003E6
:1011F00022F0F87213430222C1F89C302368C3F82E
:1012000094A02368C3F89020002EB2D03146032763
:10121000002318469C4615F8012B0133042B42EAA3
:10122000002006F1FF362ED0002EF3D12268D2F82E
:1012300090E01EF0080FFAD1C91AD2F89C300CBF0A
:1012400043F0006323F00063C2F89C302268D2F8B8
:101250009C3023F4400343EA8C53C2F89C3023684B
:10126000C3F894002368C3F89070002ED0D10029F1
:101270003FF47FAF4FF42A6104480DF08BFB78E711
:1012800022F00062ABE74FF0030CCFE7F87B0512CA
:101290002DE9F04190F8C7300446012B0F46164661
:1012A0000ED1D0F8CC3040F6EE3143F00043C0F818
:1012B000CC3034480DF06EFB02252846BDE8F081A5
:1012C000012380F8C73090F8C830012B5FFA83F80B
:1012D00056D1FDF7A3FF0328054619D0022384F851
:1012E000C830E6B941462046FEF72AF8054668B9F7
:1012F0000025D4F8CC30002B04DA40F635412148E3
:101300000DF048FB002384F8C730D6E784F8C88086
:10131000D4F89830002BECD020469847E9E794F8B1
:10132000D0303BBB2268D2F8A03023F00103C2F8D2
:10133000A03000212046FFF79DFD32463946204669
:10134000FFF752F92379072B18D1E36ADB0715D58C
:1013500000212046FFF78EFD01212046FDF7F0FF1A
:10136000FF23054684F8D0300028C1D0012384F83B
:10137000C830CDE72046FFF797F9DAE70121E8E723
:101380000225C5E7F87B0512704710B5D0F8E030AC
:1013900004460133C0F8E030012380F8C830D0F8AB
:1013A000943003B198472046FFF7EEFF10BD0000D0
:1013B00038B590F8AC300446002B00F0AB800379D0
:1013C000062B40F0A780D0F8A43023B940F6D651C0
:1013D0006C480DF0DFFAD4F8A4306B4A6B48C3F8C0
:1013E0008024D4F8A4306A4AC3F884246FF0010240
:1013F000D4F8A430C3F888240023D4F8A410C1F88A
:101400008C34D4F8A410C1F89004D4F8A410614826
:10141000C1F894044DF6AD60D4F8A410C1F8980456
:10142000D4F8A4101C20C1F89C34D4F8A410C1F83E
:10143000A034D4F8A410C1F8A434D4F8A410C1F88E
:10144000A834D4F8A410C1F8AC34D4F8A410C1F86E
:10145000B034D4F8A410C1F8B434D4F8A410C1F84E
:10146000B834D4F8A410C1F8BC34D4F8A410C1F82E
:10147000C034D4F8A410C1F8C434D4F8A410C1F80E
:10148000C834D4F8A410C1F8CC34D4F8A410C1F8EE
:10149000D034D4F8A410C1F8D434D4F8A410C1F8CE
:1014A000D834D4F8A410C1F8DC34D4F8A410C1F8AE
:1014B000E034D4F8A410C1F8E434D4F8A410C1F88E
:1014C000E834D4F8A410C1F8EC34D4F8A410C1F86E
:1014D000F004D4F8A4103048C1F8F404D4F8A410EF
:1014E000C1F8F824D4F8A420C2F8FC342B4B2C4AC1
:1014F000C3F8D820D4F8A43003F59062C3F8682468
:10150000FDF7CAFE20B140F6E9511E480DF042FA3F
:10151000FDF76AFDD4F8A8306BB1013BC4F8A830E0
:101520002046FFF732FFD4F8A83023B141F29E41A4
:1015300014480DF02FFA002384F8AC3023790F3BC8
:10154000012B9FBF2268D2F8BC3023F00103C2F800
:10155000BC3038F0EDFA054623685A68D20703D448
:10156000D3F890301B070BD538F0E2FA431BB3F5E4
:101570007A7FF1D3D4F8CC3043F00103C4F8CC30F7
:10158000002038BDF87B05121C0006001C00050079
:1015900000100B50D8000850581008500000085098
:1015A0000000BBAA704700007FB5036804469A6834
:1015B0000092009A9A60009B9E0342BFD0F8CC3004
:1015C00043F00203C0F8CC30009B5D0643D50268AF
:1015D000D36823F04003D3600368DA68C2F30A4299
:1015E00001921A69C2F30A420292B0F8A02022B313
:1015F0004FF040165869DB6863490393039BC0F3BF
:101600000A40C3F30A43B4F8A0201A44904214D30A
:10161000039B0B400393039B43EA024343F04003C5
:101620000393039D2368DD602568D5F81031C3F36B
:101630000A439A4201D8AE60E5E7D4F89C3023B162
:101640000199029A2046891A98470199029B2046DF
:10165000C91AFFF7A7FF23790E3B022B1DD822687A
:10166000D36823F00403D360009B180315D5D4F886
:10167000CC30227943F00403C4F8CC30D4F8CC3019
:10168000102A43F00403C4F8CC3001D0062A37D125
:1016900041F203513D480DF07DF92379122B5AD1C7
:1016A000009B99020AD5D4F8CC3041F2155143F091
:1016B00004033648C4F8CC300DF06CF9009BDA0214
:1016C00049D52368D3F8EC00D3F8D020110CB1EB46
:1016D000104F2ED0D3F8EC106FF30F0289B2C3F87D
:1016E000EC102368D3F8EC100A43C3F8EC2022680E
:1016F000D2F8EC3023F00103C2F8EC3004B070BD36
:101700002268D2F8BC3023F00103C2F8BC30226852
:10171000136843F0020313602268136823F0020386
:1017200013602268D2F8BC3043F00103C2F8BC3029
:10173000B3E7DA6822F01002DA602268D2F8EC30FF
:1017400023F01003C2F8EC302268D2F8F43043F0F2
:101750008053C2F8F430009BDB07CFD52268D368F2
:1017600023F00103D3602379072B02D12046FDF734
:10177000B1FD074A1368002BC0D00021204611603C
:1017800004B0BDE870401847FFFF00F8F87B051271
:101790007CA5002038B5044620B941F250611C48B0
:1017A0000DF0F8F894F8C730012B0DD1D4F8CC30F7
:1017B00041F2526143F000431548C4F8CC300DF0BB
:1017C000E9F80225284638BD012384F8C73094F88B
:1017D000C830062B0CD094F8C830012B16D1204607
:1017E000FDF71CFD0328054603D0062384F8C83006
:1017F0000025D4F8CC30002B04DA41F272610448A1
:101800000DF0C8F8002384F8C730DBE70225F0E7C5
:10181000F87B051210B5044620B941F27C611548E9
:101820000DF0B8F894F8C730012B0CD1D4F8CC30B7
:10183000104843F0004341F27E61C4F8CC300DF013
:10184000A9F8022010BD012394F8C82084F8C730FD
:10185000062A08BF84F8C830D4F8CC30002B04DA4C
:1018600041F2916103480DF095F8002084F8C7001B
:10187000E8E700BFF87B051210B5044620B941F235
:101880009C6124480DF086F894F8C730012B0CD1E8
:10189000D4F8CC301F4843F0004341F29E61C4F8B5
:1018A000CC300DF077F8022010BD0123206884F8B9
:1018B000C730194B984214BF1120102038F0FCF9A2
:1018C00022682046D36843F48073D3602179FEF701
:1018D00099FFA1682046FDF799FB2046217BFEF782
:1018E0004DFF2046FEF7E0FE2268D2F8843043F434
:1018F0000003C2F8843094F8C830D4F8CC30002B00
:1019000004DA41F2CE6103480DF044F8002084F877
:10191000C700C9E7F87B05120080005010B50A4BDC
:101920000A495A680A4BD2B2062A88BF0B46094CAC
:101930002360F4F7A7FE236802460021184638F01A
:10194000CFF9054A026010BD00B00050002A4020C7
:10195000C0FD402080A500207878454508B5134695
:101960000A46014603480068F4F768FE003818BFCD
:10197000012008BD80A5002008B513460A4601468F
:1019800003480068F4F76CFE003818BF012008BD5A
:1019900080A5002070B5044616460D4649B3FD28C3
:1019A00027D8022038F0B4F8134B1B680BB9FFF7A7
:1019B000B5FF324629462046FFF7D0FF0446EFF335
:1019C0001086012383F310880C4D2B781BB9E4217A
:1019D0000B480CF0DFFF2B78013BDBB22B7023B9F7
:1019E000084AD36A23F00103D36286F310882046A5
:1019F00070BD0124FBE700BF80A5002010840020FB
:101A00002B7C051200000C50F8B5054617460E4613
:101A100041B33AB3FD2825D8234C022038F078F89A
:101A200023680BB9FFF77AFF2368204C1A68204B14
:101A30009A421AD0EFF31085012383F3108823789C
:101A400023B94FF480711B480CF0A4FF2378013BAD
:101A5000DBB2237023B9184AD36A23F00103D3629F
:101A600085F3108801252846F8BD3A4631462846B8
:101A7000FFF782FF0546EFF31086012383F31088FA
:101A8000237823B94FF484710A480CF083FF23783C
:101A9000013BDBB2237023B9074AD36A23F0010369
:101AA000D36286F31088DEE780A500201084002032
:101AB000787845452B7C051200000C500268034BDA
:101AC000C3F800214268C3F80421704700000440B5
:101AD00080B100234FF40032C0E9052302624FF6C3
:101AE000FF72C2614FF40012C0E90A234360036130
:101AF000836043627047704770B50446002800F069
:101B00009F8003684F4A93420AD002F58052934265
:101B100006D04D4A934203D0B8214C480CF03AFF0E
:101B20006368012B03D9BA2148480CF033FFA3683E
:101B300033F4C06306D0B3F5006F03D0BB21434834
:101B40000CF028FF6368012B15D1636933F00202A2
:101B500005D0042B03D0BE213C480CF01BFFA2692A
:101B60004AB1182A03D83A4BD340DB0703D4BF212C
:101B700036480CF00FFF4FF6FF72E36993420BD02B
:101B800033F4C04208D023F40053B3F5004F03D020
:101B9000C1212E480CF0FEFEA36A33F4001303D0DB
:101BA000C7212A480CF0F6FEE36A33F4000303D0A1
:101BB000C92126480CF0EEFE94F8333003F0FF0202
:101BC00023B9204684F83120FFF795FF02234FF612
:101BD000FF752068616884F83330C368E2690129C1
:101BE00008BF23F48F73AA4218BF23F46043194D32
:101BF00018BF23F0C0031D40A368A66A0B433343FC
:101C0000E66A012943EA060343EA050314D1D4E94D
:101C100005152943E56829430B434FF6FF718A42B6
:101C200004D0216A0A43616A0A431343C360012353
:101C3000002084F8333070BD0029EED12169EBE734
:101C40000120F8E700100C5000200440657C0512CC
:101C500000010101FEF159FF38B52E4A0368044620
:101C600093420D460BD002F58052934207D02A4A88
:101C7000934204D04FF48E6128480CF08BFEB5F1EE
:101C8000807F04D340F2714124480CF083FE02238C
:101C900084F833306368012B0FD0E36AB3F5000F8B
:101CA00034D1A36823B140F27B411C480CF072FE92
:101CB0002268D36823F46063D3602268136943F019
:101CC0000803136123681A691207FCD49A6800207C
:101CD00042F002029A602268936843F400739360B2
:101CE0002268136943F00103136123689D6123682F
:101CF00094F83220012A1A690CBF42F0040242F023
:101D000002021A61012384F8333038BD2368DB688E
:101D1000D3E700BF00100C5000200440657C051282
:101D200010B5144A0368044693420BD002F5805262
:101D3000934207D0104A934204D040F2B5410F4875
:101D40000CF028FE0223226884F833301369002047
:101D500023F0010313612268936823F00203936068
:101D60002268936823F400739360012384F833306E
:101D700010BD00BF00100C5000200440657C05120F
:101D800010B50A4A0368044693420BD002F580520C
:101D9000934207D0064A934204D040F2E4410548FA
:101DA0000CF0F8FD2368D86910BD00BF00100C507E
:101DB00000200440657C05127047704770477047EB
:101DC00010B5036804461A68D10706D59A68D20789
:101DD00003D501225A60FFF7F1FF23681A689107C3
:101DE00004D5022220465A6004F0C0FC23681A6819
:101DF000520707D59A68500704D5042220465A6036
:101E0000FFF7DBFF23681A68110707D59A681207E6
:101E100004D5082220465A60FFF7CEFF23681A68CF
:101E2000D0050AD59A68204622F480729A604FF451
:101E3000807223685A60FFF7C2FF23681A68910511
:101E40000AD59A68204622F400729A604FF4807294
:101E500023685A60FFF7B3FF23681A6852050AD552
:101E60009A68204622F480629A604FF48072236858
:101E70005A60FFF7A4FF10BD73B5022037F048FE8B
:101E80000021022000F014FA0021019001A800F0C6
:101E90002BFA0446EFF31086012383F310880D4DCF
:101EA0002B7823B94FF421710B480CF073FD2B787C
:101EB000013BDBB22B7023B9084AD36A23F001033C
:101EC000D36286F31088201E18BF0120404202B062
:101ED00070BD00BF10840020997C051200000C50DA
:101EE00037B5022037F014FE0021022000F0E0F99F
:101EF0000021019001A800F00CFAEFF310850123F6
:101F000083F310880A4C237823B940F29D210948B5
:101F10000CF040FD2378013BDBB2237023B9064A65
:101F2000D36A23F00103D36285F3108803B030BD78
:101F300010840020997C051200000C500320FBF750
:101F4000FBBE01460420FBF7F1BE000000232DE993
:101F5000F04F89B00693C24B02929E680D4616F070
:101F6000010640F07A81FFF787FF002840F09C814E
:101F7000022037F0CDFDEFF31080012181F31088AE
:101F8000B84B1A6942F002021A61B74A117080F325
:101F900010881A69002AFCDA4FF08042136923F096
:101FA000030343F001031361D2F814A0CAF3023B08
:101FB000BBF1070F05D04FF0FF310722084637F07D
:101FC00057FE00229146A94F0392D7F81411012021
:101FD0006FF3DC4141F40021C7F81411D7F8141154
:101FE00041F00051C7F81411D7F8141121F48031D1
:101FF000C7F81411D7F81411C7F81411D7F8141131
:102000006FF30F01C7F81411D7F8141141F0C8018C
:10201000C7F81411D7F8141141F40031C7F814119E
:1020200037F02AFE039AD7F818110029FBDADFF8F7
:102030006C82D7F81841D8F8001024F0004481B120
:102040000420FBF779FE41F28731A04234BF221A07
:10205000021B8A42069004D909F10109B9F10A0F5D
:10206000B2D1002321468248FBF782FDB9F10A0F65
:102070003DD1804A13780133DBB2042B137032D088
:102080000023BBF1070F08D05A46CAF302210AF019
:102090003F00039337F0ECFD039B4FF00009724AB9
:1020A000754F82F8009001223BBBEFF3108482F35E
:1020B00010883B7823B94FF46F7170480CF06AFCBC
:1020C0003B78013BDBB23B7023B96D4AD36A23F006
:1020D0000103D36284F31088FFF702FF6FF0010061
:1020E00009B0BDE8F08F0023C8F80030C8E72146EA
:1020F0000320FBF71BFE0123C3E7C8230092194608
:10210000FA226048FBF734FD15B10225C8F80090AB
:10211000D8F80010029BDFF888A199423CBF01313A
:10212000C8F800100129DAF80030DFF8789140F2A1
:1021300092800229D9F800206AD101260132224476
:1021400052084FF0000BC9F8002021464E48CDE957
:10215000006BFBF70DFDD9F80000CAF800400690AF
:10216000FFF7EFFE99ED007ADFED486AB8EE477AA7
:10217000C6EE877A9FED467A012367EE877A0720BD
:102180000DF116020DF11501ADF81630CDED077AFF
:102190008DF815B0FFF738FC9DF815303BB93D4878
:1021A000FBF7E6FC0422022006A9FFF7F3FB07A9D0
:1021B00004220120FFF7EEFB0320FBF7BDFD0446E0
:1021C0000420FBF7B9FD0023009302462146D8F80E
:1021D00000303148FBF7CCFCEFF31084012383F38C
:1021E00010883B7823B940F22A4124480CF0D2FBF6
:1021F0003B78013BDBB23B7023B9214AD36A23F021
:102200000103D36284F31088FFF76AFE284667E76C
:10221000A24210D2A11AFA2916D9934214D9991AB6
:10222000FA2911D90D2102EB4202083201FB0422E6
:102230000326120985E707D9111BC82904D993423F
:1022400002D2D11AC829ECE7C2EBC20204322244FE
:102250000226D20875E7224673E74FF0FF303FE7CA
:1022600000B00C500000044094A50020000009407C
:10227000CF7C05128CA5002010840020997C0512CB
:1022800000000C50F17C05121A7D0512001B374C22
:10229000000048435E7D0512667D051290A5002072
:1022A00084A5002088A500206FF0020018E700BF79
:1022B000012808B508D103290ED8084800E00848CD
:1022C000182303FB010008E0012905D80228F6D0F5
:1022D000D82104480CF05EFB002008BD0020085007
:1022E000002000408E7D051218B1016849B9042014
:1022F00070470329FBD81823594301F1A04101F588
:1023000002214869002802DB00F00F00704700201E
:10231000704710B1016841B97047032909D81823E3
:10232000594301F1A04101F502214B6943F00043FB
:102330004B61704700232DE9F0414FF0402C0746D8
:102340004FF001081846154ECCF8803007F1040E06
:1023500099420BDC00214FF040238A4208BF02461D
:10236000C3F88410C3F88020BDE8F0811AB122FAC6
:1023700003F4E4070FD557F833509C0004F14024D0
:10238000354025605EF8335008FA03F4CCF88440F9
:102390002043CCF888500133DAE700BFFCFF070088
:1023A00008B5F4F7BBF9074B02689A4207D1BDE8BC
:1023B000084041680022C9080830FFF7BBBF002071
:1023C00008BD00BF4843545008B5064A0120936930
:1023D00023F4E77343F4A773936137F04DFC0020B7
:1023E00008BD00BF00A00C5008200A4A136A116AF9
:1023F00023F4804321F00301116223F03C030649DA
:1024000043F0CB03C1F88C00C1F8900000201362A8
:10241000704700BF00A00C5000300050054B9A6E72
:1024200020B142F4807200209A66704722F48072D4
:10243000F9E700BF00A00C50054B9A6E20B142F0A6
:10244000200200209A66704722F02002F9E700BFC0
:1024500000A00C5038B50B4C0020236A002B0FDB7A
:1024600037F0D6FB4FF47A75236A002B05DB4FF467
:102470007A7037F0CDFB013DF6D1206AC043C00F22
:1024800038BD00BF00A00C50054BDA6920B142F006
:1024900001020020DA61704722F00102F9E700BF73
:1024A00000A00C5038B50B4CE369002B0FDB0A4B36
:1024B0005D6BE369002B06DB42F21071284637F0B2
:1024C000AFFB0028F5D0E069C043C00F38BD002045
:1024D000FCE700BF00A00C5000000C5010B538B94C
:1024E0000C4A136823F0010300241360204610BD3A
:1024F00002280AD1FFF7D6FF0128044605D140F291
:102500001A2105480CF046FAF0E7024A136843F036
:102510000103E9E700A00C50C47D0512084B984266
:1025200005D1084A536843F0020353607047064BD5
:102530009842FBD1034A536843F00403F5E700BF18
:102540000040095000A00C5000B00040214B5A69D7
:1025500022F03C0242F004025A611A6B42F00F0270
:102560001A631A6B6FF30F1242F4EE4242F07002DC
:102570001A631A6B22F0706242F0C0621A639A6AA0
:1025800022F07F0242F006029A625A6842F080020C
:102590005A60DA6C22F47C4242F48062DA641A6D8A
:1025A00022F47C4242F480621A655A6D22F0700275
:1025B00042F030025A659A6D22F0700242F0300209
:1025C0009A651A6F42F47C721A674FF00112C3F8D1
:1025D0008C20704700A00C5038B5304C0E2221469C
:1025E000062001F0E5FF002853DD01232C4A04F802
:1025F000013C20786378D56A9B07400600F0606054
:1026000003F08043034325F09C400343D362D2F898
:102610009830E078234D60F30303C2F89830536993
:102620002079611E60F38D2353616B686079DBB2A2
:102630004000072B00F01E002CD06B68DBB20F2B84
:1026400028D0CB79D46D5B0203F4F053034324F01C
:102650001E1020F4F0500343087A400400F4F010F8
:102660000343D3650F4A5368DBB2072B11D053687D
:10267000DBB20F2B0DD00A484B7A426A03F00703F6
:1026800022F0270213438A7A520102F020021343F8
:10269000436238BDD36D23F01E03E1E712840020AE
:1026A00000A00C5000B00050704741B10368DA68D8
:1026B00052060AD4002904DD4FF000421A620020BD
:1026C00070471A69C2F30902F8E7022070477047A1
:1026D00038B502680446D36823F0A003D36037F00E
:1026E00027FA05462368DB681B0601D5002038BDA4
:1026F00037F01EFA401BB0F57A7FF3D90320F6E7D6
:1027000038B502680446D36843F48063D36037F079
:102710000FFA05462368DB689B0501D5002038BD0C
:1027200037F006FA401BB0F57A7FF3D90320F6E7BD
:1027300038B50D46044610B301290FD1417537F065
:10274000B7FA48B92268936823F4D8539360226893
:10275000D36823F00A03D360002011E0437D03F027
:10276000FF0213B90275FFF79FFF02236375002371
:102770002046A361FFF7C4FF18B10423637501204D
:1027800038BD2268936823F4E01323F0400393607C
:102790004DB92268936823F4D85393602268D368B4
:1027A00023F00A03D3602268616893680B43936047
:1027B0002268D36823F48063D3602369A268C3F3DB
:1027C000090343EA0262E168084B03EA81231343E9
:1027D0002268136123689B689B0604D42046FFF798
:1027E00077FF0028C9D101236375B5E700FCFF001E
:1027F0000023092803D840EA0310C0B270470A3802
:102800000133C0B2F5E7F8B50346DA7800785E78B0
:102810009D785F68D20789B9FFF7EAFF0446304622
:10282000FFF7E6FF01462846FFF7E2FF3A4342EA98
:10283000446242EA814242EAC020F8BD42EA406076
:10284000384340EA864040EAC520F6E7F8B5037D04
:102850000E46012B044611464FF0020516D0012307
:102860000375036845759B68304613F0400308BF45
:10287000F370FFF7C8FF07462046FFF741FF054604
:1028800030B1042301256375002323752846F8BD64
:1028900023681F602268D6E90430916803430B4324
:1028A00093602268D36823F48063D36023689B68B5
:1028B0009B0604D42046FFF70BFF0028E1D101233B
:1028C0006375E1E7F8B5034631B94278D00642BFF7
:1028D00022F010020A325A70D8781A78632883BF1F
:1028E0006438C0B200244FF080745F789E7888BF4F
:1028F000D870520381B9FFF77BFF05463846FFF7D2
:1029000077FF01463046FFF773FF2243024342EA56
:10291000054242EA0120F8BD42EA0722324322433F
:1029200042EA0040F7E770B50446237D0846012BD4
:1029300011464FF002050FD0012365752375FFF78F
:10294000C1FF06462046FFF7DBFE054630B10423F3
:102950000125637500232375284670BD236826F082
:102960007E4626F0C0065E602268D36823F480634A
:10297000D36023689B689B0604D42046FFF7A8FE1B
:102980000028E4D101236375E4E7030903EB830323
:1029900000F00F0000EB4300C0B2704738B50346AB
:1029A000C0F34560C3F38645C3F3C624DB0F08704C
:1029B0004D708C70CB7052B9FFF7E7FF0870284656
:1029C000FFF7E3FF48702046FFF7DFFF887038BD50
:1029D00070B50546094B5E693046C6F30906FFF738
:1029E000DDFF4E602B6800201B691B0E8B602B687F
:1029F0001B69C3F38D23CB6070BD00BF00B00050D6
:102A000038B50346C0F30740C3F3042503F03F0481
:102A1000C3F34233C8704D708C700B7052B9FFF71E
:102A2000B4FFC8702846FFF7B0FF48702046FFF794
:102A3000ACFF887038BD000070B50F4B05469E692D
:102A40009B69002B16DB26F07E4020F0C000FFF7CC
:102A5000D7FFF30101D4002070BDCB78452B95BF83
:102A60002A6863F07F035368CB709CBF23F08073A8
:102A70005360F0E70120EFE700B00050704710B559
:102A80000446B8B18269036812B3DA6812F0020F23
:102A9000DA6810D0002002F4806242F07F4242F4F3
:102AA0007F0242F47B4242F0FD02DA60A36998475C
:102AB0000123637510BD110741BFDA68012002F4DC
:102AC000806262F4816254BF4FF0FF30DA60EDE75C
:102AD000DA6892070FD5FFF7FAFD2268D36803F48E
:102AE000806343F07F4343F47F0343F47B4343F02D
:102AF000FD03D360DCE7DB681B07D9D5FFF7BEFF1A
:102B00002268D36803F4806363F48163F1E700B162
:102B100081617047036A70B523F001030362036AA1
:102B2000426884690D6824F4700424F003042C4383
:102B30008D6823F002032B430A4DA8420BD1CD68C8
:102B400023F008032B4322F44072D1E905563543A4
:102B500023F004032A43426084614A6842630362AB
:102B600070BD00BF004000502DE9F041036A0446EB
:102B700023F480730362056AD0F80480C3690A688D
:102B800023F4700323F0030343EA02078B6825F460
:102B9000007545EA03251A4B0E46984228D1CB68AA
:102BA00033F0080304D041F2B73116480BF0F2FEBF
:102BB000B36933F4007304D041F2B83111480BF01B
:102BC000E9FE736933F4807304D041F2B9310D48E2
:102BD0000BF0E0FEF36825F4006545EA032528F4D0
:102BE0004058D6E90532134325F4806548EA0318B6
:102BF000C4F80480E7617368E3632562BDE8F0818F
:102C000000400050F67D05122DE9F041036A0446AC
:102C100023F480530362066AD0F80480C3690A680B
:102C200023F0704323F4407343EA02278B6826F4B1
:102C3000005646EA03360D4B0D4698420DD14B69BE
:102C400033F4807304D041F2FD3109480BF0A2FE49
:102C50006B6928F4804848EA8318C4F80480E76167
:102C60006B6823642662BDE8F08100BF004000501D
:102C7000F67D05127047000010B5164A0368044639
:102C800093421AD002F50032934216D0A2F5F032E8
:102C9000934212D002F5F83293420ED00E4A93427C
:102CA0000BD002F58052934207D00C4A934204D0D5
:102CB0004FF4A5710A480BF06DFE22680020D3681E
:102CC00043F00103D3602268136843F001031360EB
:102CD00010BD00BF000009500090004000400050AF
:102CE000F67D051210B51B4A0368044693421AD0BC
:102CF00002F50032934216D0A2F5F032934212D080
:102D000002F5F83293420ED0134A93420BD002F5EB
:102D10008052934207D0114A934204D040F25F118F
:102D20000F480BF037FE2268D36823F00103D3600D
:102D300041F211122368196A114208D140F244424B
:102D4000196A114202BF1A6822F001021A600020BB
:102D500010BD00BF0000095000900040004000502E
:102D6000F67D05127047000038B51C4A036804461A
:102D700093420D461AD002F50032934216D0A2F5C6
:102D8000F032934212D002F5F83293420ED0144A38
:102D900093420BD002F58052934207D0114A9342DE
:102DA00004D040F6457110480BF0F4FD6B1EFE2B6D
:102DB00004D940F646710C480BF0ECFD94F8343021
:102DC0000220012B09D0236884F836005D610020C1
:102DD000012384F8340084F8363038BD00000950EF
:102DE0000090004000400050F67D051238B590F884
:102DF00034300446012B0D464FF0020031D0012340
:102E000084F8360084F834300B68B3F5805F0CD05A
:102E1000B3F5005F09D033F0300306D0402B04D067
:102E200040F6D9718A480BF0B5FD2268936823F407
:102E30007F2323F4776393602B68502B00F010817D
:102E400055D8202B00F0BD810CD8002B00F08981D3
:102E5000102B00F09E810123002084F8363084F886
:102E6000340038BD302B00F0C481402BF3D12368EF
:102E7000784A93420CD002F50032934208D0A2F572
:102E80002C22934204D041F2340171480BF082FDB0
:102E90006B68B3F5004F09D033F0020206D00A2B5D
:102EA00004D041F237016A480BF074FDEB680F2B38
:102EB00004D941F2380166480BF06CFD236869685B
:102EC000186A1A6AED6822F001021A629A6920F003
:102ED0000A0022F0F00242EA051201439A611962E7
:102EE0002268936823F0700343F04703AEE0B3F524
:102EF000805F00F0888045D8602B00F0F180702B57
:102F0000A9D12368534A934208D002F50032934274
:102F100004D040F6EE714E480BF03CFD6B68B3F503
:102F2000004F09D033F0020206D00A2B04D04FF430
:102F30007F6147480BF02EFDAB6833F4405304D05B
:102F400040F6F17142480BF025FDEB680F2B04D9D8
:102F500040F6F2713E480BF01DFDD5E901032168F2
:102F600003438A68E86822F47F4243EA002313435C
:102F70008B602268936823F4702323F0700343F07E
:102F8000770363E0B3F5005F7FF465AF2368314AF0
:102F9000934208D002F50032934204D041F2060178
:102FA0002B480BF0F7FC6B68B3F5004F09D033F0FA
:102FB000020206D00A2B04D041F2080124480BF08B
:102FC000E9FCAB6833F4405304D041F209012048D6
:102FD0000BF0E0FCEB680F2B04D941F20A011C480E
:102FE0000BF0D8FCD5E90103216803438A68E8683F
:102FF00022F47F4243EA002313438B6022689368E4
:1030000043F4804322E02368124A93421AD002F527
:103010000032934216D0A2F5F032934212D002F55C
:10302000F83293420ED00C4A93420BD002F58052F4
:10303000934207D0094A934204D040F6E571044810
:103040000BF0A8FC2268936823F47023936002E7D6
:10305000F67D05120000095000900040004000502D
:103060002368704A93420CD002F50032934208D094
:10307000A2F52C22934204D041F218016A480BF0C9
:1030800089FC6B68B3F5004F09D033F0020206D01B
:103090000A2B04D041F21B0163480BF07BFCEB6868
:1030A0000F2B04D941F21C015F480BF073FC23681D
:1030B0006968186A1A6AED6822F001021A629A6950
:1030C00020F00A0022F0F00242EA051201439A6160
:1030D00019622268936823F0700343F05703B5E741
:1030E0002368504A93420CD002F50032934208D034
:1030F000A2F52C22934204D041F226014A480BF05B
:1031000049FC6B68B3F5004F09D033F0020206D0DA
:103110000A2B04D041F2290143480BF03BFCEB6839
:103120000F2B04D941F22A013F480BF033FC2368EE
:1031300068681A6AED6822F010021A6299691A6AC0
:1031400021F4704122F0A00242EA001241EA053166
:1031500099611A622268936823F0700343F0670351
:1031600074E723682F4A93420CD002F50032934251
:1031700008D0A2F52C22934204D041F242012A4801
:103180000BF008FC2268936823F0700343F00703F8
:103190005CE72368234A93420CD002F50032934245
:1031A00008D0A2F52C22934204D041F248011E48D7
:1031B0000BF0F0FB2268936823F0700343F01703D1
:1031C00044E72368174A93420CD002F50032934239
:1031D00008D0A2F52C22934204D041F24E011248AD
:1031E0000BF0D8FB2268936823F0700343F02703A9
:1031F0002CE723680B4A93420CD002F5003293422D
:1032000008D0A2F52C22934204D041F25401064882
:103210000BF0C0FB2268936823F0700343F0370380
:1032200014E700BF00000950F67D05127047704793
:103230007047012310B5046BE26984F8363082428E
:1032400006D123752046FFF7F3FF0023237510BD39
:10325000236A834201D10223F3E7636A834201D1E7
:103260000423EEE7A36A8342ECD10823E9E7704721
:10327000704708B50123006B80F83630FFF7F8FF80
:1032800008BD00000E4A0368904207D002F50032E4
:10329000904203D0A2F52C22904203D14A6823F039
:1032A0007003134303608B68C3620B688362054B32
:1032B000984204BFCB68036301234361704700BF9A
:1032C000000009500040005010B50446002877D097
:1032D00002683C4B9A4202D11B2036F031FC226836
:1032E000394B9A4202D11C2036F02AFC2268374B17
:1032F0009A4202D1462036F023FC2268344B9A428F
:1033000002D1202036F01CFC2268324B9A4202D1B6
:10331000212036F015FC22682F4B9A4202D1222040
:1033200036F00EFC22682D4B9A4202D1232036F053
:1033300007FC2368234A934219D002F500329342D6
:1033400015D0A2F5F032934211D002F5F832934233
:103350000DD0214A93420AD002F58052934206D002
:103360001A4A934203D0BE211D480BF013FBA368F9
:1033700033F0100205D0602B03D0BF2118480BF0AA
:1033800009FB94F8363003F0FF0223B9204684F895
:103390003420FFF76FFC0223206884F83630211DAB
:1033A000FFF770FF6FF00102236800201A612268A6
:1033B000136843F004031360012384F8363010BD12
:1033C0000120FCE70000095000000B5000400050B5
:1033D0000020095000100B500090004000A0004059
:1033E000F67D051210B5044600283FD00368204A38
:1033F00093421AD002F50032934216D0A2F5F03271
:10340000934212D002F5F83293420ED0194A9342F9
:103410000BD002F58052934207D0174A934204D052
:103420004FF4767115480BF0B5FAA36833F010022B
:1034300006D0602B04D040F2D93110480BF0AAFA24
:1034400094F8363003F0FF0223B9204684F8342084
:10345000FFF788FC0223206884F83630211DFFF72F
:1034600011FF0123002084F8363010BD0120FCE755
:10347000000009500090004000400050F67D051209
:103480002DE9F041036A044623F010030362056A44
:10349000D0F8048083690A6823F0704323F44073F2
:1034A00043EA02278B6825F0200545EA0315114BF6
:1034B0000E46984216D1CB6833F0080304D041F28F
:1034C00081210D480BF066FAF36825F0800545EA86
:1034D000031528F44068D6E905231A4325F0400572
:1034E00048EA8208C4F80480A7617368A363256270
:1034F000BDE8F08100400050F67D051270B590F8EF
:1035000034300446012B0D46164600F09F800123FF
:10351000182A80F8343003D84D4BD340DB0704D44D
:1035200040F6B3414B480BF035FA2B68B3F5C00FAA
:1035300007D0B3F5700F04D040F6B44145480BF006
:1035400029FAAB6833F0020304D040F6B541414894
:103550000BF020FA0223082E84F836305BD009D80D
:1035600026B3042E3DD00123002084F8363084F8A1
:10357000340070BD0C2EF6D12368374A93420CD02C
:1035800002F50032934208D0A2F52C22934204D0D7
:103590004FF44E612F480BF0FDF929462068FFF7E4
:1035A00033FB2268D36943F000634DE023682A4A65
:1035B00093420CD002F50032934208D0A2F52C229F
:1035C000934204D040F6BE4122480BF0E3F929466D
:1035D0002068FFF79FFA2268936943F40023936100
:1035E000C1E723681C4A93420CD002F50032934293
:1035F00008D0A2F52C22934204D040F6C9411548C8
:103600000BF0C8F929462068FFF73AFF2268936952
:1036100043F00063E3E723680F4A93420CD002F5BE
:103620000032934208D0A2F52C22934204D040F6F7
:10363000D44108480BF0AEF929462068FFF794FA08
:103640002268D36943F40023D3618CE7022090E71A
:1036500011110001F67D051200000950144B70B5E0
:10366000984204460E4615460CD003F500339842A6
:1036700008D0A3F52C23984204D041F228310D48FC
:103680000BF088F9182E03D80B4BF340DB0704D45A
:1036900041F2293107480BF07DF90122236AB2403B
:1036A00023EA02032362236AB5401D43256270BDED
:1036B00000000950F67D05121111000138B5184AB5
:1036C0000368054693420C4603D002F5003293424C
:1036D0001FD10C2C04D841F21113E340DB0704D4B2
:1036E0004FF487610F480BF055F9286801222146F5
:1036F000FFF7B4FF2B680C4A0020934202BF5A6CBC
:1037000042F400425A642A68136843F001031360CC
:1037100038BD054A9342E3D11429E1D8034BDCE7D5
:1037200000000950F67D05120040005011111100F3
:1037300038B5244A0368044693420D4603D002F587
:103740000032934236D10C2D04D841F21113EB40D4
:10375000DB0704D440F259411B480BF01BF900224F
:1037600029462068FFF77AFF2368184A93420DD153
:1037700041F21112196A114208D140F24442196A09
:10378000114202BF5A6C22F400425A6441F21112F3
:103790002368196A114208D140F24442196A114261
:1037A00002BF1A6822F001021A60012384F8363041
:1037B000002038BD054A9342CCD11429CAD8044B05
:1037C000C5E700BF00000950F67D0512004000501B
:1037D00011111100F8B516461F46494A0368044600
:1037E00093420D4603D002F50032934235D10C2DA1
:1037F00004D841F21113EB40DB0704D440F2055129
:1038000040480BF0C7F894F83630022BD8B223D0DA
:1038100094F83630012BD8B204D106B9E7B90223A7
:1038200084F83630082D58D01ED8002D30D0042D05
:1038300041D0012220682946FFF710FF00202368AD
:10384000314A934202BF5A6C42F400425A642268E1
:10385000136843F001031360F8BD2B4A9342CDD1A6
:103860001429CBD8294BC6E70C2DE2D1A36A284AEC
:1038700031465A63A36A274ADA6322683B464032DC
:10388000A06AF7F74BF92268D36843F4805310E03D
:10389000E3691F4A31465A63E3691E4ADA632268C4
:1038A0003B463432E069F7F739F92268D36843F4CC
:1038B0000073D360BDE7236A154A31465A63236A11
:1038C000144ADA6322683B463832206AF7F726F951
:1038D0002268D36843F48063EBE7636A0C4A31469D
:1038E0005A63636A0B4ADA6322683B463C32606A79
:1038F000F7F714F92268D36843F40063D9E700BFEF
:1039000000000950F67D0512004000501111110011
:103910003332031273320312F8B516461F46324A89
:103920000368044693420D4603D002F500329342E9
:1039300040D10C2D04D841F21113EB40DB0704D425
:1039400040F27D5129480BF025F894F83630022BCF
:10395000D8B22ED094F83630012BD8B204D106B9A3
:103960003FBB022384F83630A369214A082D5A63ED
:10397000A369204ADA63226832D022D835B3042DF5
:103980002BD022682946D36843F48073D360206823
:103990000122FFF763FE00202368174A934202BF0B
:1039A0005A6C42F400425A642268136843F00103DF
:1039B0001360F8BD104A9342C2D11429C0D80F4BEE
:1039C000BBE70C2DDDD13B46403201E03B463432B3
:1039D0003146A069F7F7A2F8D3E73B463832F7E75C
:1039E0003B463C32F4E700BF00000950F67D05126B
:1039F00033320312733203120040005011111100D0
:103A000038B5364A0368054693420C4603D002F5A2
:103A10000032934243D1082C5AD04AD8002C38D0D7
:103A2000042C50D040F2DA512D480AF0B3FF082C94
:103A30004ED045D8002C2CD0042C44D00022214656
:103A40002868FFF70BFE2B68264A93420DD141F2FE
:103A50001112196A114208D140F24442196A114206
:103A600002BF5A6C22F400425A6441F211122B68D0
:103A7000196A114208D140F24442196A114202BF48
:103A80001A6822F001021A60012385F836300020FE
:103A900038BD2A68D36823F40073D360CEE7114A97
:103AA0009342BFD1082913D0B8D921F00403102BB9
:103AB000C4D00C2CB6D12A68D36823F48053ECE729
:103AC0000C2CF8D0BAE72A68D36823F48063E4E7C3
:103AD0002A68D36823F40063DFE700BF00000950C1
:103AE000F67D05120040005038B5264A03680446AA
:103AF00093420D4603D002F5003293423BD10C2D88
:103B000004D841F21113EB40DB0704D44FF4C46135
:103B10001D480AF03FFF22682946D36823F48073CA
:103B2000D36020680022FFF799FD2368174A93426B
:103B30000DD141F21112196A114208D140F24442EA
:103B4000196A114202BF5A6C22F400425A6441F2CF
:103B500011122368196A114208D140F24442196ACD
:103B6000114202BF1A6822F001021A60012384F890
:103B70003630002038BD054A9342C7D11429C5D834
:103B8000034BC0E700000950F67D051200400050CD
:103B9000111111007047704710B5036804461A6987
:103BA00091070FD5DA6892070CD56FF002021A61FF
:103BB0000123037503689B699B0779D0FFF737FBE7
:103BC0000023237523681A69500711D5DA68510755
:103BD0000ED56FF004021A61022323752368204674
:103BE0009B6913F4407F69D0FFF721FB0023237505
:103BF00023681A69120710D5DA6810070DD56FF01F
:103C000008021A610423237523682046DB6999079B
:103C10005AD0FFF70CFB0023237523681A69D206DC
:103C200011D5DA68D0060ED56FF010021A6108239C
:103C3000237523682046DB6913F4407F4AD0FFF7E1
:103C4000F6FA0023237523681A69D10708D5DA68C4
:103C5000D20705D56FF0010220461A6102F07AFD05
:103C600023681A69100608D5DA68110605D56FF0C1
:103C7000800220461A61FFF78EFF23681A695206F8
:103C800008D5DA68500605D56FF0400220461A6163
:103C9000FFF7EDFA23681A69910608D5DA689206EB
:103CA00005D56FF0200220461A61FFF773FF10BDA3
:103CB000FFF7BCFA2046FFF7BBFA81E7FFF7B6FA39
:103CC0002046FFF7B5FA91E7FFF7B0FA2046FFF775
:103CD000AFFAA0E7FFF7AAFA2046FFF7A9FAB0E784
:103CE00010B50424036A01F01F018C4023EA040389
:103CF0000362036A8A401A43026210BD38B5044663
:103D0000002200680D46FFF7EBFF41F21112236815
:103D1000196A114208D140F24442196A114202BFA5
:103D20005A6C22F400425A6441F211122368196A53
:103D3000114208D140F24442196A114202BF1A6886
:103D400022F001021A6001231DB984F83D300020E1
:103D500038BD042D02D184F83E30F8E7082D0CBFA1
:103D600084F83F3084F84030F1E7000010B50223BA
:103D7000044641BB80F83D3004222068FFF7B0FFC5
:103D80002268536C43F4004353642368144A9342FB
:103D900012D002F5003293420ED0A2F5F0329342D7
:103DA0000AD002F5F832934206D00E4A934203D06D
:103DB00002F58052934200D19A681A68002042F0BE
:103DC00001021A6010BD042902D180F83E30D3E709
:103DD00008290CBF80F83F3080F84030CCE700BFA6
:103DE0000000095000900040FFF788BF30B505463D
:103DF00095F834300068012B3AD0012385F834302F
:103E0000CB68C3F309040B6844EAC3744B689B078F
:103E100003F080431C438B6A9A03CB6A02F480420E
:103E20002243DC028B6904F4006414431A040B6916
:103E300002F4702222431C034B6904F4805414439F
:103E40005A034B6A02F4005222431C05CB6904F466
:103E5000700414431A060B6A02F080725B06224358
:103E600003F0007313434364002085F8340030BD31
:103E70000220FCE70268136823F490731360026861
:103E8000936823F001039360202380F872300023AD
:103E9000036670477047000038B5134690F87120EC
:103EA0000446202A33D100292FD0002B2DD090F8A2
:103EB0007020012A2BD00122002580F870202122B9
:103EC000A0F85230C1644567124980F87120826EB3
:103ED000A0F850305163826E0F499163826E0F4992
:103EE000D163826E15640268C16C2832806EF6F769
:103EF00015FE4022284623681A62226884F8705012
:103F0000936843F08003936038BD0120FCE70220F2
:103F1000FAE700BF3B4003126D400312BF4003129B
:103F200038B5134690F872200446202A38D100296B
:103F300034D0002B32D090F87020012A30D00122EA
:103F4000002580F87020222241654567154980F8D8
:103F50007220C26EA0F858305163C26E124991634C
:103F6000C26E1249D163C26E15640168426D24317C
:103F7000C06EF6F7D3FD2846226884F870501368A7
:103F800043F4807313602268936843F001039360E5
:103F90002268936843F04003936038BD0120FCE73A
:103FA0000220FAE777400312B5400312BF40031224
:103FB0002DE9F0411646D0E91A24054688461F46E9
:103FC00063B300231446194600228020C4E9052269
:103FD000C4E90320C4E907312046A760F6F768FC6E
:103FE00020B140F26E5113480AF0D4FC2046F6F797
:103FF000D7FB20B140F271510E480AF0CBFC41468C
:104000002846B2B277B9FFF78BFF20B140F2775163
:1040100008480AF0BFFC0020BDE8F08120234FF4DF
:104020008051D1E7FFF738FF0028F4D040F27C51EF
:10403000EEE700BF287E0512704708B503461B68EF
:10404000006B1B6813F020030CD10268A0F85230FB
:10405000936823F0800393600268136843F0400381
:10406000136008BDFFF7E8FFFBE7704708B5006B7A
:10407000FFF7FBFF08BD08B503461B68006B1B6814
:1040800013F0200313D10268A0F85A30136823F408
:10409000807313600268936823F0010393600268E1
:1040A000936823F040039360202380F8723002F07D
:1040B000AFF808BD08B5006B02F07EF808BD08B582
:1040C000006B90F87130212B0DD103689A681206AD
:1040D00009D50022A0F852201A6822F0C0021A6006
:1040E000202380F8713090F87230222B08D10368B9
:1040F0009B685B0604D50023A0F85A30FFF7BAFE90
:10410000436F43F01003436702F090F808BD704717
:1041100010B502680446136823F0C00313600268F8
:10412000936813F0800310D0936823F080039360AA
:10413000836E53B1094A1A64806EF6F738FC10B1E9
:10414000A06E036C9847002010BDA4F8523063663F
:10415000202384F87130FFF7DAFFF4E7614103129E
:1041600008B50023006BA0F85230202380F871308E
:10417000FFF7CDFF08BD704710B50268044613680D
:1041800023F4907313600268936823F00103936033
:104190000268936813F0400321D0936823F0400332
:1041A0009360C36E53B1114A1A64C06EF6F7FFFBF9
:1041B00010B1E06E036C9847002010BD0F22A0F8EC
:1041C0005A30436503681A620268936943F0080332
:1041D0009361202384F87230FFF7CDFFECE7A0F85D
:1041E0005A3043650F231362F3E700BFF141031216
:1041F00008B500230F22006BA0F85A3003681A623A
:104200000268936943F008039361202380F87230B9
:10421000FFF7B1FF08BD000010B5394B42680446F6
:104220009A4204D940F6D21136480AF0B3FBA3688B
:1042300033F0C05304D040F6D31132480AF0AAFB41
:10424000E36833F4405304D040F6DA112D480AF005
:10425000A1FB236A33F4006304D040F6DB11294844
:104260000AF098FB236933F4806207D0B3F5C06F7E
:1042700004D040F6DE1123480AF08CFB636933F06A
:104280000C0200D123B940F6DF111E480AF082FB70
:10429000A36933F4407304D04FF41E6119480AF047
:1042A00079FBE36933F4804304D040F6E11115480B
:1042B0000AF070FB2269A3682168134362690868E9
:1042C0001343E2691343104A024013430B60226810
:1042D000E168536823F440530B435360206AA36999
:1042E0002168034300208A6822F4306213438B6004
:1042F0002268D36A23F0F003D362C4E9180010BD2A
:1043000080969800287E0512F3B9FFE710B5436A3E
:104310000446FF2B04D940F6112153480AF03AFB1A
:10432000636AD8070FD5A36A33F4003304D040F68C
:1043300016214D480AF02EFB2268A16A536823F427
:1043400000330B435360636A99070FD5E36A33F474
:10435000803304D040F61D2143480AF01BFB22683D
:10436000E16A536823F480330B435360636A5A074E
:104370000FD5236B33F4802304D040F624213A4830
:104380000AF008FB2268216B536823F480230B4357
:104390005360636A1B070FD5636B33F4004304D08B
:1043A00040F62B2130480AF0F5FA2268616B536819
:1043B00023F400430B435360636AD8060FD5A36B05
:1043C00033F4805304D040F6322127480AF0E2FA51
:1043D0002268A16B936823F480530B439360636A54
:1043E00099060FD5E36B33F4005304D040F639211E
:1043F0001D480AF0CFFA2268E16B936823F400535A
:104400000B439360636A5A061AD5236C33F4801306
:1044100004D040F6412114480AF0BCFA2268216C0D
:10442000536823F480130B435360236CB3F5801F50
:1044300006D12268616C536823F4C0030B435360B8
:10444000636A1B060FD5A36C33F4002304D040F637
:104450004E2105480AF09EFA2268A16C536823F4A5
:1044600000230B43536010BD287E051210B504468F
:10447000002870D00268394B9A4202D1082035F0EA
:104480005FFB2268364B9A4202D1092035F058FB77
:104490002268344B9A4202D10A2035F051FB22683F
:1044A000314B9A4202D10B2035F04AFB94F871301F
:1044B00003F0FF0223B9204684F87020FFF7EAFCDE
:1044C0002423226884F871301368204623F0010306
:1044D0001360FFF7A1FE636A13B12046FFF716FFD2
:1044E0002268536823F4904353602268936823F052
:1044F0002A0393602268136843F001031360616824
:104500001A4B2268B3FBF1F30F2B19D8184BB3FBEE
:10451000F1F3116841F4804111602168CA6A22F008
:104520000F0242F00202CA6222680020D3602023F8
:10453000606784F8700084F8713084F8723010BDC0
:10454000116821F4804111602168CA6A22F00F02CB
:1045500042F00602E7E70120F1E700BF00500850F3
:10456000006008500050004000600040006CDC0219
:1045700000D8B80538B50023CD5CFF2D01D100244B
:1045800013E0CC18032D647806D0E5180235954267
:10459000F5DA02342344EFE73CB1042CA8BF04242D
:1045A00002332246194419F02DFBE0B238BD000059
:1045B0002DE9F04104461046914A566811B9002091
:1045C000BDE8F0810028FADD8E4B1D78002DF6D075
:1045D000042C79D10D28F2DD546893F804C0E4B2BC
:1045E000072C874C18BF52686268DFF81482D2B279
:1045F000072A18BF62685A79120202F470624CEA04
:10460000020CA1F800C09D795A792D0105F0100522
:1046100045EA12158D80DF799A79FF0107F47867F2
:1046200047EA52074F801C7ADA79E40004F0180454
:1046300044EA5214CC805A7A1E7A920102F47C62C7
:1046400042EA96020A819E7A93F809E0B60006F0E3
:104650003C0646EA9E1605EB850504EB840406EB52
:10466000860605EB850504EB840406EB8606AD00A3
:10467000A400B6008D80CC804E81D8F804E05FFAAB
:104680008EFEBEF1070F06D0D8F804E05FFA8EFE6A
:10469000BEF10F0F08D193F811E0CEF3C00E81F8F0
:1046A0000CE05B7C1B094B73BCF1000F87D0002D25
:1046B00085D0002F83D0002C81D0002A3FF47FAF1B
:1046C000002E3FF47CAF7BE7062C79D10D287FF7D5
:1046D00076AF5468E4B2072C494C18BF5268626840
:1046E000D2B2072A03D06268D2B20F2A03D1C6F32E
:1046F0000722042A1CD0424C6268D2B2072A00D09A
:10470000626805F007050D701A78C2F3C0044C709A
:104710005C78120904F00F0524098A70CD700C71C1
:104720005C7B24090C739C7B04F00F044C7315E034
:104730001A7D02F007020A701A7DC2F3C0024A70A5
:104740001A7D12098A705C7D04F00F04CC705C7DC8
:1047500024090C711C7FC4F3C3040C73284D6C68CE
:10476000E4B2072C0FD06C68E4B20F2C0BD09C780D
:1047700024098C71DC7804F00F05CD71C4F30215A7
:10478000E4090D724C721E4C6568EDB2072D03D022
:104790006568EDB20F2D07D16568EDB2072D03D026
:1047A0006468E4B20F2C03D19B7803F00F034B71C4
:1047B000002A3FF404AF0B7B002B3FF400AFFFE671
:1047C000152C7FF4FCAE07287FF7F9AE9A7A120910
:1047D0000A70DA7A02F03F024A701A7BDC7A9200A1
:1047E00002F01C0242EA94128A701A7BD208CA7044
:1047F0009A7BDB7B1B0143EA12130B71E0E600BFDF
:1048000000B000509CA5002000487047BCA60020C6
:1048100030B597B0F6F77CFA0446002840F0878060
:1048200035F02EFA0A2035F02BFA20222146424894
:1048300035F056FA20224FF480703F49F6F7C2FA5D
:10484000202876D1FDF7C8FE35F00AFA2C2205465D
:1048500021460DEB020035F043FA05F17043B3F148
:10486000007F3FD2354B0A930AA835F0A5F918B15D
:10487000F92133480AF08EF820234FF4805102AA20
:104880000AA835F029FA002803DCFE212C480AF09A
:1048900081F84FF480734FF400512A4A0AA835F08A
:1048A0001BFA002804DC40F2031125480AF072F8D4
:1048B0004FF480734FF44051234A0AA835F00CFAA4
:1048C000041E04DC40F207111D480AF063F822467A
:1048D00002A901A8FFF74EFE88B1019800BB002095
:1048E00017B030BD05F16E45B5F1606F01D2174BC1
:1048F000B9E7F72112480A940AF04CF8B4E74FF4EC
:104900008072104901A8FFF735FE0028E5D14FF469
:1049100080720D4901A8FFF72DFE0028DFD0DCE7EB
:1049200040F2FF339842DAD035F07EF9D7E7012024
:10493000D6E70220D4E700BF9CA500200010045059
:104940005B7E0512BCA60020BCA500200020045000
:1049500008B5064A0648136A43F0005313620CF088
:1049600011FA04480DF094FF002008BD00B000507B
:10497000094A0312014B0312F0B52DED028B1646C6
:104980001E4A044693420D4607EE903A85B015D96B
:10499000F8EE677A9FED1A7A4D2787EE878ACCB9B1
:1049A00018EE100A22F014FA009702460B46304621
:1049B0000CF026F905B0BDEC028BF0BDB3F57A7FA3
:1049C000B8EEE78A23BFDFED0F7A4B2788EE278A00
:1049D0002027E4E7204619F08BF92D1A012DE9D99B
:1049E000044418EE100A029722F0F2F93246CDE99B
:1049F0000001294620460CF0D1F8DBE73F420F00CA
:104A00000024744900007A4410B5064C236A5B0008
:104A100006D4022035F07CF8236A43F080532362E9
:104A200010BD00BF00B0005001282DE9F0418046C4
:104A30000C4607DD4E682B48314618F0A7FF20B919
:104A4000F4F7B4F90020BDE8F0813146264818F0AB
:104A50009DFF10B9F4F71AFAF4E73146234818F02D
:104A600095FF10BBA06816F033FDC0B218B102204C
:104A700035F04EF8E6E7EFF31085012383F3108855
:104A80001B4C237823B940F29B311A4809F082FF6E
:104A90002378013BDBB2237023B9174AD36A23F092
:104AA0000103D36285F31088CCE7304619F020F972
:104AB00004F1080704EB88044FF020083518A742DA
:104AC00006D130460D4917F009FEBBE705F8018B0A
:104AD0002B7838680BB98542F8D319F009F90437F7
:104AE0000544ECE7579905126F9905128D7E051262
:104AF00010840020947E051200000C50689D051261
:104B000010B5064C236A5B0006D4022035F000F88D
:104B1000236A43F080532362012010BD00B000508F
:104B200008B50BF063FA09480CF06AF808480CF075
:104B300067F808480CF064F840F269120649074823
:104B40000CF026F9BDE808400BF066BACB7E0512E2
:104B5000D47E0512689D0512900406125AAC051207
:104B600030B599B0044603A80D4609F0E1FE07A848
:104B700009F02AFF0BA809F0FBFE4FF0805035F03A
:104B8000B3F80F904FF0905035F09AF810906F48AE
:104B90000AF0E4F90146002800F08680002317930C
:104BA000038B1A070AD5172114AA0AF049FB28B16A
:104BB00040F21522664967480CF0EAF824B12A460B
:104BC0000021204635F08CF829462046039B624A96
:104BD000FFF7D2FE29462046049B604AFFF7CCFE31
:104BE00029462046059B5E4AFFF7C6FE2946204619
:104BF000069B5C4AFFF7C0FE29462046079B5A4A9F
:104C0000FFF7BAFE29462046089B544AFFF7B4FE38
:104C100029462046099B524AFFF7AEFE2946204608
:104C20000A9B504AFFF7A8FE294620460B9B4F4A95
:104C3000FFF7A2FE294620460C9B484AFFF79CFE40
:104C40000023294620464A4AFFF796FE2946204679
:104C50000F9B484AFFF790FE29462046109B464A84
:104C6000FFF78AFE29462046179B444AFFF784FE39
:104C7000FCB99DF85230BDF85620BDF8541040489C
:104C80000BF0BEFF9DF85330DB0730D524BB3D4809
:104C90000BF0B6FF9DF85030052B33D0082B42D0D7
:104CA000002C4BD138482FE0102214A835F018F80A
:104CB00084E7204619F01CF8291A0129E2D99DF849
:104CC00052302F4A0193BDF8563020440093BDF86E
:104CD00054300BF063FFD5E7204619F009F8291A84
:104CE0000129D7D9274A20440BF058FFD2E70CB945
:104CF0002648CDE7204618F0FBFF291A0129C9D91B
:104D0000224AF0E724B922480BF07AFF19B030BDEF
:104D1000204618F0EDFF291A0129F7D91C4A204432
:104D20000BF03CFFF2E70CB91A48EDE7204618F00B
:104D3000DFFF291A0129E9D9164AF0E7204618F0C1
:104D4000D7FF291A0129E1D90F4AE8E7C09A0512CD
:104D500082040612E47E0512F27E05120A7F051215
:104D60001A7F05122B7F05123C7F0512557F051215
:104D70006F7F0512787F0512887F0512987F0512D4
:104D8000B37F0512C47F0512EB7F0512D07F051299
:104D9000DB7F0512E37F051208B506480BF030FFF4
:104DA00000210846FFF7DCFE03480BF029FF002036
:104DB00008BD00BFF97F0512689D051208B50BF00C
:104DC00015F9F5F745FFBDE808400BF025B908B522
:104DD0000BF00CF9F5F742FFBDE808400BF01CB9E9
:104DE00008B50BF003F9F5F73FFFBDE808400BF0FD
:104DF00013B908B50BF0FAF8F5F73CFFBDE8084029
:104E00000BF00AB908B50BF0F1F8F5F739FFBDE87A
:104E100008400BF001B908B50BF0E8F8F5F736FFDC
:104E2000BDE808400BF0F8B808B50BF0DFF8F5F76F
:104E300033FFBDE808400BF0EFB808B50BF0D6F82B
:104E4000F5F730FFBDE808400BF0E6B808B50BF009
:104E5000CDF8F5F72DFFBDE808400BF0DDB808B53B
:104E60000BF0C4F8F5F72AFFBDE808400BF0D4B802
:104E700008B50BF0BBF8F5F727FFBDE808400BF0CD
:104E8000CBB808B50BF0B2F8F5F724FFBDE8084041
:104E90000BF0C2B808B50BF0A9F8F5F721FFBDE893
:104EA00008400BF0B9B808B50BF0A0F8F5F71EFFF5
:104EB000BDE808400BF0B0B808B50BF097F8F5F76F
:104EC0001BFFBDE808400BF0A7B808B50BF08EF843
:104ED000F5F718FFBDE808400BF09EB82DE9F84F34
:104EE000DDF828800E469A46144634F001FF0C2760
:104EF00005460023DFF8C890DFF8C8B0B9F8001005
:104F0000994235DC202905D140F2E112284929488F
:104F10000BF03EFF0C23B9F800707B433BF90330E4
:104F2000013305D040F2E312214923480BF030FF52
:104F30000C235F430BEB07022BF807605388C4F385
:104F40000D046FF30E039F2E44EA0304B9F80030FA
:104F5000C2F804A05480C2F80880C8BF174A03F101
:104F60000103A9F80030C2BF13880133138014E095
:104F700007FB03F00BEB00023BF90000B04201D04D
:104F80000133BDE7536853450CD15388C3F30D0378
:104F9000A34207D19368434504D1284634F0F0FD7D
:104FA000002003E0284634F0EBFD0720BDE8F88F31
:104FB000360506121E8005124280051220A8002028
:104FC00022A800208C940020F8B50C4634F090FE06
:104FD000002105460C221D4E1D4F33888B4204DCF8
:104FE000284634F0CDFD0020F8BD02FB01F000EBB7
:104FF000070C385EA04201D00131EFE7013B8B4244
:105000001EBF02FB037207CA8CE807000C22534341
:10501000FA58F91802F000426FEA12426FEA0242AF
:10502000FA5000239F2CC1E901330BDD094C238882
:105030002BB94FF40572084908480BF0A9FE2388E4
:10504000013B23803388013B3380C9E722A800203D
:105050008C94002020A800204B05061252800512D7
:1050600010B5044605480BF0CBFD214604480BF073
:10507000C7FDBDE8104003480BF0C2BD6A800512B1
:1050800079800512689D05122DE9F0435F280546D9
:105090006C4C87B01FFA80F929DC0123DFF8F4811A
:1050A0000E3005AA0DF1160134F0C6FD9DF814303E
:1050B0000646052B96BF644A644F52F82370A045FC
:1050C00040F081805FFA89F840460DF1150134F017
:1050D000BBFD08B35E480BF093FD49465D480BF0FD
:1050E0008FFD5D480BF08CFD07B0BDE8F0839F2875
:1050F000D2BFA9F16009A9F1A009A0464FF00003B1
:10510000DDBFDFF8948123381FFA89F9A5F15F002C
:10511000C8BF1FFA89F9C4E79DF81530002B50D19C
:105120004FF00C0C4D4A14884D4A9C4201D8002483
:1051300011E00CFB03F18818515EA94201D0013344
:10514000F3E74488C4F30D04042C33D8240504F198
:10515000805404F58814404634F0BAFD414B814632
:105160009C424DD041D8112C4DD036D8002C4DD07A
:105170003D4A3E4B012C14BF9046984600240C2219
:10518000364B37491B88A34249DC4FD030480BF0DF
:1051900037FD0C22324B294602FB04339A6834480F
:1051A00003925B683246CDE9018300974B460BF0D2
:1051B00027FD96E740F247422E492F480BF0E8FDC5
:1051C000B5E70124C7E74946404634F0A5FC494607
:1051D0000446404634F02CFDC0E7284A2249284BBB
:1051E000944214BF88469846C8E7264B9C4210D08C
:1051F00003F580139C420FD0234A1B49234BEFE752
:10520000DFF89880BAE7DFF89880B7E7DFF8948096
:10521000B4E7DFF89480B1E7DFF89080AEE702FBF7
:1052200004F0085EA842B1D00134ACE708480BF0A6
:10523000E7FC4B4632462946CDE9007814480BF08E
:10524000DFFC4EE75CB00C50F00406123E81051204
:105250006A80051245810512689D051222A800206A
:105260008C94002000002110348105129B800512CF
:105270005E810512080506125AAC051200001110D5
:10528000C08005120000411000003110E9800512B5
:105290009181051200000A5000000840D4800512D8
:1052A000AC8005128B800512058105121D81051247
:1052B00002282DE9F34107460C4600F38C80A548EF
:1052C0000BF09EFCA4480BF09BFCA4480BF098FC50
:1052D000A0480BF095FCA2480BF092FC9F480BF005
:1052E0008FFC9C480BF08CFC9E480BF089FC9B4883
:1052F0000BF086FC97480BF083FC9B480BF080FC7E
:1053000096480BF07DFC93480BF07AFC97480BF025
:1053100077FC92480BF074FC8E480BF071FC9448BB
:105320000BF06EFC8D480BF06BFC8A480BF068FCB0
:1053300090480BF065FC89480BF062FC85480BF047
:105340005FFC8D480BF05CFC84480BF059FC8148F5
:105350000BF056FC89480BF053FC80480BF050FCD6
:105360007C480BF04DFC86480BF04AFC7B480BF068
:1053700047FC78480BF044FC82480BF041FC77482E
:105380000BF03EFC73480BF03BFC7F480BF038FC05
:1053900072480BF035FC6F480BF032FC7B480BF089
:1053A0002FFC6E480BF02CFC6A480BF029FC784867
:1053B0000BF026FC69480BF023FC66480BF020FC40
:1053C00074480BF01DFC65480BF01AFC6FF00900E7
:1053D00002B0BDE8F081704809F0C0FD054658B93B
:1053E0005C480BF00DFC6D480BF00AFC5B480BF0C1
:1053F00007FC6FF00700EBE7032109F023FE032F02
:1054000066686DD03046664918F0C0FA074618BB8A
:10541000A06816F05DF8ADF80400E06816F058F8E2
:1054200039468DF8060001AA284609F009FF9DF8C3
:105430000640012C0BD1BDF8043002211846594A10
:1054400013F056FE2146BDF8040013F097FE2846DF
:1054500009F054FE0020BBE73046534918F096FA95
:10546000074688B9A06816F033F8ADF80400E06884
:1054700016F02EF80423ADF80600394628460DEB49
:10548000030209F0A5FEE2E73046484918F07EFA2B
:105490000746F0B9A06816F01BF8E4685F28D4BF8F
:1054A00000F10E08A0F12308064641492046D8BF66
:1054B000012718F06BFA18B93046FFF7E5FDC6E78B
:1054C000204616F005F83A460146404634F0E0FB27
:1054D000BDE720480BF094FB36480BF091FB19E038
:1054E0003046354918F052FA0746B8B9A06815F0A9
:1054F000EFFF04233946ADF804000DEB0302284604
:1055000009F02EFE13480BF07BFBBDF806102B486C
:105510000BF076FB11480BF073FB98E730462849F7
:1055200018F034FA88B9A6682649304618F02EFAE1
:10553000044630B920460134FFF7A6FDA42CF9D16A
:1055400085E7304615F0C4FFB7E702480BF058FB7B
:105550001D48C2E76A800512C2810512689D0512C6
:10556000F781051227820512578205127E820512E5
:10557000A5820512CC820512F38205121A83051248
:1055800041830512678305128E830512B5830512C8
:10559000DC830512038405122A8405122E84051269
:1055A0005981051261500312448405124A84051280
:1055B0004E84051250840512D9B105125C8405127F
:1055C000D3840512668405126A8405122DE9FF470B
:1055D0000D461446002800F0DB80C36C002B00F061
:1055E000D7805F2919DC0026DFF8D8910191012CC2
:1055F00040F0A28034F07CFB4FF0000A07460C20FC
:10560000644BDFF8B88119888A451DDB384634F0D1
:10561000B7FA062004B0BDE8F0879F2906DCA1F1A7
:1056200060030026DFF8A0910193E0E701F1600636
:10563000F6B2032E05D940F23E22574957480BF0E7
:10564000A7FB4FF00009D2E700FB0AF303EB0802C7
:1056500038F903309D4202D00AF1010AD4E7538899
:105660000022C3F30D03042B08D8DFE803F003275F
:105670002B2E310002230393494B0293B9F1000F03
:1056800035D0484601A934F00FFB5F2D4FF00002E2
:105690004FF005014FF054001DDCF4F72FFE5420AD
:1056A000F4F76EFE0C2303FB0A83DA7842F0400223
:1056B000DA70384634F064FA0020ABE70123039334
:1056C000384BDAE7384B0392D7E7384B0392D4E7ED
:1056D000374B0392D1E7F4F711FE5420F4F750FE54
:1056E000142000220521F4F709FE1420D8E73046E3
:1056F00034F0EEFA041E05DA40F2862226492D48DF
:105700000BF046FB2C4B04F001029A550C2303FBD3
:105710000A8898F80330E40103F03F0344F04004A2
:105720001C4300220521542088F80340F4F7E6FDCD
:105730005420F4F725FEBCE73CBB34F0D9FA2246EE
:1057400007460C24134BB3F800C01C4B624507DB23
:10575000B9F1000F11D04846019934F015FAA8E7C5
:1057600004FB02F0C118185E854201D00132EDE75A
:10577000CB7823F04003CB70EAE701221049B24016
:105780000B6823EA02030B6093E76FF0050041E723
:1057900001203FE722A80020610506127D84051242
:1057A0000000111000002110000031100000411015
:1057B00000005110948405121CA800208C94002035
:1057C00018A8002000000A500000084010B538B1A9
:1057D000C46CCCB15F2905DC0C4889B234F028FADE
:1057E000044611E09F2903DC6039094889B2F5E7D6
:1057F0006031C8B234F06CFA041E05DA4FF4B872A6
:10580000044905480BF0C4FA204610BD00000A50B8
:105810000000084027050612A38405120B46A0B11C
:10582000C16C91B15F2BD2B203DC084899B234F05D
:10583000D7B99F2B03DC603B054899B2F7E703F12A
:1058400060001146C0B234F04FB9704700000A50F2
:105850000000084030B50C4685B058B3C36C4BB35C
:105860005F29D4BF0B46A1F1600301934FF0010102
:105870004FF00003D8BF1E48CDE90213C8BF1D4832
:10588000042A19D8DFE802F03103080B0F00029355
:1058900000219F2C13DC0AE0CDE90231F8E70293E6
:1058A00002230393F4E711239F2C029315DC01A933
:1058B00034F0FAF905B030BD9F2CF8DD002104F179
:1058C0006000C0B234F0A0F90028F3D04FF4DE72CB
:1058D00009490A480BF05CFAECE707494FF4DD721E
:1058E00007480BF055FA0121E9E70121D1E700BF94
:1058F00000000A500000084018050612C98405126D
:10590000AE8405122DE9F84F4A4B1B88002B00F09E
:105910008F8034F0EDF900268046B146464DDFF821
:1059200040A1464FBAF800304B4509D8404634F004
:1059300027F9002E7CD0BDE8F84F5420F4F760BD65
:105940006B68002B59D0B5F900409F2C55DDEB78E2
:10595000590652D56034E4B2032C04D9D222384916
:1059600038480BF015FA204634F0B2F9B0F1000BCC
:1059700004DAD422324934480BF00AFA6B88C3F3B4
:105980000D03042B52D8DFE803F0033C42484D00DE
:105990003B5D002B08BFBBF1010F0CBF01230023AF
:1059A000EA786BF3C712EA7007F804B02BB321460C
:1059B000264834F075F9002806DB01230830244A14
:1059C000834043F0004393621F2C05D940F2091233
:1059D0001B4920480BF0DCF901231F4AA340116842
:1059E0001F2E43EA0103136005D940F20B1214493C
:1059F0001A480BF0CDF90136F6B209F101090C3560
:105A000090E73B5D012B08BFBBF1000FC5E73B5D95
:105A1000B3EB0B0318BF0123C2E70BF1FF32534274
:105A20005341BDE7BBFA8BF35B09B9E70023B7E746
:105A3000BDE8F88F20A800208C9400201CA800202E
:105A4000900506127D840512DA8405125CB00C50B4
:105A500000000C50E384051218A80020F084051201
:105A600022A80020234B2DE9F041984207460E461C
:105A70001AD0214B98420AD101F1600800250C226E
:105A80001E4B1F4C1B88AB4210DCBDE8F0811D4B48
:105A9000984202D101F1A008F0E74FF437721A4999
:105AA0001A480BF075F9E9E78846E7E702FB05F1CC
:105AB000615E414501D00135E5E7124B9F4211D1AE
:105AC000F0B234F005F9061E05DA4FF43A720E49C9
:105AD0000F480BF05DF90C2303FB0543DA7866F3FE
:105AE000C712DA700C2303FB0544D4E90130BDE88A
:105AF000F041184700000A500000084022A800208A
:105B00008C9400205CB00C50840506125AAC05122F
:105B1000DA84051238B5054634F0EAF8044615B1C2
:105B20005420F4F76DFC2046BDE8384034F028B826
:105B300070B500240AF05AFA0C4A0D4D13680D4E48
:105B4000013313602B88A34203D8BDE870400AF0EC
:105B500063BA0C236343F15E603989B23F2902D8EE
:105B6000054834F049F80134ECE700BF10A80020E4
:105B700022A800208C94002000000840024A03491B
:105B8000034813F08BBA00BF00000A50BC05061290
:105B90002A8405122DE9F84305460E4634F0A8F88C
:105BA000134C144A2368A91ADFF84C804A424A4130
:105BB00008EBC3039A802368074608EBC303DE8023
:105BC000D4F8009033F0B4FF48F839002368284631
:105BD0000133092B8CBF00232368314698BF013362
:105BE0002360FFF73FFF3846BDE8F84333F0C8BFF6
:105BF000BCA7002000000A50C0A7002073B534F0F5
:105C000077F8294A0026546A24F0604323F0FF0302
:105C100043F00043936233F0B3FFC4F3142464B33E
:105C2000E20725D5F5B228460DF1050133F064FFF2
:105C3000F0B99DF80530012B1AD928460DF106015F
:105C400033F0BEFF054658B94FF44F721749184854
:105C50000BF09EF82846BDF8061034F035F802E047
:105C6000144B9842F6D12846BDF80610FFF792FF74
:105C70000136152E4FEA5404D1D1002434F038F8FF
:105C80000D4B1D681C6033F07BFF55B1EB0703D54E
:105C90000848A1B2FFF77EFF0134042C4FEA5505F6
:105CA000F3D102B070BD00BF00000C5076050612A3
:105CB000148505125CB00C5018A8002008B50AF035
:105CC00095F9064A136801331360FFF797FF0448FC
:105CD00033F06AFFBDE808400AF09EB914A800201E
:105CE00000000A5010B5044628B940F23B120A4998
:105CF0000A480BF04DF8E46C2CB940F23D1206490D
:105D000007480BF045F82368DA6992064ABF586ADB
:105D10004FF0FF30C0B210BD050606124E850512C9
:105D20006085051237B50D46044628B94FF49272C6
:105D3000124913480BF02CF8E46C23689A6B01921B
:105D4000019AD20715D433F0D3FF402223681A6298
:105D500023689D622268D3695906FCD533F010FF91
:105D6000019B0120DB075EBF012223689A6303B019
:105D700030BD019AD006E1D4E5E700BFFA0506126E
:105D80004E850512F8B50E4617461D46044628B93D
:105D90004FF4A772214922480AF0FAFFE46C2CB9AB
:105DA0004FF4A8721D491F480AF0F2FF012DA06FA1
:105DB00024D104F17C03E366C4F8AC40C3682268D4
:105DC0001B682946E367C368DB68C4F88030136842
:105DD00043F010031360A36F002293F90800F4F757
:105DE0008DFAA36F93F90800F4F7CAFA00233A4634
:105DF00031462046FEF7DCF80020F8BD04F1E80348
:105E0000A366C4F8184103691B68C4F8E830036945
:105E1000DB68C4F8EC301023E9E700BF1006061277
:105E20004E8505126085051238B50D46044620B929
:105E30009022324932480AF0ABFF25B991222F490E
:105E400030480AF0A5FFE46C24B993222B492E4870
:105E50000AF09EFFA36F5B6823602B686360EB7999
:105E6000C3F381031B02A3610C2363610023E3617D
:105E70002B793F2B07D903F00F02082A9EBF01326E
:105E800062F303032B712B7903F00F03063B032B03
:105E900023D8DFE803F0280222254FF00063A36037
:105EA0002B79C3F30113022B1FD0032B20D0591ED3
:105EB0004B424B415B03E3602B799B09012B1AD0CA
:105EC0009A1E534253419B0220462361FEF7CEFAAD
:105ED000003818BF0120404238BD4FF08053DEE744
:105EE0004FF0C053DBE70023D9E74FF48053E2E7DC
:105EF0004FF44053DFE74FF4C063E5E7DC050612DB
:105F00004E8505127085051260850512F8B50F469D
:105F10001646054620B9E2223A493B480AF038FFC6
:105F2000EC6C24B9E422374938480AF031FF102FCD
:105F30003CD0112F08D0032F4FD0284605F1540133
:105F4000FFF772FF0020F8BDA36F93F90830002B14
:105F50000DDB01215A0903F01F03994002F12003D0
:105F60002B4A42F82310BFF34F8FBFF36F8F226885
:105F7000B6F5007F136823F0200313600FD10023D0
:105F80002046C4F8E430FEF7F7F82268136823F0DF
:105F90001003136040F2244223681A62CDE7B6F57D
:105FA000006FCAD12046FEF7B3F8C6E7B6F5807F8A
:105FB000C3D1A36F93F90830002B08DB01225909E4
:105FC00003F01F0302FA03F3114A42F8213022685A
:105FD000136843F020031360AFE7B6F5007FACD140
:105FE00022682846936943F008039361D5E9162196
:105FF00001230968C2F38F22FFF7C4FE0023C4F80F
:10600000E4309AE7EC0506124E850512608505120C
:1060100000E100E0032838B50D461CD9184968682E
:1060200017F0B4FC58BBA86815F052FA0446E868AB
:1060300015F04EFA4FF4DE736343124AD118C1F8DB
:10604000AC0103F5D67103F5AC73D0181144BDE86B
:106050003840FFF7E9BE0C480AF0D2FD0B480AF0C1
:10606000CFFD0B480AF0CCFD07480AF0C9FD0948EE
:106070000AF0C6FDBDE8384005480AF0C1BD38BD8C
:106080005EA8051224A800207F8505128E850512C2
:10609000689D0512B185051270B5064628B940F213
:1060A0008712424942480AF073FEF46C2CB94FF44F
:1060B000C5723E493F480AF06BFE2368DA699206D2
:1060C00008D51A68950605D501213046BDE870400F
:1060D00013F0D4BF94F85421FAB1DA69D0061CD574
:1060E0001A68D10619D510221A6233F001FEE36F47
:1060F000B26D5B68D4F8E450C2F38F22D31A9D428C
:1061000086BF521BD5185D1BC4F8E43033F038FD50
:10611000D5B1290241F00301D7E794F85521A2B186
:10612000DA69520611D51A6855060ED540221A6250
:106130002023042184F87130304613F09FFF226839
:10614000136823F04003136070BDDA69100744BF81
:1061500008221A622368DA69510744BF04221A62CE
:106160002368DA69920744BF02221A622368DA6957
:10617000D60744BF01221A622368DA69550544BF75
:106180004FF480621A622368DA69100644BF8022E5
:106190001A622368DA69510644BF40221A622368F2
:1061A000DA69920644BF20221A62CDE76806061219
:1061B0004E8505126085051238B5054628B94FF49D
:1061C000F072114911480AF0E3FD33F091FDEB6FD5
:1061D000D5F8B0215B68D5F8E440C2F38F22D31A1A
:1061E0009C4286BF121BD4181C1BC5F8E43033F048
:1061F000C7FC44B1210205F5AC7041F00301BDE8D4
:10620000384013F03BBF38BD4C060612C785051257
:10621000FFF7D2BF08B509F0E9FE0348FFF73CFFDE
:10622000BDE8084009F0F8BE7CA9002028B940F27A
:106230000632024902480AF0ABBD70473506061225
:10624000C78505122DE9F74F00250446E9462E467D
:106250009A46204B884693E80300CDE90001DFF819
:1062600080B004F5AC7402EB8207BD4203D1304626
:1062700003B0BDE8F08F08EB850244F8E02CCDF8C0
:1062800000A004F1540299E80300C4F850B082E879
:10629000030040F2035140F2037214F8040CA4F519
:1062A000AC73002808BF0A4614F8031C09B142F475
:1062B0000062204658F8251013F0A8FE064628B1C3
:1062C00040F27232044905480AF062FD053504F5D2
:1062D000DE74CAE7A006061223060612D58505124B
:1062E0008C0606120122054B054983F85421054B03
:1062F0000248CB60044BFFF7A5BF00BF24A80020D5
:106300001C9600200C96002040420F0010B5044659
:1063100028B940F2BB12044904480AF039FDE36C85
:106320001B68586A10BD00BF18070612EC850512DD
:1063300070B50E461446054628B94FF4C472194983
:1063400019480AF025FD2CB940F289121549174861
:106350000AF01EFD1F2EED6C1ED1012195F83500AF
:10636000246833F0F5FB2B68114A934212D011498F
:10637000114A8B4208BF1046B0FBF4F0B0F5803FE5
:106380000DD20138986200202A68536943F0010356
:10639000536170BD0848EFE76FF00500F9E76FF053
:1063A0000900F6E72A070612EC850512FD8505129D
:1063B00000000B5000100B5000366E0110B5044663
:1063C00028B940F27512044904480AF0E1FCE06C77
:1063D000BDE81040FCF786BC0D070612EC850512DF
:1063E00070B50C461646054628B940F24B121049C6
:1063F00010480AF0CDFCE86C012E0368DC620368EB
:10640000C4601A680CBF42F0080222F008021A6049
:10641000FCF732FC50B108480AF0F2FB07480AF0DA
:10642000EFFB07480AF0ECFB4FF0FF3070BD00BFF8
:1064300001070612EC8505120C8605121D86051251
:10644000689D0512F0B50D461646044689B028B978
:106450004FF41572314932480AF09AFC2EB940F2D5
:1064600055222E492F480AF093FC1F2DE76C51D17D
:106470007B681BB16FF0090009B0F0BD3B69002BD0
:10648000F8D1294B34689D6815F001050ED1032021
:10649000F7F752FC2B4602460221244821F018F857
:1064A00030604FF6FF739C4216D1E3E76D46204EF5
:1064B000B4F5004F0FCE0FC596E80F0085E80F002A
:1064C00025D84FF40042B2FBF4F204FB02F3D3F5FB
:1064D00000430CD04FF6FF753A680020D36823F4D0
:1064E0006063D3603A68D3682B43D360C4E701216B
:1064F000D2B201FA03F0824205D108AA02EB83036B
:1065000053F8205CE8E70133082BF2D1E2E74FF6BD
:10651000FF75C6E76FF00500AEE700BFE80606129C
:10652000EC850512FD85051200B00C500060343C6E
:106530008007061210B5044628B940F29522084992
:1065400008480AF025FCE46C94F83230012B02D1A3
:106550002046FBF735FC2046BDE81040FBF710BC99
:10656000D3060612EC85051210B5044628B940F290
:106570002222044904480AF00BFCE06CBDE81040FC
:10658000FBF7CEBBC5060612EC85051238B50D46E5
:10659000044628B940F20D12284929480AF0F8FBB0
:1065A000002D4AD0E56C012194F8BD0033F0D0FAFB
:1065B0002B68244A93422CD02349244A8B4208BF9B
:1065C00010464FF47A73B0FBF3F042F20F730138C8
:1065D0006860EB6094F8BD30284685F83530636D0F
:1065E0001B7B013B18BF01231B01AB6000232B6108
:1065F000FCF76AFE024670B115480AF001FBD4F8B8
:10660000C01014480AF0FCFABDE8384012480AF0FD
:10661000F7BA0E48D5E7032194F9BC00F3F76EFEF4
:1066200094F9BC00F3F7ACFE6FF001022B681A611D
:106630002A68136843F00403136038BDF606061297
:10664000EC85051200000B5000100B5000366E0157
:106650000C8605122F860512689D051270B50E4630
:106660001446054628B940F202220D490D480AF0A9
:106670008FFB013C18BF0124E86C314680F83240A2
:10668000FBF7EAFA50B108480AF0BAFA07480AF0EC
:10669000B7FA07480AF0B4FA4FF0FF3070BD00BFF8
:1066A000B6060612EC8505120C8605123E8605120A
:1066B000689D051238B50D46044628B940F2DB1234
:1066C000134914480AF064FB05B3E56C2846FBF750
:1066D000FFF92846FBF710FA024660B10E480AF0AF
:1066E0008FFAD4F8B0100D480AF08AFABDE83840A5
:1066F0000B480AF085BA94F9AC000321F3F7FEFDCC
:1067000094F9AC00BDE83840F3F73ABE38BD00BF9D
:10671000A8060612EC8505120C8605122F860512B6
:10672000689D051208B509F061FC0348FDF734FACD
:10673000BDE8084009F070BC5C97002008B509F07E
:1067400055FC0348FBF73CFBBDE8084009F064BC7E
:10675000A89600200268034B9A4202D1024812F028
:1067600007B9704700200950E4960020044B0168E7
:106770009A6F914202D1184612F0FAB8704700BFE2
:10678000309600202DE9F84300250E4604462F469A
:10679000DFF85080DFF85090AE4202DC3846BDE8AA
:1067A000F8832046C4E91498D4F8C01004F17802A4
:1067B00012F00AF960B108480AF022FAD4F8C010C1
:1067C00006480AF01DFA06480AF01AFA4FF0FF3799
:1067D0000135C434E0E700BF0C860512518605126E
:1067E000689D0512700706125C0706122DE9F84332
:1067F00000250E4604462F46DFF85080DFF8509003
:10680000AE4202DC3846BDE8F8832046C4E914985D
:10681000D4F8B01004F1780212F0D6F860B108484C
:106820000AF0EEF9D4F8B01006480AF0E9F9064883
:106830000AF0E6F94FF0FF370135B434E0E700BF66
:106840000C86051251860512689D05124C0706122A
:106850003807061208B501210448FFF793FFBDE889
:10686000084001210248FFF7C1BF00BFE4960020A5
:10687000309600202DE9F0430027514C3E46A046BB
:106880003D4685B010220021684604F1540933F0DA
:1068900027FA4846C4E916552566FCF715FD08B3E6
:1068A00048480AF0ADF9B42303FB06834648D3F801
:1068B0009C100AF0A5F945480AF0A2F941480AF0EF
:1068C0009FF9B42303FB06834148D3F89C100AF0D8
:1068D00097F93E480AF094F94FF0FF37384605B073
:1068E000BDE8F0834FF48053694648460093FCF7B7
:1068F0007DFA48B133480AF083F9B42303FB0683D9
:106900003448D3F89C10D4E74846FCF76BFD48B1F7
:106910002C480AF075F9B42303FB06832E48D3F8FC
:106920009C10C6E710214FF0800C626D136843F095
:106930000403136004F19C0353F8042F4AB19160DF
:106940001A68D5601A68C2F810C01A68D5611A684A
:106950001562013080B20428EED1D4F8B03073B1A2
:1069600010229A608022D4F8B030DD60D4F8B030C4
:106970001A61D4F8B030DD61D4F8B0301D62542112
:1069800001200AF019FC2346144AD4F89C1012F096
:1069900085FD60B10B480AF033F9D4F89C1010481B
:1069A0000AF02EF909480AF02BF94FF0FF37731C53
:1069B000022B4FF0010604F1B4048FD062E700BF50
:1069C000AC970020718605127E860512689D05121F
:1069D0002F86051297860512AC860512A89700200F
:1069E000518605122DE9F0474B1E012B0E46144629
:1069F0008CB003D80A200CB0BDE8F0871388C56CB2
:106A00002BB940F27142B249B2480AF0C1F9803E56
:106A1000052EEFD8DFE816F006006E009D0022017B
:106A20007201A2012388227D5F1EBF0005F1540878
:106A30001AB3273355F823601822002101A833F038
:106A40004FF94FF4C00300936B6DBA08343353F819
:106A5000223069463A4640460193FCF74FFD78B133
:106A60009D480AF0CDF8414622889C480AF0C8F8B3
:106A70009B480AF0C5F80120BDE7D5F8B060DBE718
:106A80009EB396F86C90B9F1000F16D13046F3F72B
:106A900087FEB6F86A304A4605EB8303DE66316A44
:106AA00096F96800C6F83080F3F728FC96F968007C
:106AB000F3F766FC012386F86C30E26942B1238C5F
:106AC00033B1B6F86A1059B939464046FCF724FF8D
:106AD000A3781BB139464046FDF748F900208AE704
:106AE00039464046FCF776FEF2E739464046FCF769
:106AF000E5FDEDE72388227D5E1EB60005F1540713
:106B0000E2B1273355F82350F5B1002385F86C30F6
:106B1000B5F86A30314638469BB9FCF7E5FF95F980
:106B20006800F3F741FC2846F3F7C2FEA378002B78
:106B3000D4D031463846FDF757F9CFE7D5F8B050F5
:106B4000E2E7FCF75DFFEAE731463846FCF7F0FD87
:106B5000ECE7B4F800A06B6D624A0AF1FF3A934289
:106B60004FEA8A0A05F154094BD002F52C229342D0
:106B70004FF6FF7848D0012195F8890032F0E8FF00
:106B8000594F4FF47A72B0FBF7F760680023A0FB0F
:106B9000070120F09DFCB0FBF8F303F10108B0FB06
:106BA000F8F6032E38BF03266A6D93626A6D731E72
:106BB000D3622B66A06842460023A0FB070120F0A9
:106BC00087FC4FF47A72002320F082FCF0B18642F9
:106BD00000D8701C6B6D4FEA9A0A3433013843F8C1
:106BE0002A0094F822303BB10025DFF80CA1238C59
:106BF0009D420DD33D4A136001214846FCF7B4F88D
:106C00006CE74FF0FF38B6E73948B9E70120E1E714
:106C1000A369424653F825000023A0FB070120F09A
:106C200057FC00234FF47A7220F052FC013861F1D6
:106C3000000150EA01030ED0B04271F1000C32465F
:106C40004FF0000301D202460B46CAE9002301358A
:106C50000AF1080ACBE701220023F6E726886A6DCD
:106C6000244B013E9A424FEA86062ED0012195F828
:106C7000890032F06DFF00231B4A002120F028FC20
:106C80004FF47A7881466B6D0F46DA6A986A0B4644
:106C9000013002FB000000214A4608FB00F020F012
:106CA00017FC60606B6DB60803F1340252F82620C1
:106CB0009D6A0021013502FB05553B464A4608FB0B
:106CC00005F020F005FCA06008E70948D3E700BF05
:106CD000B7070612BF86051271860512DA860512FD
:106CE000689D05120040005040420F00E0A90020BE
:106CF00000366E0100000B50E8A900206B6D514A70
:106D000005F15407934224D002F52C2293424FF60A
:106D1000FF7621D0012195F8890032F019FF4A4B06
:106D20006168B0FBF3F04FF47A720023A1FB00011D
:106D300020F0CEFBB0FBF6F60136B0FBF6F00328F0
:106D400038BF03206B6D0138D862012128663846B0
:106D500054E74FF0FF36DDE73C48E0E73022002102
:106D6000684632F0BDFF6A6D394B05F154079A420F
:106D700020D0012195F8890032F0EAFE324E637B83
:106D8000B0FBF6F620691B07A0FB060114D54FF4F3
:106D90007A52002320F09CFB451EB5F5806F4AD344
:106DA0002C4809F02DFF4FF47A022B49B2FBF6F282
:106DB0002A485BE62548E1E74FF47A72002320F089
:106DC00087FB451EB5F5806F35D3224809F018FFC3
:106DD0004FF47A222148B2FBF6F21F4909F010FF66
:106DE0001F4809F00DFF627B3846C2F380130A93F7
:106DF000A37B039503F00F011B090993E37B002498
:106E00000691C2F340110591C2F300110491C3F33E
:106E100040010891C2F3C00203F0010107910B92F7
:106E20006946C3F38012DB09029401920093FCF7D8
:106E3000DDFF2046DFE5002DD5D1A589C5F3090585
:106E4000D1E700BF0040005040420F0000366E0105
:106E500000000B5071860512A0070612F686051277
:106E6000689D0512002070470020704770B50546E8
:106E700009F0BCF84FF4D2736B430F4CE218D2F810
:106E8000B06026B1002288331146E018B0474FF4B5
:106E9000D27303FB054494F8BF30212B08D094F83B
:106EA000BF30222B04D0054B53F8250008F04AFCD4
:106EB000BDE8704009F0B0B844AA002038AA00200C
:106EC0002DE9F04F0D469046064685B0E8B940F2F0
:106ED000B6329A499A4809F05BFF4FF0FF394FF0FC
:106EE000000AD6F88820DFF878B2136843F004036C
:106EF0001360C2451DD14046D6F88820136823F0A0
:106F00000403136005B0BDE8F08F8E4B98420AD0A1
:106F100003F5D272904209D003F552739842DCD146
:106F20004FF00209DBE74FF00009D8E74FF0010905
:106F3000D5E7002201215BF8290008F03DFC28B1CB
:106F40004FF471727D49804809F022FFEA88308B46
:106F500012F0800F02F0010306F1880700F087802D
:106F6000AA88082A8CBF02240124002B57D083054D
:106F70003ED506F1D000F3F713FC2989E868EFF756
:106F800087F92B8938460193EB6800936A8823467A
:106F90002988F7F725FE0446002840F0AE803846E1
:106FA000F7F7DEFF202817D0A02814D02138C0B270
:106FB000012800F29980F16F5BF8290008F006FBC8
:106FC0000230ECD1614809F01BFE614809F018FE5F
:106FD000604809F015FE0324D6F8C430002B40F0B9
:106FE00085801035002C40F088800AF1010A80E786
:106FF000C0056A882988EB68B5F808E006D5CDE9B0
:10700000003E38462346F7F79FFDC4E7F06F009334
:10701000CDE901E023463846F7F74EFDBBE703050F
:107020000ED506F59C70F3F7BBFB2B893846019310
:10703000EB6800936A8823462988F7F7ABFDAAE737
:1070400040056A882988EB68B5F808E006D5CDE9DF
:10705000003E38462346F7F751FD9CE7F06F00935A
:10706000CDE901E023463846F7F704FD93E7FBB18D
:1070700084050ED506F1D000F3F792FB2989E86864
:10708000EFF706F938462B89EA682988F7F7E3FC19
:1070900081E7C0052988EA682B8903D53846F7F7C8
:1070A000BCFC78E7F06F00903846F7F79CFC72E77D
:1070B00004050AD506F59C70F3F772FB38462B8958
:1070C000EA682988F7F7B8FC65E740052988EA6887
:1070D0002B8903D53846F7F791FC5CE7F06F0090F9
:1070E0003846F7F775FC56E7012475E7B8F1000F4D
:1070F00003D114B94FF00008FDE6144809F080FDF3
:107100003846F7F72DFFD6F8C43052462146CDE970
:1071100000034346104809F073FD0E4809F070FD66
:107120003846F7F72BFF094809F06AFD0B4809F0CC
:1071300067FD084809F064FDDCE700BFD9070612C7
:107140003D87051244AA00204C8705125F8705126F
:107150006C870512689D05127D870512B18705129F
:1071600038AA0020002807DB01234109034A00F068
:107170001F00834042F82130704700BF00E100E06B
:1071800000280CDB01220649430900F01F00824061
:10719000203341F82320BFF34F8FBFF36F8F704729
:1071A00000E100E070B50E461546044628B940F2ED
:1071B00069422349234809F0EBFD102E18D0112E07
:1071C00003D0022E37D0002070BD15F4A06F05D07B
:1071D000D4F8CC3093F90800FFF7D2FF15F4206FF4
:1071E000F1D0D4F8CC3093F90800FFF7C9FFEAE7F3
:1071F00015F4A06F0DD0D4F8CC30002293F908001C
:107200000121F3F77BF8D4F8CC3093F90800FFF7AD
:10721000A9FF15F4206FD6D0D4F8CC30002293F912
:1072200008000121F3F76AF8D4F8CC3093F908008C
:10723000FFF798FFC7E704F18800F7F795FBC2E76F
:10724000E50706123D87051238B50D4604460028AD
:107250003BD140F2AD423449344809F099FD4FF03A
:10726000FF320C21324B01FB0233002D08BF1D46BB
:107270006A68E2672A88520738D50222C4F8982043
:107280006A88C2F30E02C4F89420AA68C4F88C205D
:107290000022C4F89C20D4F8CC20527A84F8BD2077
:1072A000102284F8C02028686968224A03C3A868AD
:1072B0001860D4F8883093421FD12D2032F040FC62
:1072C00004F18800F7F796FA38BD1B4B984209D0B5
:1072D00003F5D272904207D003F552739842BED1A3
:1072E0000222BEE70022BCE70122BAE70122C4F86D
:1072F00098206A88520092B2C5E7104A934201D1A1
:107300002E20DBE70E4A934201D12F20D6E70D4A0B
:10731000934201D13020D1E74FF49C6202490A48E0
:1073200009F036FDCCE700BFC70706123D870512FE
:107330001499002000C0095044AA002000D0095030
:1073400000E0095000F009505AAC05120020FFF788
:107350008DBD0120FFF78ABD0220FFF787BD000029
:107360002DE9F84F17461E4682460C46002540F28E
:1073700003584FF00C0BDFF8B090B54202D100205B
:10738000BDE8F88F244BCAF8CC40CAF84C40CAF884
:1073900050306268CAF888209AF8A0219AB10AF1A0
:1073A000D002CAF8B8200AF188000AF59C72CAF81F
:1073B0000001CAF8B420CAF86801D4E90312F7F74B
:1073C000E5F940F60378DAF8CC10424609685046F1
:1073D00011F044FB50460BFB0571FFF735FF28B158
:1073E00040F2E1520D490E4809F0D2FC0022DAF8D1
:1073F000CC001146006808F06FF849F8040B28B972
:1074000040F2E4520549074809F0C2FC01350AF58B
:10741000D27A1434B1E700BF08080612F507061245
:10742000C7870512D587051238AA002008B5044A77
:10743000032304490448FFF793FF002008BD00BF61
:10744000149900203899002044AA002030B5044641
:107450000846DDE90351002D3DD000293BD0002C2A
:1074600039D0B8B384428CBF201A001B07EE900AB3
:10747000F8EE677AF5EE407A9A428CBFD31A9B1ADF
:10748000F1EE10FA27D007EE103ADFED146AB8EEED
:10749000477A27EE267AC7EE276A114B07EE904A05
:1074A000C3ED006A4FF47A735A4307EE102AB8EE20
:1074B000477AF8EE677A87EE266A77EEC67A094B46
:1074C000C1ED006AC3ED007AC5ED007AFDEEE77A02
:1074D00017EE900A30BD0020FCE700BF00007A44A0
:1074E000789900207C99002000B5002389B0012202
:1074F0002749284807F0CAFF0E22002104A832F0CD
:1075000073FB0E22042004A9FDF752F8002834D0A2
:10751000BDF8100068B3BDF8121051B301221E4B24
:10752000C0F30E001A6003AB019302ABBDF8142048
:10753000C1F30E010093BDF81630ADF81000ADF8A0
:107540001210FFF783FF154A5368DBB2072B03D0F5
:107550005368DBB20F2B0CD1114B1B684BB19DF85C
:107560001C2032B11A689DF81D10136861F3D233E4
:107570001360002009B05DF804FB0A4809F040FBE5
:10758000094809F03DFB094809F03AFBF1E700BF63
:10759000EB87051230AF00207499002000B0005036
:1075A00050AF0020F1870512FE870512689D051275
:1075B00070B5064692B04FF47A700D46144607F047
:1075C0002FFC0146534808F075F920B16222524958
:1075D000524809F0DDFB2EB940F2BB125049514828
:1075E00009F0D6FBA5F11001062908D8DFE801F063
:1075F00004140707074D520007F03AF920600024F1
:10760000444808F02DFA20B16A224749434809F05E
:10761000BFFB204612B070BD23680024182221460B
:1076200009A8CDE9023432F05BFB02A8019410F006
:10763000FBFB036822468DF82630436809A98DF8C4
:10764000253083688DF82430C3688DF806300369CF
:1076500001338DF8053043698DF80730836933486D
:10766000A34208BF07238DF80430FBF7EFF802466A
:1076700010B14FF0FF34C3E72C4801A9FBF753F9D1
:107680000028F6D12A4B9B68B9E721462748FBF72B
:107690000CF8B4E71822002102A832F021FB0022E6
:1076A000019202A92148FBF793F900221F4801A982
:1076B000FBF7C2F901282BD09DF80A309DF907206D
:1076C00009939DF8093009A80A939DF808300B9397
:1076D0009DF806300C939DF80530013B0D939DF805
:1076E0000430072B08BF00230F939DF80730002AB2
:1076F000B4BF23F0800364330E93039B636015F0E3
:1077000037FC40F64272636820605343636076E75B
:107710000022C6E754AF002038080612E47E0512A6
:107720004B080612168805122608061278AF0020AC
:1077300000B00C507047000010B50420F6F7FCFABA
:107740000C4B002814BF04461C460B4809F058FA9D
:107750000A4900232246B1FBF4F1094809F050FA26
:10776000084809F04DFA21460120F6F7DFFA2046D5
:1077700010BD00BF804F120025880512007C9200CA
:1077800032880512689D05124FF4807310B50361AD
:107790000F4B04461A6900234A43500848F60D71FE
:1077A00000F1C0501FF094FE830BC0F30D00A360E6
:1077B000E060084809F024FAD4E90323A1680648E8
:1077C00009F01EFABDE81040044809F019BA00BFDC
:1077D00078AF0020258805125A880512689D051289
:1077E00037B500224B494C4808F016F828B140F252
:1077F0004E224A494A4809F0CBFA4A4B4A4C4B4878
:1078000023601D6909F0FCF9C5F3090329464848BE
:1078100000932A0EC5F38D2309F0F2F9454809F0CB
:10782000EFF9FAF717FE70B1404809F0E9F942485C
:1078300009F0E6F93F4809F0E3F940F22F123F4919
:107840003F4809F0A5FA00238022C4E902234FF43F
:1078500080732361334CA368D9074CD5334809F0B2
:10786000CFF93848A16809F0CBF9324809F0C8F9D6
:1078700032F01EFA002848D10220F6F75DFA041E05
:1078800018BF0124294809F0BBF921462E4809F008
:10789000B7F9284809F0B4F921462348FAF748FF18
:1078A0000446002833D129491F48FBF730F901214C
:1078B0000220F6F73BFA2648264B03228363052372
:1078C0001449C0E90944C0E90B44C0E907444463D2
:1078D000C464037507F074FB044648B11E4809F000
:1078E0008FF91E48214609F08BF9124809F088F9F2
:1078F000204603B030BDFFF71FFF044607F000F835
:1079000021460948FFF740FFB2E70124BAE74FF0EC
:10791000FF34E3E77988051254AF00205A080612B5
:107920007D88051200B00C5078AF00202588051224
:107930008E880512689D0512B08805121808061277
:107940005AAC0512D3880512EC880512357703125C
:1079500094AF0020B1750312018905120E8905123A
:1079600008B508F043FB0348FBF789F8BDE8084079
:1079700008F052BB78AF0020031F022B04D9A0F1FE
:107980001403584258417047012070472DE9F74FC2
:1079900093460091814632F063F9064632F0B0F822
:1079A000044618B1C3680BB1D87A68B94846FFF7E6
:1079B000E3FF074620B9FCF727FF0546002871D1F1
:1079C000002003B0BDE8F08F000213F08DFD0546E6
:1079D0000028F5D04846FFF7CFFFC0F10207204648
:1079E00032F0D6F800218246204632F08DF830463B
:1079F00032F0EAF80021304632F046F932F078F9F8
:107A0000E3682A46DB7A4FF480511B028046204609
:107A100032F062F90190404632F0B2F8012130466E
:107A200032F032F9304632F0E3F8019B43B9284690
:107A300013F062FD20461FFA8AF132F065F8BFE7C5
:107A4000A846E368DB7A1B02002115F801C0BCF1EF
:107A5000FF0F2BD1022F4DD1304632F0B5F8002167
:107A6000304632F011F932F043F9E3684246DB7AEE
:107A70004FF400511B020546204632F02DF907460F
:107A8000284632F07DF80121304632F0FDF83046CC
:107A900032F0AEF8002F2DDDE3684546DB7A012792
:107AA0001B02D1E7B8464FF40073CDE76A1852784D
:107AB000881802309842CDD2CC4502D0023211440F
:107AC000C3E7002AC6D093455E46A8BF16460231DA
:107AD00032460098294416F095F820461FFA8AF19C
:107AE00032F012F8B8F1000F02D0404613F004FD56
:107AF000F0B266E70026F0E707B5042203200DEB9D
:107B00000201FFF743FF68B1019858B140F2FF331B
:107B1000984207D0054B9B6EC3F30953984201D09E
:107B200032F00AF8002003B05DF804FB00A00C500E
:107B300010B5084C226852B90121074807F0CCFC67
:107B4000206020B947220549054809F021F90020A5
:107B500010BD00BF88B000203C89051269080612DC
:107B60002889051208B508F041FA0348F5F7B4FE74
:107B7000BDE8084008F050BA8CB0002000207047E3
:107B800001207047F8B504461D460E4611B390F823
:107B90007C71032F05D940F21B721349134809F079
:107BA000F7F8B4F83831AB4205D240F21C720E49F6
:107BB0000F4809F0EDF804EB8707D7F85C0158B1DE
:107BC0002A46314616F01EF894F87E3113B1FF2391
:107BD00084F87C312846F8BD4FF4E5620249054837
:107BE00009F0D6F8F6E700BF02090612458905122A
:107BF000608905127B8905122DE9F0474FF4803129
:107C000055480BF0E5FF051E06DA4FF48031534866
:107C10000BF0DEFF051E5FDB4FF4E67009F0D0F9D4
:107C2000044620B9BA224E494E4809F0B1F84FF443
:107C3000E672214628460CF018F8B0F5E67FDFF82A
:107C400074A1DFF87491DFF87481474F474E46D036
:107C5000474808F0D5FF28460BF0ECFF204609F016
:107C6000B9FA9AF90010434808F0CAFF99F80010D1
:107C7000414808F0C5FF98F80010404808F0C0FFE0
:107C800097F900103E4808F0BBFF96F900103D48F8
:107C900008F0B6FF00243C4D214615F9012B3B4866
:107CA000013408F0ADFF102CF6D1394B394893F967
:107CB000001008F0A5FF384B384893F9001008F081
:107CC0009FFF0024364D214615F9012B354801341C
:107CD00008F096FF102CF6D10020BDE8F08794F84C
:107CE000A631C8228AF8003094F8A43104F11401B6
:107CF00089F8003094F8A5312B4888F8003015F049
:107D000081FFC82204F1DC01284815F07BFF94F8BC
:107D1000A9311D4A3B7094F8AA3104F5E67033701E
:107D200004F5DE73194653F804CB834242F804CBC2
:107D3000F9D194F8A721164B1A7094F8A821164B84
:107D40001A70174A04F5D67353F8040B8B4242F8A5
:107D5000040BF9D116487CE7818905129389051235
:107D6000120906128F890512269B002074B200208A
:107D70009B890512C2890512D4890512E78905126B
:107D8000FA8905120F8A0512169B00202A8A05120D
:107D9000379B00203E8A051275B20020518A0512D9
:107DA000279B00206A8A05124C9A002084990020A3
:107DB000B089051276B20020159B0020149B00208C
:107DC00010B54FF4D67200210A4831F089FF4FF008
:107DD0005023084A0849C2F89830084B05481365F3
:107DE0000023032210F04CFB0446024807F006F97A
:107DF000204610BDC4B000207E8A0512600906121C
:107E00002DE9F84F044600F1980600201F46564B16
:107E100053F8305003EBC00CAA4243D1BCF80630F3
:107E2000A4F8A030A4F8A2309CF8043084F8A43060
:107E300094F8A400D4F89830C0BB586820F40070BF
:107E40005860B4F8A050B4F8A230D4F8980043EACF
:107E500005438A4283602DD100224FF08071434B4D
:107E6000C4E9302293F9003084F8D02084F8CF3070
:107E700084F8CE303E4BC4F8D420C4E92A32C4E999
:107E80002D13C4F8B020A4F8BC20C4F8C820A4F86E
:107E9000CC20002F4CD0304604F1C401F1F7BCFFD8
:107EA000002051E001300928B2D1C1E7586840F400
:107EB0000070C5E700252F4803888B423ED14388D8
:107EC00093423BD12C4808F09BFE29462B4808F0F2
:107ED00097FE2B4808F094FE2A4A2D01505B083A81
:107EE0002A44D188938892F809B092F808A092F8B1
:107EF000079092F8068092F805E092F804C0957A0F
:107F000040BAD26849BA5BBA07BB032384F8AFB062
:107F100084F8B0A084F8B19084F8B28084F8B3E01B
:107F200084F8B4C084F8BD50C4F8C02084F8B530DB
:107F3000304604F1A801F1F7D6FEB1E70135482D2E
:107F400000F11000B8D10120BDE8F88FA4F8C830C6
:107F50000323A4F8C400A4F8C61084F8D050C4F8D1
:107F6000D42084F8CA3096E78C09061276B2002035
:107F700000050105D4090612858A0512958A0512A5
:107F8000689D0512DC090612222970B505461446C3
:107F900005DC1B2906DC01296DD0022964D04FF0D5
:107FA000FF3017E01C390629F9D801A353F821F056
:107FB000D77F0312298003125580031265800312B4
:107FC0009F7F03129F7F0312CD7F03125400A0F8FE
:107FD0003841002070BD012AA5F84C2109D0022AA1
:107FE0000FD0B2B9D0F89820136D23F04053136529
:107FF000EFE7D0F89820136D23F0405343F08053FF
:10800000F5E7D0F89820136D23F0405343F0005368
:10801000EDE71D4808F0F4FD21461C4808F0F0FD8E
:108020001B4808F0EDFDD4E73AB1012A0CD0164800
:1080300008F0E6FD21461748F0E7D0F89820136EC7
:1080400023F480331366C4E7D0F89820136E43F40A
:108050008033F7E7002328462289A188BDE87040D5
:10806000FFF7CEBE0123F6E79830F1F751FD00206F
:10807000F0F7D8FFADE7502031F062FD05F1980030
:10808000F1F7ECFEA5E700BFAC8A0512BC8A051229
:10809000689D0512D88A051210B50446D0F8F8007C
:1080A00020B113F029FA0023C4F8F830D4F80801FD
:1080B00020B113F021FA0023C4F80831002010BDCC
:1080C0002DE9F8435FFA81F808F1FF39B9F1010FA2
:1080D0009CBF0122904B044698BF1A7001290E469E
:1080E00000F1980704D8B0F84E51002D00F08580BB
:1080F0008A4808F085FD3146894808F081FD8948A5
:1081000008F07EFD16F0FD0308D194F8A8210AB10D
:1081100084F8A831B9F1010F75D102E0B9F1010F6E
:108120006ED816F480550AD004213846F2F752F87A
:108130000546B4F84E3123F01003A4F84E31B204D2
:108140000AD505213846F2F745F80546B4F84E3110
:1081500023F02003A4F84E3173040AD506213846D3
:10816000F2F738F80546B4F84E3123F04003A4F88E
:108170004E31B8F1020F47D0B4F84E816748B8F1DC
:10818000000F40F09B8008F03BFD674808F038FD89
:10819000644808F035FDD4F898203846536823F039
:1081A00001035360F1F751FDD4F8982084F8CB8097
:1081B000536843F002035360D4F89820536823F0C7
:1081C000020353600123554884F83D3184F83E3161
:1081D00084F83F3184F8403184F8413184F84231E9
:1081E00084F8433184F8443108F00AFD4F483146A1
:1081F00008F006FD4B4808F003FD2846BDE8F8836B
:10820000B8F1000F58D10025F00512D500213846ED
:10821000F1F7E0FFB4F84E310546D4F8F80023F04A
:108220000103A4F84E3120B113F066F90023C4F81D
:10823000F830B10512D501213846F1F7CBFFB4F87B
:108240004E310546D4F8FC0023F00203A4F84E3169
:1082500020B113F051F90023C4F8FC30720512D597
:1082600002213846F1F7B6FFB4F84E310546D4F88E
:10827000000123F00403A4F84E3120B113F03CF9BF
:108280000023C4F8003133057FF576AF032138466B
:10829000F1F7A0FFB4F84E310546D4F8040123F0FD
:1082A0000803A4F84E3100283FF466AF13F024F918
:1082B0000023C4F804315FE700255DE718F0CF091B
:1082C0000DD108F09DFC1A4808F09AFC154808F0FA
:1082D00097FC3846F1F7CCFC84F8CB9072E718F0A5
:1082E00030080DD108F08CFC124808F089FC0D48CC
:1082F00008F086FC3846F1F7CAFC84F8CB8061E7C9
:1083000008F07EFCB4F84E110B4808F079FC0548E3
:1083100008F076FC56E700BFC0B00020858A051241
:10832000F68A0512689D05120B8B0512318B05121A
:10833000208B05124B8B05125C8B051238B53B491F
:108340003B480BF045FC051E04DAEA2239493A485D
:1083500008F01EFD4FF4E67008F032FE044620B926
:10836000EC223449354808F013FD2246344B1B7883
:1083700084F8A631334B1B7884F8A431324B1B7838
:1083800084F8A531314B03F1140153F8040B8B42EF
:1083900042F8040BF9D14123C82284F8AB312C49AF
:1083A00004F1140015F02EFCC8222A4904F1DC0067
:1083B00015F028FC284B04F5DE721B7884F8A931EF
:1083C000264B1B7884F8AA31254B03F1100153F892
:1083D000040B8B4242F8040BF9D1224B04F5D67200
:1083E0001B7884F8A731204B1B7884F8A8311F4BE9
:1083F00003F1100153F8040B8B4242F8040BF9D13E
:108400004FF4E672214628460BF04CFCB0F5E67FAF
:1084100004D0FB220749164808F0BAFC28460BF0A6
:1084200009FC2046BDE8384008F0D4BE0206010031
:108430008189051276080612728B05128F89051242
:1084400076B20020159B0020149B00205A0E0612C5
:108450004C9A002084990020269B002074B20020B2
:10846000169B0020379B002075B20020279B002020
:108470007A8B051202287FB505460C4607DCAA4810
:1084800008F0BEFB2946A94808F0BAFB50E04A684C
:108490001378732B2ED153786D2B1ED1886813F06F
:1084A00017F8A34C2070A04808F0AAFB2178A14837
:1084B00008F0A6FBA04808F0A3FB23780A2B5CD9A0
:1084C000994808F09DFB9D4808F09AFB9A4808F0EF
:1084D00097FB4FF0FF3004B070BD762BF0D1886869
:1084E00012F0F6FF964C20708F4808F089FB217837
:1084F0009448DDE7042877D1772B40F01A8253782F
:108500006D2B45D100250A222946A068ADF80C50F4
:108510008DF80E5013F0B6F90646E06815F0E8FB4A
:10852000282809D0804808F06BFB874808F068FBD2
:10853000814808F065FBC3E7092E05D97A4808F0A1
:108540005FFBA16881489FE7814B06EB860603EB42
:108550008606E36800215A5D2B448DF80C205B7879
:10856000102203A88DF80D3013F08CF90235282D58
:1085700006F8010FEDD101F059FE6B4808F040FB01
:10858000744808F03DFB6C4808F03AFB0020A2E775
:10859000762B95D100250A222946A068ADF80C500B
:1085A0008DF80E5013F06EF90646E06815F0A0FB4A
:1085B0002828B7D1092EC1D8674B06EB860603EBF6
:1085C0008606E36800215A5D2B448DF80C205B7809
:1085D000102203A88DF80D3013F054F90235282D20
:1085E00006F8010FEDD1C6E7742B5AD017D8652BCA
:1085F00000F0F380722B1ED0032D40F0A481612B7C
:1086000000F0A3816D2B7FF45BAFA3681B78722B06
:108610007FF456AF444808F0F3FA504B6BE0762BEA
:10862000EAD1A3681B78722B40F074813E4808F0B1
:10863000E7FA4B4B5FE053786D2B22D100210A22E1
:10864000A06813F01FF90446374808F0D9FA4549E5
:1086500004EB8400041D51F82440831C0194C41CC5
:1086600051F82440421C009451F8233051F8222044
:1086700051F820103C4808F0C3FA2F4808F0C0FA1F
:108680007BE7762B7FF41CAF00210A22A06813F051
:10869000F9F80446244808F0B3FA344904EB84009E
:1086A000D8E705287FF40CAF8B681B786D2B26D19B
:1086B000CB681B78772B7FF403AF086912F008FFB3
:1086C0002B4B1870C0B206283FF6FAAE164808F0D9
:1086D00097FA284808F094FACFE7A3681B786D2B27
:1086E0007FF4EEAEE3681B78722B7FF4E9AE0E48A0
:1086F00008F086FA1E4B93F900101F4876E06C2BA9
:1087000055D1D1E903050378722B39D1284612F0EF
:10871000DFFE0F2804463FF6D3AE034808F070FA98
:10872000164B1957E9E700BF858A0512968B05128B
:10873000159B0020AC8B0512689D0512768C0512E6
:10874000149B0020BD8B0512CE8B0512E08B051209
:108750004B9A0020838C051283990020269B0020D1
:10876000379B00204C9A0020F68B0512849900203C
:1087700075B200201F8C0512388C0512279B002033
:1087800012F0A6FE0F2804463FF69AAE284612F0D5
:108790009FFE744D2855744808F032FA21462A5736
:1087A000724808F02DFA724808F02AFA8EE7642B16
:1087B0007FF486AED1E9030512F08AFE00226D4BEC
:1087C0000F2804461A703FF67BAE6B4B1870284694
:1087D00012F07EFE634B185578E7A3681B78762B62
:1087E00007D1614808F00CFA6449654808F008FAB6
:1087F00043E7732B03D10122624B1A70BDE6652B50
:108800007FF45EAEFFF79AFD00225E4BF5E76D2B1D
:108810007FF456AEE3681B78722B7FF451AE52485A
:1088200008F0EEF9584B66E7052D7FF449AEA368D2
:108830001B786D2B09D1E3681B78772B7FF440AE52
:10884000206912F045FE504B3BE76C2B1BD1D4E95D
:1088500003050378722B0BD1284612F039FE0F283E
:1088600004463FF62DAE404808F0CAF9474B58E79A
:1088700012F02EFE0F2804463FF622AE284612F0D4
:1088800027FE424BA7E7642B7FF41AAED4E9030519
:1088900012F01EFE0122374B0F2804461A703FF6D5
:1088A0000FAE354B1870E9E76D2B7FF409AE042D40
:1088B000BAD1A3681B78772BA9D1E06812F008FE23
:1088C000334B31E0032D3FF4FBAD772B7FF4F8AD54
:1088D000E06812F0FDFD2F4D2F4C2870224808F063
:1088E0008FF92E4808F08CF9214808F089F995F99C
:1088F0000020002104F1980084F8CF2084F8CE20D5
:10890000F1F765FA012195F9002004F19800F1F7DB
:108910005EFA32E6032D3FF4D3AD772B7FF4D0AD72
:10892000E06812F0D5FD1E4B18704830C0B2B42874
:10893000CAE6742B3FF4D1AE10D8652B3FF44DAF8F
:10894000722B3FF478AE612BAED1A3681B78722BEB
:10895000B8D1054808F054F90E4BCCE6762B3FF41D
:1089600060AEF0E7279B0020858A05124B8C05122C
:10897000689D051272B2002082990020540E0612E2
:108980005F8C051273B2002074B20020169B002089
:10899000269B002076B20020C4B000201F8C051258
:1089A000379B002001207047F8B5044600F1980776
:1089B000502031F0C5F8682012F096FD0546C4F845
:1089C000D80008B90520F8BD60220021083031F038
:1089D00087F933233A48C5E90003682012F084FD83
:1089E0000546C4F8E8000028ECD0602200210830D9
:1089F00031F076F93523334A0321C5E900234FF0DE
:108A000001130025C4E927132F4B2022C4F8383165
:108A10002946C4F8585104F5AE7031F061F91420BC
:108A200012F062FD0646C4F8A001142012F05CFDAD
:108A30001022C4F8A40104F5C071304611F06CFE98
:108A400004F5C8711022D4F8A40111F065FE4FF0AE
:108A500080721E4B384693F90030C4E9305584F8D3
:108A6000CF3084F8CE301A4B84F8D050C4E92D238F
:108A7000C4E92A35C4F8D450C4F8B050A4F8BC50A6
:108A8000C4F8C850A4F8CC50F1F7E8F906461148EC
:108A900008F0B6F8D4F898300F48196E08F0B0F81E
:108AA0000E4808F0ADF80B4808F0AAF831460C481B
:108AB00008F0A6F8094808F0A3F8284683E700BFA5
:108AC00008100850441008508002800276B200203E
:108AD00000050105858A0512938C0512689D051213
:108AE000AF8C05120020704710B5FFF7FBFF28B1CF
:108AF000074808F085F86FF0030010BD054C0648E4
:108B000094F9001008F07CF894F90000F5E700BF34
:108B1000C78C051276B20020E58C0512F7B50D461C
:108B20000446002800F00481002900F001810B6850
:108B300000F19807082B0ADC002B0BDD013B072B0B
:108B400008D8DFE803F00A580794070707C3202B6B
:108B500000F0E5804FF0FF361EE04E6836B1013E72
:108B6000022E4FF0FF3698BF002615E0D0F808011E
:108B7000B4F83A2198B91146012012F0ADFCC4F8BE
:108B8000080178B940F21E326A496B4808F000F9D2
:108B9000D4F8083133B90426304603B0F0BD31466D
:108BA00031F09EF8012200238DF80720EA688DF845
:108BB0000430102A14BF01221A468DF8062003D172
:108BC000AB68013B18BF01238DF80530FFF78CFF20
:108BD000002102463846F1F7FAF8FFF785FF012138
:108BE00002463846F1F7F3F8019BC4F850310423EC
:108BF00084F87D31D0E74E68002EB0D1D0F8F8006F
:108C000008B112F079FC0120B4F8381112F064FCBC
:108C1000C4F8F80028B940F29F324649474808F0A6
:108C2000B7F8D4F8F830002BB5D00122C4F85C3185
:108C300000238DF80720EA688DF80430102A14BF4D
:108C400001221A468DF8062003D1AB68013B18BFFC
:108C500001232A698DF80530394B00211A803846E6
:108C600001AAF0F781FF002384F87C3194E74B6878
:108C7000012B10D1032380F8A93040F20123A4F87E
:108C8000AA30002384F8AC30384604F1A801F1F78B
:108C90002AF8002680E7022B05D1052380F8A930A9
:108CA00040F20153EBE78B68C3F3033380F8A9303C
:108CB0008B68C3F3032380F8AA308B68C3F30313D4
:108CC00080F8AB308B6803F00F03DBE74B68012BB8
:108CD0000AD1032380F8B93040F20123A4F8BA3056
:108CE000002384F8BC30CFE7022B05D1052380F8A0
:108CF000B93040F20153F1E78B68C3F3033380F8D6
:108D0000B9308B68C3F3032380F8BA308B68C3F3A0
:108D1000031380F8BB308B6803F00F03E1E70123F6
:108D200000F1C40180F8CB303846F1F775F8B0E7B0
:108D3000012631E7EE080612FD8C05121D8D051285
:108D400070B20020012838B5174C0DDCFFF7CCFEBF
:108D50000146164807F054FFD4F898301448196EAD
:108D600007F04EFF002038BD486812F0B1FB114DEE
:108D700041B21148297007F043FF95F90020002106
:108D800004F1980084F8CF2084F8CE20F1F71FF882
:108D9000012195F9002004F19800F1F718F8D4F8B2
:108DA00098300648196EDBE7C4B000203D8D0512EF
:108DB0004D8D051276B20020638D05127A8D051255
:108DC00037B50446B4F8B42004EB8103022A18BF77
:108DD000B4F8A0200D46196EA0F1980018BF01EB61
:108DE0005201C3F8C4100FF085FB94F8E63093B13C
:108DF0000122D4F8080145F010050DF107018DF8A6
:108E0000075011F0C3FC012805D040F275720349E8
:108E1000034807F0BDFF03B030BD00BFD408061201
:108E20008F8D051237B5044600EB81030D46196E90
:108E30009838C3F8C4100FF05DFB94F8E63083B1A6
:108E40000122D4F808010DF107018DF8075011F047
:108E50009DFC012805D040F289720349034807F0C0
:108E600097FF03B030BD00BFB60806128F8D051204
:108E700073B51E4B05461B780C462BBBB5F8B420CA
:108E800005EB8103022A196EB5F8A260A0F19800E3
:108E90001CD13246C3F8C4100FF03CFB95F8E73004
:108EA00093B10122D5F80C0144F010040DF1070133
:108EB0008DF8074011F06AFC012805D04FF4F762E5
:108EC0000B490C4807F064FF02B070BD01EB56017E
:108ED000C3F8C410084B72081B68002BDCD0201F9D
:108EE000C0B202B0BDE87040184700BFC0B000205B
:108EF0009C0806128F8D0512BCB0002037B5174BA9
:108F000004461B780D463BBB00EB8103196EC3F88A
:108F1000C410134BB0F8A2201B6852082BB1281FB5
:108F2000C0B203B0BDE83040184798380FF0F2FAED
:108F300094F8E73083B10122D4F80C010DF1070158
:108F40008DF8075011F022FC012805D040F2D772AD
:108F50000449054807F01CFF03B030BDC0B0002035
:108F6000BCB000207E0806128F8D05124AF64442DE
:108F700070B5314E04463388934240D12F4B304870
:108F80001D7807F03DFE31882E4807F039FE2E4847
:108F900007F036FE2D492E4B1B78002B2ED0002DCE
:108FA0002CD02268536823F4807353602268536D79
:108FB00043F40023536523685A6D5203FCD55A6D60
:108FC00022F400225A652268536D65F3913353658C
:108FD000226805EB8505536D43F440535365002328
:108FE0002268703251F823000133AB4242F8040B7F
:108FF000F8DB2268536843F48073536070BDB3F5A7
:109000007A5F0DD1134B0E481D7807F0F9FD3188BA
:10901000114807F0F5FD0C4807F0F2FD0F49BAE7DB
:10902000074807F0EDFD31880D4807F0E9FDBDE880
:109030007040054807F0E4BD70B20020159B002089
:10904000858A05129C8D0512689D05124C9A002098
:1090500081990020149B0020BE8D05128499002068
:10906000E08D051211F0FD0F2DE9F04104460F4689
:1090700000F19808CDB208D190F8A8312BB940463C
:10908000FFF774FF012384F8A8316B1E012B4FF00A
:10909000000100F2CA806B4B17F48056197016D08D
:1090A00004F5A8724046F0F7A9FD04234046B4F841
:1090B0003A21D4F80811F1F717F80423012684F8AF
:1090C0007D31B4F84E3143F01003A4F84E31BB04A7
:1090D00018D5012104F5AA724046F0F78FFD05234B
:1090E0004046B4F83A21D4F80C11F0F7FDFF0523FF
:1090F00084F87D31B4F84E31013643F02003F6B2E6
:10910000A4F84E31780412D506234046B4F83A212B
:10911000D4F81011F0F7E8FF062384F87D31B4F895
:109120004E31013643F04003F6B2A4F84E31022D21
:1091300040F0848017F480751DD0434807F060FD2F
:10914000B4F838114148490807F05AFD404807F083
:1091500057FD00234046B4F83821D4F8F810F0F752
:1091600053FF0023012584F87C31B4F84E3143F0DD
:109170000103A4F84E31B90512D501234046B4F8D5
:109180003821D4F8FC10F0F73FFF012384F87C313C
:10919000B4F84E31013543F00203EDB2A4F84E317C
:1091A0007A0512D502234046B4F83821D4F80011CC
:1091B000F0F72AFF022384F87C31B4F84E310135F0
:1091C00043F00403EDB2A4F84E313B0512D503235E
:1091D0004046B4F83821D4F80411F0F715FF032302
:1091E00084F87C31B4F84E31013543F00803EDB218
:1091F000A4F84E31012D21D90123D4F8A00184F81F
:109200007E3111F041FB012E12D90123D4F8A401C3
:1092100084F87F3111F038FBD4F89820002053688F
:1092200043F001035360BDE8F0812DB184F87E1155
:10923000002384F87F31EFE72E467BE7002384F894
:109240007E31E0E7C0B00020858A0512FC8D051252
:10925000689D051210B50446024600210448F0F747
:109260001DFD2246BDE8104001210148F0F716BD62
:109270005CB100200020704700207047012070473B
:109280002DE9F8438A4A1369002BFCDA4FF0A0431A
:109290001A6A884942F001021A6247F201125A62C0
:1092A0008A6E854C42F480728A66DA68642042F4E1
:1092B0000022DA60636F40F22D7823F480736367D5
:1092C000636F43F00103636730F0DAFCD4F8843055
:1092D000322043F08053C4F88430D4F8843043F013
:1092E0000063C4F88430D4F8843043F40043C4F8F5
:1092F0008430D4F8843023F4F863C4F88430D4F88C
:10930000843043F40073C4F88430D4F88C3043F4D0
:109310000053C4F88C30D4F8903043F08043C4F844
:109320009030D4F8943043F40003C4F8943043F2FE
:109330001333C4F8883030F0A3FCD4F8843004210F
:1093400043F02003C4F88430D4F88C30082243F46E
:109350008023C4F88C304FF0FA6340F22E7EC4F8BC
:10936000A4301023D4F8840020F47810C4F88400CA
:10937000D4F8840040EA4340C4F88400D4F8A40040
:1093800040F00100C4F8A400D4F8A4008007FBD585
:10939000D4F8A890D4F8A8C0D4F8A4C0B8EB194F5A
:1093A0002CF0010C4FEA1940C4F8A4C070D3134448
:1093B000AEEB000601394FEA5202D3D11F2B08BF92
:1093C00019463D4A03F1FF34D2F8840018BF591CF6
:1093D00020F47810C2F88400D2F8840040EA4440B7
:1093E000C2F88400D2F8A40040F00100C2F8A40042
:1093F000D2F8A4008407FBD5D2F8A8C0D2F8A440C4
:109400004FEA1C4024F00104C2F8A44040F22D723F
:10941000B2EB1C4F40F22E7240D3171A264AD2F8F4
:10942000840020F47810C2F88400D2F8840040EA66
:109430004140C2F88400D2F8A40040F00100C2F814
:10944000A400D2F8A4008007FBD5D2F8A8C0D2F8B7
:10945000A4404FEA1C4024F00104C2F8A44040F2AA
:109460002D72B2EB1C4F40F22E721CD3151A124A09
:10947000BE42D2F8840020F47810C2F884001DD3D4
:10948000AF421ED8D2F88410033B41EA43431DE0AB
:1094900070451CBF9B1AA0F22E768BE7904218BF36
:1094A000A0F22E77BAE7904218BFA0F22E75DEE741
:1094B00000000C5000A00C5000800850AE42C0F0DC
:1094C000EC80D2F88430023943EA41437A4CC2F846
:1094D0008430D4F88C30322023F48023C4F88C30CC
:1094E000D4F8843023F02003C4F88430D4F88C30CE
:1094F00043F48073C4F88C3030F0C2FB6F4B3220E1
:10950000C4F89030D4F8903043F00073C4F8903031
:10951000D4F8903023F08063C4F89030D4F88C30C5
:1095200023F48073C4F88C3030F0AAFBD4F88C306C
:10953000322043F48073C4F88C3030F0A1FBD4F8AF
:10954000883043F44043C4F88830D4F8883023F49A
:109550008043C4F88830D4F8A030DB0740F1A18004
:10956000574807F04DFB636F052023F03C0363670A
:10957000636F43F030036367D4F8803023F0020355
:10958000C4F88030D4F8803043F00103C4F8803050
:10959000D4F8803023F02003C4F8803048F28003F0
:1095A000C4F89830474BC4F89430474BC4F898300F
:1095B000D4F8C03023F48043C4F8C030D4F8C430A9
:1095C00043F48043C4F8C430D4F8C03023F001031E
:1095D000C4F8C030D4F8C43023F00103C4F8C43058
:1095E000D4F8C03043F48003C4F8C030D4F8C43099
:1095F00023F48003C4F8C43030F042FBD4F8C03008
:10960000012043F40013C4F8C030D4F8C43023F46C
:109610000013C4F8C43030F033FBD4F8C0300A2053
:1096200043F00103C4F8C030D4F8C43043F0010360
:10963000C4F8C43030F024FBD4F8C0300A2043F41E
:109640000003C4F8C030D4F8C43023F40003C4F8D5
:10965000C43030F015FBD4F8C030012023F480531F
:10966000C4F8C030D4F8C43023F48053C4F8C430F4
:10967000636843F00C03636041F202432361A22359
:109680006363124B23630623E363114BA363636895
:1096900043F002036360BDE8F883D2F88410023B14
:1096A000F3E60C4807F0ACFAD4F8883023F4004312
:1096B000C4F8883057E700BF008008509A994544A5
:1096C000128E0512AA0A8900AAAAAA0A09069A02F3
:1096D00009060002228E05122DE9F04F012085B007
:1096E000704CF8F79BFE4E2030F02AFA4F2030F0F5
:1096F00027FAEFF707FED4F88430DFF8B88143F09B
:109700002003C4F88430D4F88C3043F48023C4F8A8
:109710008C304FF0FA63C4F8A430042008211025DF
:10972000D8F80860D4F8843023F47813C4F884306F
:10973000D4F8843043EA4543C4F88430D4F8A430E4
:1097400043F00103C4F8A430D4F8A4309F07FBD53C
:10975000D4F8A830D4F8A820D4F8A4701B0C27F0B3
:1097600001079E42C4F8A47040F283800D44F71AAA
:10977000019701384FEA5101D4D1CDE902234A487B
:10978000D4F8881007F03CFADDE90223002D75D0EB
:109790001F2D75D005F1FF396F1CD4F88410434894
:1097A00021F47811C4F88410D4F8841092B241EAFC
:1097B0004941C4F88410D4F8A41041F00101C4F860
:1097C000A410294607F01CFAD4F8A4309A07FBD558
:1097D000D4F8A830D4F8A4201B0C22F001029E4239
:1097E000C4F8A42050D9A6EB030AD4F8843023F49B
:1097F0007813C4F88430D4F8843043EA4743C4F87B
:109800008430D4F8A43043F00103C4F8A430D4F871
:10981000A4309B07FBD5D4F8A830D4F8A4201B0CA7
:1098200022F001029E42C4F8A42031D9A6EB030B1A
:10983000019B534530D3DA4598BF4F461C4BC8F8BF
:10984000047008F10C0843457FF467AF154BD3F85B
:109850008C2022F48022C3F88C20D3F8842022F0BC
:109860002002C3F88420EFF787FC002005B0BDE894
:10987000F08FBFF47EAF6D1A9F1B79E7A9468BE787
:109880002F464FF01E0988E738BFA3EB060AACE766
:1098900038BFA3EB060BCBE7019B5B4538BF2F46D8
:1098A000CCE700BF008008502D8E0512418E0512B6
:1098B000509B0020389B002010B54FF4B27200215D
:1098C0000A4830F00DFA094A094B0A49C2F89830A3
:1098D000094B06481365002303220EF0D1FD044610
:1098E000024805F08BFB204610BD00BF78B2002077
:1098F000008008505A8E05126C0F06122129F8B507
:1099000006460D46144600F1980705DC1B2906DCC7
:10991000012970D0022967D04FF0FF3016E0A1F185
:109920001C05052DF8D801A353F825F0459903121D
:10993000579903121999031219990312679903127F
:10994000C59903121AB980F8A0200020F8BD0123A0
:1099500080F8A030F9E712B980F8A820F5E70123D4
:1099600080F8A830F1E76C2A29DC12F16C0F04DBD7
:1099700012F1480F03DB002508E06FF06B0404EBE5
:10998000D474641004F124056FF04704224807F0F2
:1099900037F922462946214807F032F9204807F0D6
:1099A0002FF9224600213846EFF762FF22460121B7
:1099B0003846EFF75DFF2846FFF74CFCC5E700256A
:1099C0006C24E3E772B101213846EFF7B1FF12488A
:1099D00007F016F92146134807F012F9104807F06E
:1099E0000FF9B2E71146EFE73846EFF774FE0020B3
:1099F000EFF718FBA9E73846EFF7E4FD2846F8F73C
:109A00000DFD4E2030F09CF84F2030F099F80023E7
:109A100086F8403199E700BF638E0512758E0512F6
:109A2000689D0512968E051201292DE9F84304461A
:109A30000D4600F1980704D8B0F81E61002E00F022
:109A40008F80554807F0DCF85FFA85F829465348BF
:109A500007F0D6F808F1FF39514807F0D1F8B9F10D
:109A6000010F6FD815F480660DD002213846EFF74C
:109A7000EFFFB4F81E31064623F00403A4F81E31AC
:109A8000012384F82331280508D5B4F81E3123F0CA
:109A90000803A4F81E31012384F82431B8F1020F21
:109AA00035D1E90508D5B4F81E3123F00103A4F837
:109AB0001E31012384F82131AA0508D5B4F81E31DE
:109AC00023F00203A4F81E31012384F82231B4F8F4
:109AD0001E3131489B0748D107F092F8314807F012
:109AE0008FF82F4807F08CF801213846EFF7FEFE7B
:109AF000EFF784FBD4F8982001215368384623F00F
:109B000002035360EFF77AFEB9F1010F1ED1B4F8EA
:109B10001E31214803F00C0393BB07F071F8224873
:109B200007F06EF81E4807F06BF8D4F898205368D9
:109B300023F001035360EFF72BFD02213846EFF7C6
:109B40005DFE03E0B8F1000F0DD00026124807F0CB
:109B500057F81648294607F053F8114807F050F80F
:109B60003046BDE8F88346469BE707F049F8B4F86D
:109B70001E110F4807F044F8094807F041F8C3E701
:109B800007F03EF8B4F81E11094807F039F8044808
:109B900007F036F8DAE700BF638E0512F68A051281
:109BA000689D0512AD8E0512D88E0512318B0512F7
:109BB000C08E0512F8B54FF4207300250127A0F8D8
:109BC0001C310446C0E94B55C0E94D55A0F89C50E6
:109BD00080F8A07080F8A870142011F085FC06466B
:109BE000C4F85C01142011F07FFC04F5A471C4F8E2
:109BF00060010A22304610F08FFD0A2204F5A97197
:109C0000D4F8600110F088FD3846F8F707FC4E20C4
:109C10002FF096FF4F202FF093FF04F19800EFF7FD
:109C2000D1FC0446054806F0EBFF2146044806F047
:109C3000E7FF044806F0E4FF2846F8BD638E0512EE
:109C4000EB8E0512689D0512F8B50D4604460028F6
:109C500057D0002955D00B68012B04D0022B23D0FC
:109C60004FF0FF30F8BD00230C260869264A06FB9A
:109C700003F18F18515888420ED184F89E30C4F8F1
:109C8000AC706B68580744BF022384F83D316B68A1
:109C9000190705D40020E5E70133092BE7D1F0E7E8
:109CA000032384F83D31F5E7002314260869174A99
:109CB00006FB03F18F18515888421ED184F89E305C
:109CC000C4F8A4706B6804F19806DA0708D500217F
:109CD000304604F1A002EFF739FD002384F83C314F
:109CE0006B689B07D6D50121304604F1A002EFF73F
:109CF0002DFD012384F83C31CCE70133092BD7D16A
:109D0000E0E70120AEE700BF980F0612041006122C
:109D100002280B4610B505D00D4806F071FF4FF034
:109D2000FF3010BD58680A22002111F0FFFC0446E4
:109D30000146084806F064FF224600210648EFF776
:109D400097FD224601210448EFF792FD0020E8E745
:109D500036790512058F051210B30020F8B50446B8
:109D60001D460E46C1B190F83C71012F05D940F255
:109D700032620E490E4807F00BF804EB8707D7F85C
:109D80002C0158B12A46314613F03CFF94F83E317D
:109D900013B1FF2384F83C312846F8BD40F23E62FF
:109DA0000249044806F0F4FFF6E700BFBF0E0612B2
:109DB000148F05127B8905120120704738B50D4DAF
:109DC000D5F89040C4F313040444B4F5801F04D3C1
:109DD000A2220949094806F0DBFFD5F8903064F368
:109DE0001303C5F89030D5F8903043F00073C5F8F0
:109DF000903038BD00800850DF0E0612328F0512F9
:109E000002280B4610B505D00A4806F0F9FE4FF0BF
:109E1000FF3010BD0A225868002111F087FC04466B
:109E20000146054806F0ECFE20B2FFF7C7FF002010
:109E3000EFE700BF36790512538F051270B506465D
:109E4000324C3220D4F88C3043F48073C4F88C3018
:109E50002FF016FF032E45D8DFE806F0023E404201
:109E60002B4BC4F89030D4F89030322043F000737C
:109E7000C4F89030D4F8903023F08063C4F8903068
:109E8000D4F88C3023F48073C4F88C302FF0F8FEB3
:109E9000D4F88C30322043F48073C4F88C302FF027
:109EA000EFFED4F88830322043F44043C4F88830C1
:109EB0002FF0E6FED4F88830314623F48043C4F80E
:109EC0008830D4F8A05015F0010511D0114806F0E3
:109ED00097FE4FF0FF3070BD0F4BC2E70F4BC0E74E
:109EE0000F4BBEE7E3220F490F4806F051FFBAE7D8
:109EF0000E4806F085FED4F88830304623F400433F
:109F0000C4F88830EFF794F82846E4E7008008505A
:109F10006F125344628F0512226C48440000504473
:109F20009A994544CF0E06125AAC05127F8F05123E
:109F300038B505461A480C4606F062FE4AF6444318
:109F400064009D42E4B207D045F222639D4203D0F3
:109F500042F611339D4221D101250134E4B2EFF7DD
:109F6000D1F90C200F4B1049D3F8842000FB0511C8
:109F700022F47812C3F88420D3F8842049680B486F
:109F800042EA4142C3F88420224606F039FE2046C8
:109F9000FFF754FF10F0FF00F9D138BD0025DEE7D0
:109FA000978F051200800850389B0020A48F05125F
:109FB00038B54AF644434C009842E4B207D045F223
:109FC0002263984203D042F6113398421FD10120F8
:109FD0000134E4B20C250F4B0F49D3F8842005FB64
:109FE000001122F47812C3F88420D3F88420496841
:109FF0000A4842EA4142C3F88420224606F000FEA5
:10A000002046FFF71BFF10F0FF00F9D138BD0020FC
:10A01000E0E700BF00800850389B0020A48F0512A5
:10A020002DE9F84311F0FF0704460D4690F89E60B5
:10A0300000F1980811D0022F27D10C22142372436B
:10A04000724973438A587249CB589A4205D040F2FC
:10A050007C427049704806F09BFE142373436C49A0
:10A0600094F84021C818007940B1CE584FF0020949
:10A0700001213046EAB9FFF75BFF1CE0FAB9EFF7C0
:10A0800041F9012384F8403119E0012F40F0A98003
:10A090000C214E435D4A90F840319119097900290D
:10A0A00000F09B8096594FF0020939463046002B4C
:10A0B000E1D0FFF77DFF84F84091C4F84461574830
:10A0C00006F09EFDD4F8442194F84011544806F05F
:10A0D00097FD07F1FF39534806F092FDB9F1010FE2
:10A0E00000F2868015F4806617D0002104F1A802E2
:10A0F0004046EFF761FB02234046B4F81C21D4F838
:10A100000411EFF73FFC0223012684F83D31B4F837
:10A110001E3143F00403A4F81E31290510D5012196
:10A12000404604F1A802EFF747FB032384F83D31D2
:10A13000B4F81E31013643F00803F6B2A4F81E311C
:10A14000022F5FD115F480731FBFB4F81E3143F0A6
:10A150000103A4F81E310123AA0553D5012284F876
:10A160003C21B4F81E2142F00202A4F81E21002B6B
:10A1700048D0D4F85C0184F83E3110F085FB022E03
:10A180003AD10123D4F8600184F83F3110F07CFB10
:10A1900015F0FD0511D1D4F89820012153684046EF
:10A1A00043F002035360EFF7A1FBD4F8A400EEF7ED
:10A1B00045FF29464046EFF799FBB9F1010F09D851
:10A1C000D4F8AC00EFF7ECF8D4F89820536843F0DB
:10A1D000010353600020BDE8F883002B7FF46FAFCC
:10A1E0004DE740F2B3420B490F4806F0D1FD66E758
:10A1F00037B1002384F83E31002384F83F31C7E7AC
:10A200003E469FE7002384F83E31B8E7980F0612D8
:10A2100004100612AA0E0612C98F0512638E0512CB
:10A22000F48F0512689D05125AAC0512004870475C
:10A2300010B3002037B5044600EB8103B0F884204A
:10A240000D46596E983801EB5201C3F8941052082C
:10A250000EF060F994F8A73093B10122D4F8C80049
:10A2600045F010050DF107018DF8075010F08EFA3A
:10A27000012805D040F2AD620249034806F088FD8E
:10A2800003B030BD8E0E06128F8D051237B5044611
:10A2900000EB81030D46596E9838C3F89410B0F85E
:10A2A0001C2152080EF036F994F8A73083B1012230
:10A2B000D4F8C8000DF107018DF8075010F066FAC8
:10A2C000012805D040F2BF620249034806F060FD54
:10A2D00003B030BD6E0E06128F8D051210B505F05D
:10A2E00085FE02F06BF9044620B954220D490E4850
:10A2F00006F04EFD2046F7F757F9D4F8CC306BB195
:10A300000A4806F07DFCD4F8CC10094806F078FC29
:10A31000084806F075FC0023C4F8CC30BDE81040B6
:10A3200005F07ABEED10061219900512CB7E0512CB
:10A3300029900512689D051208B50F2817D8DFE887
:10A3400000F01B161608161D160A0C0E161016160F
:10A350001214012008BD0320FCE70420FAE70520C1
:10A36000F8E70620F6E70720F4E70820F2E7C42222
:10A370000349044806F00CFD0020EBE70220E9E762
:10A38000CD1006125AAC0512F0B5222905460E462C
:10A39000144685B00BDC1A2912DDA1F11B03072B33
:10A3A0000ED8DFE803F03C0D4C0D1E2C253340F297
:10A3B000EA33994200F08980B1F57B7F00F08E800E
:10A3C0005F4806F01DFC31465E4806F019FC5E4809
:10A3D00006F016FC4FF49F725C495D4806F0D8FC0D
:10A3E00003E014B1237880F83A31002005B0F0BDC5
:10A3F000002CFAD021785030F6F718FDF5E7002C44
:10A40000F3D021785030F6F707FDEEE7002CECD0C2
:10A41000E378A27861785030F6F712FDE5E7002C7A
:10A42000E3D0208895F83A41A5F83801FFF784FF7A
:10A430002146024605F15000F6F7F4FBD5E7002C63
:10A44000D3D000F1500690F83A1122783046F6F752
:10A45000A5FB608895F83A71A5F83801FFF76CFF05
:10A46000394602463046F6F7DDFB6088FFF764FFA9
:10A4700008281BD13046626895F83A11F6F740FC7F
:10A48000227F95F83A113046F6F77EFCA38A3046D3
:10A490000393638A0293238A0193E3890093A38938
:10A4A000A26995F83A11F6F7DDFB9EE76088FFF7A1
:10A4B00043FF0728E4D1A37A30460093637A227AD7
:10A4C00095F83A11F6F7ECFBDAE7002A8DD090F810
:10A4D0003A1112785030F6F761FB86E7002A84D0F3
:10A4E00000F1500690F83A1112783046F6F756FB14
:10A4F000608895F83A71A5F83801FFF71DFF3946D5
:10A5000002463046F6F78EFB6088FFF715FF0828F5
:10A5100006D13046626895F83A11F6F7F1FB64E728
:10A520006088FFF709FF07287FF45FAFA37A304602
:10A530000093637A227A95F83A11F6F7B1FB54E763
:10A54000CB7E05123C900512689D0512B8100612CC
:10A550005AAC05127047000008B550220021074888
:10A560002FF0BEFB054A064B06491363064B034812
:10A570005363BDE808400B2204F022BDE4B3002081
:10A58000D9AD03124A900512B9AC031210B5164C9E
:10A590004FF41972002120462FF0A2FB134B0B221F
:10A5A000236507232375124B20466362114B124922
:10A5B000A362124BE362124BA363124BE36404F0F9
:10A5C000FFFC94F8AA31002023F00D0343F00503AB
:10A5D00084F8AA31032384F89C0184F8A801A4F824
:10A5E000B80184F8B03110BD38B4002000800050AC
:10A5F00041A6031261B50312C09A051239B50312C0
:10A6000011B00312FC11061270B50D46044628B9AC
:10A610004FF48C620849094806F0BAFBD4F84C3272
:10A620000133C4F84C32236A23B129462046BDE8E1
:10A630007040184770BD00BF5011061253900512AC
:10A640001FB53223204C0122204984F89D3104F5A6
:10A650009E70002304F01AFF0023042238211B48B7
:10A6600005F0EEFAC4F8400228B94FF423721849F5
:10A67000184806F08DFB0C230A22CDE902324FF474
:10A6800000630193144B154A0093D4F840321449E7
:10A69000144807F08BFC28B140F295220C4912486F
:10A6A00006F076FB0F4807F085FB00230F491A469A
:10A6B0000F4804F0EBFE00230E491A460E4804F042
:10A6C000E5FE002004B010BD38B400205C900512F7
:10A6D000B8110612649005122084002075BE031282
:10A6E0006F900512F4B50020D3780512789005120A
:10A6F00094B5002081900512B4B5002010B5044631
:10A7000042F2107004F08CFB014604F59E70BDE827
:10A71000104004F05BBF000010B55030F7F77AF836
:10A72000044658B1064806F06BFA2146054806F083
:10A7300067FABDE81040044806F062BA10BD00BFD9
:10A74000CB7E051289900512689D051208B5D0F8D8
:10A75000F8310133C0F8F831D0F894307BB10023E0
:10A7600000F5867040F8783C04F0ECFF38B1BDE8A5
:10A77000084040F217220249024806F009BB08BD12
:10A7800090110612E47E051210B5044628B94FF464
:10A79000D1720D490D4806F0FBFAB4F858312BB1CF
:10A7A00040F2A31208490A4806F0F2FA04F59E7036
:10A7B00004F0C8FF38B1BDE8104040F2A5120249CC
:10A7C000044806F0E5BA10BD651106125390051253
:10A7D000A3900512E47E051210B590F8AA31DB07AC
:10A7E00010D55030F6F7D6FF044658B1064806F0AB
:10A7F00007FA2146054806F003FABDE81040044870
:10A8000006F0FEB910BD00BFCB7E0512BC9005124C
:10A81000689D05122DE9F0434FF0000885B003282C
:10A8200081460E46CDF80C800CDC4D4806F0E8F968
:10A830004C4806F0E5F94C4806F0E2F9002005B076
:10A84000BDE8F08310224146706811F01BF80A221F
:10A8500041460546B06811F015F80A220446414603
:10A86000F06811F00FF8B9F1040F07460DD0306908
:10A870000A22414611F006F80646631E032B06D94C
:10A88000374806F0BDF93948D3E7394EF5E7E3001C
:10A8900035FA03F3324807D006F0B2F922462946CA
:10A8A000344806F0ADF9C6E706F0AAF93B462A4659
:10A8B0002146314806F0A4F92B4806F0A1F92F48AB
:10A8C000FFF71CFF28B140F637422D492D4806F00E
:10A8D0005FFADFF8A8804046FFF71EFF98F8543073
:10A8E000DA1E092A01D9012B2AD81D4806F088F959
:10A8F0003146254806F084F91B4806F081F93146B7
:10A900002248D8F85880F6F7DCF8224629461F4836
:10A91000009703ABF6F7C0FA414604461B48F6F72A
:10A92000D0F81648FFF758FF1448FFF72DFF0C48E2
:10A9300084B906F065F90399154806F061F97AE7DC
:10A9400022462946009703AB08F15000F6F7A4FA17
:10A950000446E6E706F054F921460E48EDE700BF4D
:10A96000CB7E0512D7900512689D05120591051240
:10A9700080841E001B9105125891051238B40020E6
:10A980002D110612719105128291051288B40020D2
:10A9900094910512A19105122DE9F341384D1C4601
:10A9A00095F89C310746072B0E46904665D0D5F8A2
:10A9B0003431002B61D09B691B69002B5DD0284688
:10A9C000FFF7AAFE95F8AA31DB0616D52D4806F04A
:10A9D00017F904F009FA4FF47A71D5F8A4313A4620
:10A9E000C01A48434346B0FBF1F1CDE90064264864
:10A9F00006F006F9254806F003F9B5F8B831B42B8E
:10AA000006D1D5F83431DB8B013B1A1B9C1B164653
:10AA1000474501DCA64205DD40F2A9721C491D48EC
:10AA200006F0B6F9D5F83421A8EB0703928B9342D0
:10AA300005DB40F2AA721649174806F0A9F9D5F8C5
:10AA40003421A31BD28B934205DB40F2AB72104939
:10AA5000124806F09DF9D5F83431A4B29B690094F0
:10AA60001C690F481FFA88F3B2B2B9B2A047044874
:10AA700002B0BDE8F041FFF7AFBE02B0BDE8F08123
:10AA800038B40020AB910512B4910512689D0512EF
:10AA900085110612E29105120B92051249920512D8
:10AAA00088B4002038B5164C054694F89C31072B25
:10AAB00025D0D4F8343113B3124806F0A1F8294652
:10AAC000114806F09DF8114806F09AF82046FFF765
:10AAD00023FED4F834319B691B6B1BB1294604F16A
:10AAE0005000984794F83A11EAB20948F6F74CF941
:10AAF000A4F8B8510248BDE83840FFF76DBE38BD34
:10AB000038B40020AB91051286920512689D05129B
:10AB100088B4002037B5504C504806F071F8B4F8AE
:10AB20005821D4F834114E4806F06AF84D4806F022
:10AB300067F8236D002B00F08D802FF0D9F80546C3
:10AB40002FF01EF8454806F05BF82946464806F007
:10AB500057F8444806F054F8404806F051F83F20B2
:10AB6000EFF794FC05463F20EFF776FC3F4B02469B
:10AB7000D3F804312946DB0F3D4806F041F8394847
:10AB800006F03EF8354806F03BF8D4F81C1194F86E
:10AB9000172194F81831374806F032F8314806F09A
:10ABA0002FF82E4806F02CF8236D33485968D3F857
:10ABB000A02006F025F82B4806F022F8274806F0DA
:10ABC0001FF8D4E94B23D4F828112C4806F018F8C4
:10ABD000244806F015F8214806F012F8D4E992232B
:10ABE000D4F84412264806F00BF81E4806F008F880
:10ABF0001A4806F005F8206D01694269C36880684B
:10AC00000090204805F0FCFF164805F0F9FF1348B6
:10AC100005F0F6FF206DC169026A436AC56A406BA0
:10AC2000CDE90050184805F0EBFF0E4805F0E8FFAD
:10AC30000A4805F0E5FF206D016E426E836E006FDD
:10AC40000090124805F0DCFF064803B0BDE8304034
:10AC500005F0D6BF03B030BD38B40020CB7E05125E
:10AC600097920512689D0512BB92051200E100E063
:10AC7000C5920512EC920512109305122593051248
:10AC80003C930512539305127D930512AA93051266
:10AC900008B5064805F0B4FF054805F0B1FF0548C2
:10ACA00005F0AEFFBDE80840FFF734BFCB7E0512CC
:10ACB000D0930512689D051270B58AB316781948AD
:10ACC000642E354628BF642504F048F9044648B987
:10ACD00040F6CA321449154806F05AF80120144BC0
:10ACE0001D7070BD134805F08BFF2946124805F012
:10ACF00087FF124805F084FF642342F2107204219A
:10AD000020466B430EF019FC26B9042120460EF0B4
:10AD1000FEFBE3E70022042120460EF0DFFBDDE727
:10AD20001046DEE738870512431106125AAC0512A9
:10AD3000E0B30020AB910512E4930512689D051263
:10AD400030B51D4D8BB02B7803701C4804F006F90C
:10AD5000044690B940F6A53219491A4806F018F889
:10AD6000194805F04DFF2978184805F049FF1848A3
:10AD700005F046FF01200BB030BD222200210DF16D
:10AD800006002EF0ADFF0423832120460DEB0302C5
:10AD9000ADF8043004F054FA0028E1D10A4805F077
:10ADA0002FFFDDE90223BDF804100A4805F028FF53
:10ADB000074805F025FFD3E7E0B3002038870512E8
:10ADC000361106125AAC0512AB91051219940512F0
:10ADD000689D0512F5930512104608B512B1FFF7EC
:10ADE000AFFF012008BD000007B50DF10700FFF718
:10ADF000A7FF074805F004FF9DF80710054805F078
:10AE0000FFFE054805F0FCFE002003B05DF804FBE2
:10AE1000AB9105120C970512689D05122DE9F043C0
:10AE2000022804460F4685B006DC3A4805F0E8FEE5
:10AE3000394805F0E5FE53E010220021786810F053
:10AE400021FD0A2206460021B86810F01BFD431EB2
:10AE5000032B054604D92F4805F0D2FE2F48E8E71A
:10AE6000C30036FA03F333D14FF003080DF10C0998
:10AE7000A0453CD32748033C05F0C2FE234632469A
:10AE80002946274805F0BCFE264805F0B9FE2648AD
:10AE9000FFF734FC28B140F68B422449244805F0E2
:10AEA00077FF2148FFF738FC2A46314603AB009470
:10AEB0002048F6F7B7F804461B48FFF78DFC1A4800
:10AEC000FFF762FC1348ECB905F09AFE1A48B0E7A8
:10AED000104805F095FE2A463146184805F090FEC8
:10AEE000104805F08DFE002005B0BDE8F08357F84E
:10AEF00028001022002110F0C5FC08F1010809F813
:10AF0000010BB5E705F07CFE21460D4805F078FE03
:10AF1000E6E700BFCB7E05122A94051205910512C3
:10AF200069940512689D051238B400202411061298
:10AF30007191051288B40020859405121B910512A9
:10AF4000A1910512F7B5294A294D13680446591CE9
:10AF50008360116001463822D5F8400204F0C2FE39
:10AF60000646002830D0234805F04AFED5F8403286
:10AF7000324621799B8C204805F042FE1F4805F09F
:10AF80003FFED5F840620025B46AB38C9D4200D2E2
:10AF900044B94FF4E9721A491A4803B0BDE8F040C9
:10AFA00005F0F6BE1348276805F02AFE6368227A8A
:10AFB00000932946E368144805F022FE0F4805F087
:10AFC0001FFE3C460135E0E723790B3B0A2B0BD8EB
:10AFD0004FF0FF3105F5BE7004F0F8FA20B14FF4E0
:10AFE000ED7207490948D8E703B0F0BDDCB3002093
:10AFF00038B40020CB7E05128C940512689D051292
:10B00000D71106125AAC0512B1940512E47E05124E
:10B0100070B55C4D144695F89C318EB053B11C2927
:10B020001ED13AB105F59E7004F088FB831C04D153
:10B030000123237000200EB070BD50B905F59E703D
:10B0400004F080FBD5F840329B8C003B18BF0123F5
:10B05000EFE740F2CA424C494C4805F099FEE9E757
:10B0600040F2F233994212D195F8A9311370002BB6
:10B07000E0D0474805F0C4FD2178464805F0C0FD02
:10B08000454805F0BDFD002385F8A931D2E7012927
:10B0900010D1D5F8343153B105F15000F6F7ECFB7F
:10B0A00028B140F2E94238493C4805F071FE03F00E
:10B0B000ABFABFE702290AD103F0FCFA95F8183180
:10B0C000022BB7D140F2F7422F493548C5E7242972
:10B0D0004BD00ADCA1F11503052B10D8052B0ED897
:10B0E000DFE803F02D350D450D3740F2F13399427D
:10B0F0003FD00BDC282933D0B1F57C7F3FD00B2328
:10B10000CDE903018DF8043005941BE0B1F5FA6F29
:10B11000F5D1D5F8443202F128060133C5F844329E
:10B1200008238DF8043003AB1A46206861680834A0
:10B1300003C2B4421346F7D12068106002E0032333
:10B140008DF8043068460095FFF7FCFE72E70D238A
:10B15000F6E713238DF8043023788DF80C30F1E7EF
:10B16000072303928DF80430ECE70623F2E70E2361
:10B17000F0E715238DF804308DF80C40E2E7142336
:10B18000F8E700BF38B40020EC1106125AAC0512E3
:10B19000AB910512CB940512689D0512D894051247
:10B1A000E694051210B510248EB08DF80440054CBD
:10B1B000CDE903016846CDE905230094FFF7C2FEFF
:10B1C0000EB010BD38B4002030B50B4C8FB0D4F8A1
:10B1D0004452CDE905230135C4F844520425129B9D
:10B1E000CDE9030168468DF8045000940793FFF7FA
:10B1F000A9FE0FB030BD00BF38B4002010B50F2439
:10B200008EB0CDE905238DF80440109B044CCDE9A8
:10B210000301684600940793FFF794FE0EB010BD3B
:10B2200038B4002010B58EB098B10B4B93F89C4108
:10B23000072C0ED0D3F834415CB112240390684639
:10B240008DF804400093ADF81010ADF81220FFF710
:10B2500079FE0EB010BD00BF38B4002010B50B4B06
:10B260008EB093F89C41072C0ED0D3F834415CB1DA
:10B270001124039068468DF804400093ADF8101037
:10B28000ADF81220FFF75EFE0EB010BD38B40020FE
:10B2900038B5154C054694F89C31072B22D0D4F8CC
:10B2A0003431FBB1114805F0ABFC2946104805F0DC
:10B2B000A7FC104805F0A4FCD4F8343183B19B6995
:10B2C0005B6A6BB12046FFF727FAD4F8343104F1FA
:10B2D00050009B6929465B6A98472046FFF77CFA35
:10B2E00084F89D5138BD00BF38B40020AB910512E1
:10B2F00011950512689D051208B50C4805F080FCF3
:10B300000B4805F07DFC0B4805F07AFC0A48F6F77F
:10B310004FF82EF029FC054805F072FC074805F0AF
:10B320006FFCBDE80840034805F06ABCAB9105120C
:10B3300023950512689D051288B400202C950512EE
:10B34000F8B54C4805F05CFC4B4E4C4805F058FCF9
:10B350004B4805F055FC2EF09FFCD6F83431002BFD
:10B360005DD1484C484FBC420AD1484805F048FCE2
:10B37000474805F045FC424805F042FC002448E0FF
:10B380003C4805F03DFC434805F03AFC3C4805F0DC
:10B3900037FC96F8AA319B0719D5364805F030FCE2
:10B3A0003D4805F02DFC364805F02AFC374805F0ED
:10B3B00027FC3A48DDE705F023FC39482A462146B8
:10B3C000236905F01DFC2E4805F01AFC2834BC4208
:10B3D000ECD2A369002BF9D06269002AF6D05A6832
:10B3E000002AF3D01B680BB12E489847A3692D485B
:10B3F0005B689847054623691E489D42DBD105F0EE
:10B40000FFFB29482A46214605F0FAFB1C4805F0B7
:10B41000F7FBC6F83441D6F83431DBB10FE01548FC
:10B4200005F0EEFBD6F83411204805F0E9FB14488E
:10B4300005F0E6FBD6F834319B691B68ABB90E48C2
:10B44000FFF7CAF93F2000220621EEF757FF3F2001
:10B45000EEF796FF074805F0D3FB154805F0D0FB43
:10B46000BDE8F840064805F0CBBB06F15000984710
:10B47000D1E700BFAB91051238B400203B9505120F
:10B48000689D0512E8A0061210A106124395051248
:10B490004C9505126695051283950512CE950512F9
:10B4A000AA95051288B4002096950512DA95051222
:10B4B000E6950512F8B504462EF01AFC164F06461E
:10B4C00097F89C31A34224D0072B05D14FF4A572E5
:10B4D0001249134805F05CFC97F89C5187F89C4191
:10B4E00030462EF04DFBA54215D00E4805F088FBE6
:10B4F0000D4B082D98BF53F8251053F824200B4806
:10B5000088BF0B4905F07CFBBDE8F840094805F011
:10B5100077BB2546E4E7F8BD38B40020C511061214
:10B52000FB950512AB910512001106122896051223
:10B53000F4950512689D051200B505208FB0FFF740
:10B54000B9FF0C238DF80430044B68460093FFF7D5
:10B55000F9FC00200FB05DF804FB00BF38B40020F8
:10B5600000B501208FB0FFF7A5FF02238DF804304E
:10B57000044B68460093FFF7E5FC00200FB05DF830
:10B5800004FB00BF38B4002001282DE9F341074631
:10B590000E4612DCAE4805F033FBAE4805F030FB3A
:10B5A000AD4805F02DFBAA4805F02AFBAB4805F095
:10B5B00027FBA94805F024FB1AE0A94DD5F8343142
:10B5C00043B9A34805F01CFBA64805F019FBA248A7
:10B5D00005F016FB7468A449204612F0D7F980469E
:10B5E00050B99F48FFF72CF841469D48FFF7B8FF38
:10B5F000002002B0BDE8F08120469C4912F0C6F957
:10B6000018B99748FFF798FFF2E72046984912F0DB
:10B61000BDF9024608B9152106E02046954912F009
:10B62000B5F9024620B916218D48FFF7F1FCDFE796
:10B630002046914912F0AAF9804630B902461621F7
:10B640008748FFF7E5FC4246E5E720468B4912F0C4
:10B650009DF98046002842D1022F08D001460A22D7
:10B66000B06810F00FF91A21019001AADCE78448B4
:10B6700003F074FC044640B3012103F0E3FC012312
:10B680004146204601AA03F06BFD012816D17D48F2
:10B6900005F0B6FA9DF804107B4805F0B1FA6E4843
:10B6A00005F0AEFA204603F029FD764805F0A8FA29
:10B6B00095F89D11754805F0A3FA7AE7644805F0FE
:10B6C0009FFA734805F09CFAE9E76E4805F098FA8E
:10B6D000704805F095FA604805F092FAE5E72046D3
:10B6E0006D4912F053F9804690B9022F0BD00146F4
:10B6F0000A22B06810F0C6F880B2B4287FF478AFA0
:10B700004246252190E7524805F07AFA63484EE711
:10B710006349204612F03AF90146C0B9022F0DD014
:10B720000A22B06810F0AEF880B2003818BF0120CD
:10B7300095F8AA3160F3041385F8AA31444805F05E
:10B740005FFA95F8AA115748C1F30011B3E72046F4
:10B75000554912F01BF980B9022F08D000210A22A6
:10B76000B06810F08FF801465048F5F7AAF938484C
:10B7700005F046FAA96D4E489DE720464D4912F066
:10B7800005F9A0B9022F3FF433AF0A220021B068B7
:10B7900010F078F80446011E18BF01214348F5F760
:10B7A0005BFB2B4805F02CFA2146434883E74349CD
:10B7B000204612F0EBF8014698B9022F3FF418AF7B
:10B7C0000A22B06810F05EF8044695F8AA3160F3DA
:10B7D00083031F4885F8AA3105F012FA214638483C
:10B7E00069E73849204612F0D1F8014698B9022F8E
:10B7F0003FF4FEAE0A22B06810F044F8044695F813
:10B80000AA3160F34513124885F8AA3105F0F8F91A
:10B8100021462D484FE72D49204612F0B7F8014642
:10B8200000287FF4E5AE022F3FF4E2AE0A22B068B2
:10B8300010F028F8044695F8AA3160F386130448FE
:10B8400085F8AA3105F0DCF92146214833E700BF2D
:10B85000CB7E051235960512689D0512509605128D
:10B8600038B40020669605123E95051226950512FD
:10B87000579905126F9905127C9605125EA805125C
:10B880004A900512AB91051283960512F2960512A5
:10B89000A9960512D6960512159705121C97051242
:10B8A00031970512359705123D97051288B400208F
:10B8B00042970512F18F05124B9705125397051207
:10B8C0005A970512669705126A970512779705121F
:10B8D0007F97051210B5184C94F89C31072B29D08E
:10B8E000D4F8343133B3154805F08AF9144805F01B
:10B8F00087F9144805F084F92046FEF70DFFD4F8C7
:10B9000034319B695B6A1BB1002104F150009847F8
:10B91000D4F834319B69DB680BB10B489847064873
:10B92000FEF75AFF0848F5F743FDBDE81040062032
:10B93000FFF7C0BD10BD00BF38B40020AB910512A9
:10B9400093970512689D051288B4002010B5124C1B
:10B9500094F89C31072B1ED0D4F83431DBB10F485A
:10B9600005F04EF90E4805F04BF90E4805F048F980
:10B970002046FEF7D1FED4F834319B699B6813B1A1
:10B9800004F1500098470448FEF726FFBDE8104038
:10B990000420FFF78FBD10BD38B40020AB91051215
:10B9A0009F970512689D05122DE9F04F85B004465A
:10B9B000DDE90E9715469A46029129B940F2516287
:10B9C000A749A84805F0E4F94D4501DCBA4505DD75
:10B9D00040F25262A249A44805F0DAF994F8A8317D
:10B9E0002BB140F254629E49A04805F0D1F90123E1
:10B9F0009F4984F8A83191F89C21072A00F0FA8128
:10BA0000D1F83421002A00F0F58194F8AA215006DB
:10BA100000F1F081D4F8342192699269002A00F093
:10BA2000EB812046FEF778FEB4F8B831B42B40F035
:10BA3000E480D4F834314D45B3F81EB00BF1FF3B30
:10BA4000ABEB0708ABEB0A0601DCBA4505DD40F2BB
:10BA50008F628349874805F09BF9002DACBF002316
:10BA60006B42B8F1000F80F2C981A7EB0B0B002BE2
:10BA700040F0C981BBF1000F00F3C581D4F8343127
:10BA800004F1500B9B69DB6B002B00F0BB8003F0D3
:10BA9000ABF9D4F8B4318246C31A40F6B8300393F8
:10BAA00003F0BEF9039B984280F0AC80D4F83431A7
:10BAB00058469B69DB6B9847002800F0A1806FF027
:10BAC000010503906C4805F09BF803996B4805F05D
:10BAD00097F86B4805F094F8C4F8B4A1D4F85C3238
:10BAE0000133C4F85C32002D40F0DA80032384F87F
:10BAF000B03103F079F994F8AA31C4F8A401D90659
:10BB00000CD5604805F07CF8D4E968325E480299AB
:10BB1000D21A05F075F85A4805F072F894F89C317D
:10BB2000032B14D1D4F83431DB8B013BBB420EDC48
:10BB3000544805F065F8554805F062F8504805F09E
:10BB40005FF894F89D01FFF7A3FBFFF7FFFED4E930
:10BB500068239B1AD4F854229342D4F8582288BF01
:10BB6000C4F85432934201D2C4F85832002520461A
:10BB7000FEF732FE03F038F9D4F85032C01AB0F5AF
:10BB8000FA6F33D994F8AA319B0622D503F02CF929
:10BB9000D4F85032C01AB0F57A7F23BF4FF47A73CD
:10BBA000B0FBF3F0D4F85C62002624BF06EB50062D
:10BBB000B6FBF0F6334805F023F8D4F86032344889
:10BBC00000933146D4E9953205F01AF82C4805F077
:10BBD00017F80023C4F85C32C4F854324FF0FF3336
:10BBE000C4F8583203F000F9C4F850020023284684
:10BBF00084F8A83105B0BDE8F08F3E46D0463DE759
:10BC0000C4F8B4A1234BB6B2C4F8E430224BC4F854
:10BC1000E830D4F828310133C4F828311F4BC4F878
:10BC2000EC3003F0E1F8D4F83431C4F8A0019B699A
:10BC30001FFA89F200920196AAB258469E690299AB
:10BC40001FFA88F3B0474FF4FA7104F5AE7003F0B1
:10BC5000BDFC00230546C4E93933C4F8EC303DE7A8
:10BC6000A5110612AA970512B9970512D2970512C7
:10BC700038B40020E2910512CB7E0512EB97051235
:10BC8000689D0512AB910512F897051221980512CF
:10BC9000159905124DA7031291AC031255A5031275
:10BCA000AA1C40F0A480664804F0AAFF654804F08E
:10BCB000A7FF654804F0A4FF0022012104F5AE703F
:10BCC00003F07AFD28B140F20D726049604805F03A
:10BCD0005FF8012384F8A931D4F860320133C4F845
:10BCE0006032FEF717FF1E2006F019F8FEF712FF6C
:10BCF000D4F834319B695B6B0BB15846984794F884
:10BD0000AA3103F00C03042B1FD10720FFF7D2FB4D
:10BD10003F20EEF749FB00234E4A0720C2F834319A
:10BD2000FFF7C8FB464804F06BFF40F21E7247491C
:10BD3000494804F065FF444804F062FF40F21F7276
:10BD40004249464805F024F811E7082B02D094F93F
:10BD5000B03193B93A4804F053FF414804F050FF22
:10BD6000394804F04DFF0023C4F834310323022086
:10BD700084F8B031FFF79EFBF8E6D4F834312BB9E4
:10BD800040F22D723149374805F002F8D4F83431C9
:10BD90009B699B6B2BB940F22E722C49324804F000
:10BDA000F7FF274804F02CFF94F9B0112F4804F056
:10BDB00027FF254804F024FFD4F8343158469B6906
:10BDC0009B6B98470320FFF775FB1D4804F018FF95
:10BDD000274804F015FF1C4804F012FF94F9B03115
:10BDE000002B7FF7C3AE013B84F8B031BEE640F2D2
:10BDF0003F72A5E70025F9E61D46F7E6002B3FF464
:10BE00003DAE4FF0000BB4F80C211D4412FA83F242
:10BE1000A4F80C21B4F80E21D84412FA8BF2A4F83D
:10BE20000E21B4F81021994412FA83F2A4F81021DB
:10BE3000B4F812215E4412FA8BF2A4F812211DE626
:10BE4000CB7E051237980512689D0512A5110612C2
:10BE50004998051238B40020589805125AAC0512BA
:10BE600071980512819805129D980512CE980512B9
:10BE7000F49805122DE9F0410746B14C90B04FF00F
:10BE8000FF333822384602A903F09AFF28B140F662
:10BE90007902AC49AC4804F07BFF029E02F0A4FF9B
:10BEA0003046FEF72BFC002840F04D839DF80C3007
:10BEB000023B132B00F24283DFE813F01400700002
:10BEC000210140032C0200028801400340035B0271
:10BED0005C009500A9006A01E80108023502F90139
:10BEE000F2000D01994804F08BFE994804F088FE99
:10BEF000984804F085FE02F087FBFFF721FA002343
:10BF0000954819461A46F4F79BFF00219248F4F72A
:10BF10000FFED4F8343103B30320FFF7CBFA8B487C
:10BF200004F06EFE8D4804F06BFE8A4804F068FE53
:10BF30003046FEF729FC9DF80C300B3B0A2B9ED8AF
:10BF400006F5BE7003F0FEFB002898D040F6F9120B
:10BF50007C497D4804F01CFF91E77C4804F050FECA
:10BF60007F4804F04DFE7B4804F04AFEFFF7C4F919
:10BF70000220D2E7754804F043FE7A4804F040FE00
:10BF8000744804F03DFE02F095FBFFF7A3FCFFF7B9
:10BF9000B3F96E4804F034FE7348C4E76B4804F00C
:10BFA0002FFE724804F02CFE6A4804F029FE02F0CD
:10BFB0002BFBFFF7C5F9D6F834313BB10320FFF76F
:10BFC00079FA624804F01CFE6948ACE75F4804F067
:10BFD00017FE634804F014FE5E4804F011FEFFF7FC
:10BFE0008BF90220EBE7594804F00AFE614804F09F
:10BFF00007FE584804F004FE02F05CFBFFF76AFC01
:10C00000FFF77AF9514804F0FBFD5B488BE74F4896
:10C0100004F0F6FD9DF81410584804F0F1FD4D4869
:10C0200004F0EEFD9DF8145094F89C31EDB1072B0F
:10C030003FF47EAFD4F83431002B3FF479AF9B69E5
:10C040009B6A73B12046FEF767FBD4F8343142484F
:10C050009B699B6A98472046FEF7BEFB0122484B2E
:10C060001A700820FFF726FA62E7072B3FF460AF4B
:10C07000D4F83431002B3FF45BAF9B69DB6A6BB1C2
:10C080002046FEF749FBD4F8343133489B69DB6A1C
:10C0900098472046FEF7A0FB394B1D700420E1E7CE
:10C0A0002A4804F0ADFD9DF81410364804F0A8FDB0
:10C0B000284804F0A5FD9DF8143094F8AA21B3FA9D
:10C0C00083F35B0963F341020023022084F8AA2171
:10C0D000C4F83431C6E71D4804F092FD9DF81410F1
:10C0E000294804F08DFD1B4804F08AFD94F8AA311C
:10C0F0009DF8142062F3830384F8AA3118E794F8BA
:10C100009C31062B05D140F6FE020E491F4804F073
:10C110003FFE099B30460193089B05990093DDE99A
:10C120000623FFF741FC28B140F6071205490648EF
:10C1300004F02EFE05993046FEF766FAF8E600BFD9
:10C1400038B40020AF110612E47E0512AB9105123F
:10C150003E950512689D051288B40020E9950512E8
:10C1600039990512269505122F9505125199051238
:10C170005A99051269990512739905128299051247
:10C1800034B4002092990512A5990512BB990512A5
:10C1900094F89C31062B05D140F60F129B499C4820
:10C1A00004F0F6FD099B30460193089B0599009326
:10C1B000DDE90623FFF7F8FB00283FF4B9AE40F6AF
:10C1C00018129249934804F0E3FDB1E694F89C31CB
:10C1D000062B05D140F657128C498D4804F0D8FD46
:10C1E0009DF81430EBB10E9A0A9B9A4219DDD6F8ED
:10C1F00034118B8CD518013D5B421D40013DAA4294
:10C200000EDA8B8BAB420BDD834804F0F9FC8348DC
:10C2100029460E9B0A9A04F0F3FC814804F0F0FCD6
:10C220000A95DDE90A23DDE9080106F15005FEF76C
:10C23000B3FB9DF8142096F83A112846F4F7AEFCAB
:10C24000BDF81C0096F83A81A6F83801FEF774F89C
:10C25000414602462846F4F7E5FC0F9B3046019321
:10C260000E9B06990093DDE90C23FFF79DFB28B197
:10C2700040F681126549674804F08AFD96F83A1144
:10C2800000222846F4F78AFC069954E794F89C317A
:10C29000062B05D14FF419625C495D4804F078FD26
:10C2A000DDE90723DDE90501FEF776FB40E69DF8B1
:10C2B0001400FEF7EDFFFFF749FB39E6059B002B65
:10C2C0003FF436AE96F89D211A7031E694F89C3111
:10C2D000062B05D140F6AE124C494D4804F058FDEE
:10C2E000D6F834319B695B69002B3FF421AE3046B0
:10C2F000FEF712FAD6F8343106F150009B69BDF80A
:10C300001A205D69BDF81810059BA8473046FEF756
:10C3100063FA0DE69DF814104248003918BF012158
:10C32000F4F796FD04E694F89C31062B05D140F60F
:10C33000C7123649364804F02BFDD6F834319B69D4
:10C34000DB69002B3FF4F4AD3046FEF7E5F9D6F893
:10C350003431BDF81A209B69BDF81810DB6906F16D
:10C360005000984705463046FEF736FA059B1D609B
:10C37000DEE5DDE9061527291CDC222909DC142964
:10C380003FF4D6AD172923D02A462046FDF7FCFFFF
:10C39000CEE5A1F12303042BF6D801A252F823F035
:10C3A000C3C4031289C30312D9C40312EBC403121A
:10C3B000F3C4031240F2E933994200F0A08040F246
:10C3C000EF339942E0D1002D3FF4B2AD002381E07C
:10C3D0002DB940F247521449144804F0D9FC4FF0EB
:10C3E00010080021424628462DF07AFCD4F834315A
:10C3F000002B5FD0D3F8148098F80830013B032B52
:10C4000019D8DFE803F0153C3F4200BFAF11061218
:10C41000BB990512E47E0512CB7E0512CA9905125E
:10C42000689D051288B4002070110612F3C405122D
:10C4300040F603032B80D4F834319B8BAB80D4F8C7
:10C440003431DB8BEB80D4F8343193F82430AB708B
:10C450002BB940F272524F494F4804F099FC98F8BA
:10C460000030122B24D8DFE803F01F1F2313171B03
:10C47000231F2313171B232323232323130041F2FA
:10C480000503D7E741F20723D4E741F60803D1E7D4
:10C49000D8F80430EB604BE5D8F804305B00F9E7DE
:10C4A000D8F804309B00F5E7D8F80430DB00F1E75A
:10C4B0000023EFE70223AB70384B85F801806B60F7
:10C4C00036E52DB940F2CA523249354804F060FCD5
:10C4D00094F89C312B702BE5B4F8B8311BB9B4201B
:10C4E000FEF7E0FA24E50020FAE72B88A4F8F03004
:10C4F0001EE5002D3FF41CAD94F89D31EAE7002DB8
:10C500003FF416AD94F89C31072B3FF411ADD4F8ED
:10C510003431002B3FF40CAD9B691B6A002B3FF4B8
:10C5200007AD20462D88FEF7F7F8D4F834311D48C2
:10C530009B6929461B6A98472046E8E640F6E112C7
:10C5400019491A483FE6FEF7E5FA3F20EDF72CFFC0
:10C5500000230720C4F83431FEF7ACFF144804F080
:10C560004FFB40F6EA121049124804F049FB12480A
:10C5700004F046FB40F6EA120B490C4804F008FCB4
:10C580009DF80C30042B7FF4D6AC30460599FEF7AD
:10C590003BF8D0E470110612DD9905128601C20144
:10C5A000F299051288B40020AF1106125AAC051298
:10C5B000CB7E051258980512689D051200487047F9
:10C5C00088B4002010B504460022022102F038FE93
:10C5D00010202DF071FB2046BDE810400022012103
:10C5E00002F02EBE37B50321054602F02BFD0446AE
:10C5F00008B1C31D13D10EF087FF3323B0FBF3F254
:10C6000002FB13031A21323328460DF107028DF87D
:10C61000073002F015FE14B9284602F06FFD03B092
:10C6200030BD000008B5054B1B6803B19847044BAB
:10C63000186808B103F086F8002008BDA0B60020F5
:10C64000A4B6002010B505F06FF9044B1C680CB1BE
:10C65000621E1A6005F076F9204610BD9CB60020D7
:10C660002DE9FF47064674480D4602F077FC012E7F
:10C67000044609DC714804F0C3FA714804F0C0FABA
:10C68000704804F0BDFA92E0002800F0CF8003214A
:10C6900002F0D8FC0A220021804668680FF0F2F808
:10C6A000DFF808920A220021C9F80000A8680FF0FC
:10C6B000E9F8DFF8FCA1236A00220121064662485E
:10C6C000CAF8003002F008FF604F614D61493860E0
:10C6D000204602F0FBFD2A461721204602F0B0FD5D
:10C6E00058B95D4804F08CFA5C486B78EA88A988F0
:10C6F00004F086FA534804F083FA6B78102B10D1BB
:10C700000523ADF80E301B2120460DF10E0202F07C
:10C7100097FD052E00F28180DFE806F00E4D57618F
:10C720006B75182B01D10823EBE74FF4CF724C49FE
:10C730004C4804F02DFBE6E7132501264FF48063F7
:10C7400022464949CDE90056484805F00BFC05F062
:10C7500031FB4FF4806322464549CDE900564548F8
:10C7600005F000FC05F026FB4FF480632246CDE97E
:10C7700000564149414805F0F5FB05F01BFBD9F88F
:10C780000030002B4ED14FF47A7005F0C8FA2046E5
:10C79000DAF8001002F09AFDB8F1000F02D120463D
:10C7A00002F0ACFC386802F0CBFE00233B600020B6
:10C7B00004B0BDE8F087132301262246CDE90036F8
:10C7C0002F494FF480632F48D5E7132301252246D4
:10C7D000CDE900352C494FF480632C48CBE7132377
:10C7E00001202246CDE9003029494FF480632948D1
:10C7F000C1E7132301212246CDE9003126484FF439
:10C8000080632649B7E7132301222549CDE9003289
:10C8100024484FF480632246ADE7FFF713FF00285A
:10C82000FBD1ACE7642005F07AFAA8E70A4804F0E7
:10C83000E7F91D4822E700BFC09A0512CB7E05121A
:10C84000299A0512689D05124E9A0512A4B6002079
:10C85000A8B6002025C60312AB910512559A051201
:10C86000BB1206125AAC0512B5C803127D9A051206
:10C8700071CD0312849A051245CD03128B9A0512CD
:10C88000DDCC0312929A05128FCC0312999A0512ED
:10C890003BCC0312A09A0512A79A051209CC0312E9
:10C8A000E5C90312AE9A0512B59A05129CB600208E
:10C8B000A0B6002038B504465525FFF7C3FE00B9E1
:10C8C00038BD2046FFF78EFE0EF01EFEB0FBF5F3DE
:10C8D00003FB1500103005F022FAEEE72DE9F74FC3
:10C8E000DFF8FC9005460E461746B9F80440002ACA
:10C8F0006BD099F80220A41A0EF006FE631CB0FB60
:10C90000F3F202FB1308B9F8063099F802209C1ADA
:10C910000EF0FAFD631CB0FBF3F299F802A002FBE3
:10C920001307B9F804400EF0EFFDA4EB0804CAF1B8
:10C9300001032344B0FBF3F202FB1303B9F806B082
:10C9400003EB0A0499F802A00EF0DEFDABEB070B37
:10C95000CAF101035B44B0FBF3F202FB130099F848
:10C9600002205044524202EA080817401440024094
:10C9700044B33AB308EB04035C1E3A44EB6C02F197
:10C98000FF394046D3F81CA022464B463946D047D3
:10C990002846FFF727FEE6B1104E306840B101226D
:10C9A000114602F009FF4FF0FF31306802F00EFE31
:10C9B000EB6CCDF800909D6923463A4641464FF016
:10C9C0000050A84703B0BDE8F08FB846B9F806207C
:10C9D000CEE7EB6CCDF800905D69EDE7A4B60020E2
:10C9E000A8B6002073B504461C2120460DF10602AE
:10C9F00002F026FC9DF80630002BF5D10523ADF89A
:10CA00000630FFF71FFE002840F0E78002B070BD3F
:10CA1000734804F0F5F8734804F0F2F8714804F034
:10CA2000EFF86F4804F0ECF86F48294604F0E8F896
:10CA30006C4804F0E5F8002D40F0A980204602F093
:10CA40005DFB4FF47C712A46204602F0F9FB03217E
:10CA5000204602F0F7FA28B140F23F1263496448D9
:10CA600004F096F91B2120460DF1060202F0E8FBC6
:10CA70005B4804F0C5F85B4804F0C2F8594804F07C
:10CA8000BFF8574804F0BCF829465A4804F0B8F8F3
:10CA9000544804F0B5F82046FFF7A4FD00222046D4
:10CAA0001146FFF71BFF4FF47A7005F038F94C4838
:10CAB00004F0A6F84B4804F0A3F84A4804F0A0F8A4
:10CAC000474804F09DF829464B4804F099F845483A
:10CAD00004F096F80122002D63D14FF47C712046BA
:10CAE00002F0AEFB3E4804F08BF83E4804F088F8B4
:10CAF0003C4804F085F83A48002E5BD104F080F8F9
:10CB00003E4804F07DF8374804F07AF8204602F0F9
:10CB1000F5FA0321204602F095FA28B14FF4B172DC
:10CB20003249334804F034F91B210DF10602204646
:10CB300002F086FB2A4804F063F82A4804F060F803
:10CB4000284804F05DF8264804F05AF83246294691
:10CB50002B4804F055F8234804F052F82046FFF71C
:10CB600041FD002220461146FFF7B8FE4FF47A70CF
:10CB700005F0D5F8731C022B4FF001067FF448AF87
:10CB8000AB19022B35463FF43CAF002640E70022AC
:10CB900040F2F131204602F053FB00202CF0E8FF78
:10CBA00066E740F2F131204602F04AFB01202CF00A
:10CBB000DFFF97E704F024F8124804F021F8094851
:10CBC00004F01EF800221621204602F039FB204610
:10CBD000FFF7F8FC00221521A9E70025D5E700BFE3
:10CBE000AB910512689D0512C49A0512A612061291
:10CBF000DE9A0512199B0512449B05125D9B0512D6
:10CC0000969B05127C9B051213B50446FFF71AFD8F
:10CC100008B902B010BD1C2120460DF1070202F038
:10CC20000FFB9DF8073013B92046FFF7CBFC01221C
:10CC300000212046FFF752FEE8E773B504460126BF
:10CC4000FFF700FD08B902B070BD1C2120460DF1B0
:10CC5000060202F0F5FA9DF8065095B918210DF17B
:10CC6000070220468DF8076002F0EAFA2046FFF737
:10CC7000A9FC182120460DF107028DF8075002F09B
:10CC8000DFFA012200212046FFF728FED8E737B55A
:10CC90000446FFF7D7FC08B903B030BD1C2120467D
:10CCA0000DF1070202F0CCFA9DF8075065B92A464B
:10CCB0001621204602F0C4FA2046FFF783FC2A46DC
:10CCC0001521204602F0BCFA204601220021FFF780
:10CCD00005FE1E2005F023F8DBE7000013B504462F
:10CCE000FFF7B0FC08B902B010BD1C2120460DF1C1
:10CCF000050202F0A5FA9DF80530ABB9204602F016
:10CD0000FDF90321204602F09DF920B1B9220B491B
:10CD10000B4804F03DF805231B2120460DF10602C7
:10CD2000ADF8063002F08CFA204601220021FFF710
:10CD3000D5FD1E2004F0F3FFD2E700BF91120612CA
:10CD4000DE9A051238B504465525FFF77BFC00B97D
:10CD500038BD012220461146FFF7C0FD0EF0D4FB7E
:10CD6000B0FBF5F303FB1500103004F0D8FFECE73F
:10CD700038B504465525FFF765FC00B938BD0122DA
:10CD800000212046FFF7AAFD0EF0BEFBB0FBF5F335
:10CD900003FB1500103004F0C2FFECE7144B10B594
:10CDA000C3E9003307231349134A0B7500234A6272
:10CDB000124AC1E907338A62114ACB64CA62114A36
:10CDC0000C48C1E90C23104A8A6309220F4902F07A
:10CDD000F7F8044648B10E4803F012FF0D4821460B
:10CDE00003F00EFF0C4803F00BFF002010BD00BF46
:10CDF000BCB60020C4B7002041D10312DDD6031217
:10CE000079D6031211CF03121DCE0312C79B051250
:10CE1000CD9B0512DD9B0512F89B051237B5304BF3
:10CE20001B68002B5AD0162947D00BDC022905DCE1
:10CE30000029CCBF0020012003B030BD152924D02B
:10CE40000120F9E72529FBD1002AF9D0254C1368E8
:10CE5000254D23605368254863602B7883F00103D8
:10CE60002B7003F0CDFE6388E188228819440139D4
:10CE70000191A1881E48114401390091297803F0DD
:10CE8000BFFE1C4803F0BCFE15E00C230A21002263
:10CE9000CDE9003118484FF48053184905F062F885
:10CEA000044628B940F22E321549164803F070FFA7
:10CEB000204604F07FFF0020BEE70C230A2212491F
:10CEC000CDE9003211484FF48053002205F04AF8B2
:10CED00004460028ECD14FF44F72E5E70420ABE79D
:10CEE000C0B70020C4B60020CCB600201D9C05129F
:10CEF0002D9C0512F89B0512FE9B051225D60312E8
:10CF00002A130612049C0512A5D80312169C0512BA
:10CF10002DE9F347DFF8A8804FF0FF31D8F8000083
:10CF20001446204F02F0C6FC1F4B97F9009093F96E
:10CF300000304B450FD11D4B1A7922711A885B883E
:10CF4000228063800024D8F8000002F089FD20468A
:10CF500002B0BDE8F087062505FB09F5DFF864A0FF
:10CF60000AEB0506337923713AF80530238073887C
:10CF700063800F4B1B7873B10E4803F041FE71883C
:10CF80003AF8053032790C480091494603F038FEF2
:10CF90000A4803F035FE3B780124013303F00F0308
:10CFA0003B70D0E7CFB60020CEB60020509B0020CB
:10CFB000CDB600201D9C0512549C0512F89B05124D
:10CFC00030B70020D0B600202DE9F04F4D4B06467B
:10CFD0001B780D46144685B0C3B14B4B1888884268
:10CFE00014D899884218954210DA5A88A2420DD86E
:10CFF000DB88D718BC4209DA0139013B01EB40015B
:10D0000003EB4203491B1B1B8DB29CB2DFF820814E
:10D0100098F80430B34207D1B8F80030AB4203D1DE
:10D02000B8F80230A3426AD0DFF80891374F4FF0CA
:10D03000FF31D9F8000002F03DFCDFF8FCA097F9C1
:10D0400000309AF90020013303F00F039342DFF818
:10D05000ECB044D12E4A13780133DBB2012B1370AC
:10D0600015D12C4803F0CCFD062397F900202A485F
:10D070005A430BEB02014B883BF802200979CDE9BA
:10D080000154009603F0BCFD244803F0B9FD0622CC
:10D0900097F90030D9F800005A430BEB02014C809D
:10D0A0000E712BF802505BF802200133C8F8002003
:10D0B0008A8803F00F03A8F804209AF9002093420D
:10D0C00016BF012400243B7002F0CAFCBCB1144816
:10D0D000C369A3B1012105B0BDE8F04F1847114B5A
:10D0E0001B78002BD3D0104803F08AFD00942B4608
:10D0F000324697F900100D4803F082FDC4E705B0F1
:10D10000BDE8F08FCCB60020C4B60020CEB600201B
:10D11000B8B60020759C0512859C0512F89B051277
:10D12000C4B70020CDB600201D9C0512B99C051285
:10D13000509B002030B70020CFB60020D0B6002092
:10D1400030B50021194885B002F086FB184B1860F5
:10D1500028B94FF422721749174803F019FE00222C
:10D160000121164802F0B8F9154B186028B940F2B1
:10D170008A221049134803F00BFE0024124B134D72
:10D180001C600A231248134A2860CDE902334FF489
:10D1900080630193104B11490093234604F006FF6E
:10D1A00008B105202C6005B030BD00BFD99C051228
:10D1B00030B7002005130612DF9C0512F69C0512FD
:10D1C00034B70020FE9C0512C0B7002038B70020FD
:10D1D0003CB7002051D70312208C00200F9D051270
:10D1E00038B5144D0C462B685BB1134803F008FDAD
:10D1F0002B681248D3E9041203F002FD104803F033
:10D20000FFFC0D4803F0FCFC0E490F484B880A88D0
:10D21000097903F0F5FC0A4803F0F2FC0B49606859
:10D2200010F0B4FBB0FA80F0094B400918700020F0
:10D2300038BD00BFC0B700201D9C0512169D051209
:10D24000F89B0512509B00202F9D05129A8D051208
:10D25000CDB6002001282DE9F74306460C463CDCFC
:10D26000874803F0CDFC874803F0CAFC864803F0EA
:10D27000C7FC834803F0C4FC844803F0C1FC824827
:10D2800003F0BEFC7E4803F0BBFC814803F0B8FC11
:10D290007D4803F0B5FC7A4803F0B2FC7D4803F00A
:10D2A000AFFC794803F0ACFC754803F0A9FC7A4860
:10D2B00003F0A6FC744803F0A3FC714803F0A0FC43
:10D2C000764803F09DFC704803F09AFC6C4803F02C
:10D2D00097FC734803F094FC4EE0724F3B6843B9EF
:10D2E000674803F08DFC704803F08AFC664803F041
:10D2F00087FC65686D49284610F048FB024638B93E
:10D3000015216B48FFF78AFD002003B0BDE8F083CC
:10D310002846684910F03AFB024608B91621F0E7A2
:10D320002846654910F032FB50BB3B685BB154485E
:10D3300003F066FC3B686148D3E9041203F060FC2B
:10D34000514803F05DFC4E4803F05AFC5C495D4CCB
:10D350004B880A885C48097903F052FC4A4803F07C
:10D360004FFC2378464883F00103237003F048FC08
:10D370002178564803F044FC434803F041FCC3E7DE
:10D380002846534910F002FB074668BB032E04DC15
:10D390003B4803F035FC4F489CE701460A22A06851
:10D3A0000EF0C4F9394686B20A22E0680EF0BEF9E2
:10D3B00087B2334803F024FC3A463146464803F02E
:10D3C0001FFC314803F01CFC3A4631460220FFF7AF
:10D3D000FBFD642001F024FD04F09CFC3A4631463C
:10D3E0000120FFF7F1FD8FE728463C4910F0CEFA07
:10D3F0000546002888D1052E04DC214803F000FCF6
:10D40000374867E701460A22A0680EF08FF92946DF
:10D4100006460A22E0680EF089F9294607460A22E4
:10D4200020690EF083F929461FFA80F80A22606904
:10D430000EF07CF985B2124803F0E2FB4346BAB223
:10D44000B1B22848009503F0DBFB0F4803F0D8FB8E
:10D45000BAB2B1B20220FFF7B7FD642001F0E0FCE0
:10D4600004F058FC2A4641460220FFF7ADFD642037
:10D4700001F0D6FC04F04EFC2A464146B0E700BF5E
:10D480001D9C05124F9D0512F89B05126A9D051201
:10D49000749D0512979D0512BB9D0512DD9D051219
:10D4A000229E0512C0B700206E9E051257990512E4
:10D4B000C4B700206F99051231970512169D051209
:10D4C000509B0020CDB600202F9D0512869E051290
:10D4D0009B9E0512A19E0512CC9E0512DD9E051293
:10D4E000E39E05121A9F051208B5074B4FF0FF3156
:10D4F000186802F06BF830B1BDE808409F2203497C
:10D50000034803F045BC08BD34B700201B130612C6
:10D51000E47E051208B5064B186802F013F930B125
:10D52000BDE80840A5220349034803F031BC08BD0B
:10D5300034B700200A130612E47E05122DE9F041EB
:10D540002C4C0646FFF7D0FF2368002B42D12A4817
:10D5500003F056FB294F2A4803F052FB294803F0F9
:10D560004FFB3D68BD420ED0D5F80880224803F03D
:10D5700047FB4146244803F043FB224803F040FBAD
:10D58000C04790B1256023688BB9204803F038FB71
:10D590001F4803F035FB1B4803F032FBFFF7BAFFCF
:10D5A0003046BDE8F04102F0CDB82D68DAE7DB681F
:10D5B0002BB94FF4EE721749174803F0E9FB0E48F8
:10D5C00003F01EFB21681548CA6803F019FB0D48DB
:10D5D00003F016FB23681B695B682BB94FF4F272EA
:10D5E0000C490F4803F0D4FB23681B695B6898471C
:10D5F000D4E700BFC0B700201D9C0512BCB60020B8
:10D60000379F0512F89B0512539F0512CD9B0512FB
:10D610005C9F0512E8120612829F05129A9F05125E
:10D62000BC9F051208B5FFF75FFF0E4803F0E8FA4C
:10D630000D4803F0E5FA0D4803F0E2FA2CF0B0FAD9
:10D640000B4B1B681B695B689847064803F0D8FAC8
:10D65000084803F0D5FA054803F0D2FABDE80840BF
:10D66000FFF758BF1D9C0512D69F0512F89B0512A7
:10D67000C0B70020DF9F051208B5124803F0C0FABA
:10D68000114803F0BDFA114803F0BAFA104B1868BC
:10D6900008B104F05FFAFFF727FF0E4B1B6813B1C8
:10D6A0001B699B6898472CF0ABFAFFF733FF0548DE
:10D6B00003F0A6FA084803F0A3FA044803F0A0FA1E
:10D6C000002008BD1D9C0512EE9F0512F89B051257
:10D6D00038B70020C0B70020F49F051210B51648D7
:10D6E00003F08EFA154C164803F08AFA154803F039
:10D6F00087FA2CF055FA206828B190F834301B07CF
:10D700000CD104F057FB0C4803F07AFA0E4803F0F2
:10D7100077FA0C4803F074FA002010BDFFF7E4FE1E
:10D720000A4B1B6813B11B695B689847FFF7F2FE51
:10D73000206804F0FBFAE6E71D9C051238B70020CC
:10D74000FC9F0512F89B051201A00512C0B700202E
:10D75000002230B51146304885B001F0BDFE0446C8
:10D7600028B940F2F1122D492D4803F011FB0C238A
:10D770000A222C49CDE9003227484FF48053224633
:10D7800004F0F0FB054628B94FF4FD722349264802
:10D7900003F0FEFA284604F00DFB4FF0FF3120465F
:10D7A00001F014FF2046214C01F0CAFE23685BB94A
:10D7B0001F4803F025FA1F4803F022FA1E4805B05F
:10D7C000BDE8304003F01CBA23684FF0FF31D86841
:10D7D00001F0FCFE0028F7D1FFF786FE236802A8BF
:10D7E0001B691B6898470546FFF794FE9DF80C30AF
:10D7F000013B012B09D801F0F7FABDF80A20BDF86A
:10D8000008109DF80C00FFF7DFFB082004F082FAF7
:10D81000002DE1D0D8E700BF09A00512FD120612C5
:10D8200011A005123DD50312049C0512C0B70020BB
:10D83000CD9B051226A00512F89B051210B50446D3
:10D84000084803F0DDF9A168074803F0D9F9074853
:10D8500003F0D6F9064B5A6814605A6862605C603F
:10D86000236010BD1D9C051234A00512F89B051203
:10D87000BCB6002070B5164604460D4609200121AD
:10D880000BF0BAFB33462A46214609200BF030FC48
:10D89000002070BD09200BF053BC014609200BF09D
:10D8A0006DBC000008B5FFF71FFE104803F0A8F993
:10D8B0000F4803F0A5F90F4803F0A2F90020FFF785
:10D8C000ECFF0D4B1B681B699B6898472CF098F97F
:10D8D000064803F095F9094803F092F9054803F06A
:10D8E0008FF9BDE80840FFF715BE00BF1D9C05126B
:10D8F00069990512F89B0512C0B700205AA00512BD
:10D900001FB504460D4803F07BF994F903300C4829
:10D91000039394F902300293B4F906300193B4F9F9
:10D9200004300093B4F90010D4E9022303F068F93D
:10D93000044804B0BDE8104003F062B9CB7E051284
:10D940006AA00512689D051230B50C46054689B0DF
:10D950001B4803F055F9638AB4F90C20B4F90E1092
:10D960000693238A1748059363890B44013B04936C
:10D97000238901921344013BCDE90213A38A29466E
:10D980000093D4E9003203F03BF90F4803F038F973
:10D990000B4803F035F9236A0C480393E3690293BB
:10D9A000A37E0193637E0093237EE27DA17D03F03D
:10D9B00027F9054809B0BDE8304003F021B900BFA0
:10D9C000CB7E0512A3A00512689D0512EDA00512DD
:10D9D00010B50C46FFF7B8FF04F13400FFF790FFD5
:10D9E000064803F00DF994F83210054803F008F9E1
:10D9F000BDE81040034803F003B900BFCB7E051219
:10DA00002CA10512689D051208B5074BB3F88C30A0
:10DA10002BB14FF4E9720549054803F0B9F9BDE8A7
:10DA20000840044801F08EBE18B80020EC1306121E
:10DA300038A1051288B8002038B5124D2C78E4B909
:10DA400040F6A832214610482CF04AF90E4A0F4BF6
:10DA50001046C2F88C320E4923460122703001F084
:10DA600015FD28B141F2D7420A490B4803F090F95D
:10DA70004FF6FF73044AA2F85C3B01232B70002091
:10DA800038BD00BF14B8002018B800200060005056
:10DA90004DA1051281130612E47E0512012808B576
:10DAA00011DC0A4803F0ACF8094803F0A9F809486A
:10DAB00003F0A6F8054803F0A3F8074803F0A0F820
:10DAC000044803F09DF8002008BD00BFAB9105128B
:10DAD00052A10512689D051270A105122DE9F047AB
:10DAE000304C0646D4F8FC0A89461D469246EEF7AD
:10DAF0007AFCD4F8FC3A8046190605D540F21C524F
:10DB000029492A4803F044F9D4F8FC3ADA0505D546
:10DB100040F21D522449264803F03AF9AB882A887E
:10DB200001339B1AA4F8003BEB886A8801339B1AE7
:10DB3000A4F8023BB5F90230B5F90020B4F80C1B8B
:10DB4000A3EB0A03A2EB090218F0070F01FB032263
:10DB50005FFA88F719D1FF0802FB0766C4F8F86A74
:10DB6000B5F90030B4F80C0BA4F8043BB5F9023059
:10DB7000A4F8063BB4F8023B584308FB00F007301A
:10DB8000C008C4F8180BBDE8F08757437B0705D0E1
:10DB90004FF4A1620749084803F0FAF806EBD706EC
:10DBA000DCE700BF18B80020AF1306127CA10512F5
:10DBB000AAA105129D130612D7A105122DE9F04165
:10DBC000614C8AB0B4F85C5BB4F9708B002842D029
:10DBD000B4F96C0BB4F96E7BB4F9722B00F2FF311F
:10DBE000414507F2FF33A8BF41469A42A8BF1A46F3
:10DBF00009B212B2A4F8740BA4F8767BA4F8781BCF
:10DC0000A4F87A2B00F2FF3343452DDA00F5806348
:10DC10001BB2A4F8743B03F2FF334345A8BF43464D
:10DC2000A4F8783BADF80000ADF80410ADF806207C
:10DC30006B46B4F9602BB4F95E1BD4F8680B013D58
:10DC4000ADF80270FFF74AFF052D75D8DFE805F043
:10DC50003D3D4B743157B4F9740BB4F9767BB4F98C
:10DC6000781BB4F97A2BCDE7B4F9763BB4F972EBB3
:10DC700003F2FF3CF44517DAB4F96CCB03F580638B
:10DC80001BB2A4F874CB0CF2FF3CC445A4F8763B5D
:10DC900003F2FF33A8BFC4467345A8BF7346A4F878
:10DCA00078CBA4F87A3BBDE74FF6FF73A4F85C3B52
:10DCB000B8E7264B94F8F42AA3F5AA71A3F6F82046
:10DCC0000AB0BDE8F0410DF0F5B9214B94F8F42A03
:10DCD00023611E4BA3F5AA71A3F6F8200AB0BDE894
:10DCE000F041EFF7CFBA194A194BA2F5AA71A2F683
:10DCF000F82023610AB0BDE8F041EFF755BBD4F836
:10DD0000FC3AD4F8F82A0AADCDE90223D4F8003B56
:10DD10000493B4F80C3B0F4CADF8143094E80F00AA
:10DD200005E90F0002A9A4F64C30EFF7EBFB06461D
:10DD300030460AB0BDE8F0814FF4BD62064907489D
:10DD400003F026F8F4E700BF18B8002010C3002045
:10DD500029DE031264C30020C21306125AAC051256
:10DD600008B502F043F90348EFF7AAFDBDE8084003
:10DD700002F052B918B8002008B502F037F903488C
:10DD8000EFF7A6FEBDE8084002F046B9A4BA0020AD
:10DD90000120704770B5234CD4F88C0B2BF028FF72
:10DDA000D4F88C0B2BF0F8FE0546D4F8900B2BF032
:10DDB000F3FE854203D0D4F8900B2BF019FFD4F872
:10DDC0008C0B2BF0E9FE0546D4F8940B2BF0E4FE07
:10DDD00085420ED0D4F8900B2BF0DEFE0546D4F829
:10DDE000940B2BF0D9FE854203D0D4F8940B2BF082
:10DDF000FFFED4F8985BD4F89C6B28463146FFF7B9
:10DE0000C7FF18B131462846E8F742FA0023C4F8A4
:10DE10008C3BC4F8903BC4F8943BC4F8983BC4F8DE
:10DE20009C3B70BD18B800202DE9F0414FF6FF77FC
:10DE3000174C0646B4F85C3BBB4210D00020FFF7FD
:10DE4000BDFE054608B31348A4F85C7B02F0D8FE7B
:10DE50001148294602F0D4FE104802F0D1FE0023FA
:10DE6000D4F87C5BC4F87C3BFFF794FFFFF7CCFD54
:10DE700028B140F253520A490A4802F089FF25B1FD
:10DE800030462B46BDE8F0411847BDE8F08100BFA1
:10DE900018B80020CB7E0512F0A10512689D05126E
:10DEA000D9130612E47E05122DE9F04788B0044626
:10DEB00000F09AFF054600F0B7FF204600F0B0FFE3
:10DEC00001468A4801F082FB894C0646D4F8A03B03
:10DED00099060DD5874802F093FE00F085FF40F2C9
:10DEE000B711421B844802F08BFE844802F088FE82
:10DEF000002E00F0CB817F4802F082FE804802F0C5
:10DF00007FFE7E4802F07CFED4F8A43B7D4D0133B9
:10DF1000C4F8A43B2B682BB940F279427A497B487C
:10DF200002F036FF2B6873481A7D012A04D11B6862
:10DF30005B68DA0740F1D38002F062FE2B68744818
:10DF40001A68197D52689B6902F0010202F058FEBE
:10DF50006A4802F055FE2B681A68134653F80419F4
:10DF600002F5AC72934204D1624802F049FE69485E
:10DF7000B8E053F8040F8142F4D05E4802F040FE4E
:10DF80002B6865481B689968DA6801F0011102F096
:10DF9000010202F035FE594802F032FE2B681B6880
:10DFA000DB695B0015D5534802F02AFE2B68186820
:10DFB000016B026A036A446A406AA4B2000C0190D1
:10DFC000009456481B0C92B202F01AFE4B4802F025
:10DFD00017FE00272B681C68503404EB4714236895
:10DFE0005B0017D5434802F00BFE2269D4F804C049
:10DFF0006168A068A36880B21B0C090C02930190B1
:10E000000091474839461FFA8CF302F0F9FD3B486E
:10E0100002F0F6FD7B1C022B4FF00107DDD12B68CF
:10E020001C68D4F89030580018D5324802F0E8FD4A
:10E03000D4F8A010D4F89420D4F89430D4F89800F0
:10E04000D4F8984080B2240C0090019435481B0C01
:10E0500092B202F0D5FD294802F0D2FD2B681B6870
:10E06000D3F8D030D9070ED5224802F0C9FD2B686D
:10E070002D481B68D3F8D010C1F3410102F0C0FD58
:10E080001E4802F0BDFD2B689C682CB940F2D442BA
:10E090001D49264802F07CFE237A1648012B04D144
:10E0A00023681B68DA0740F1988002F0A9FD236815
:10E0B000217A1A681E48E36802F0010202F0A0FD0E
:10E0C0000E4802F09DFD2268134653F804199C3255
:10E0D0009A4233D1074802F093FD164880E002F0DF
:10E0E0008FFD154802F08CFDCAE700BF88B80020FC
:10E0F00018B80020CB7E051212A20512689D0512E9
:10E1000028A20512C0C30020FD1306123DA205126D
:10E110004AA2051276A5051262A5051277A205127C
:10E1200098A20512BAA20512DBA2051209A30512D4
:10E1300017A30512CAA40512FBA2051253F8040F77
:10E140008142C5D0A84802F05BFD20684168426961
:10E150004369876980693F0C80B29BB2120C0190C1
:10E160000097A24802F04CFDA14802F049FD9E48EC
:10E1700002F046FD23689F48596FDA6EDB6E120C81
:10E180009BB2090E02F03CFD994802F039FD964819
:10E1900002F036FD23689848196F02F031FD94486B
:10E1A00002F02EFD904802F02BFD23689348996FF2
:10E1B000C1F3402102F024FD8D4802F021FD8A4880
:10E1C00002F01EFD23688E48D96FDA6F090C92B2F7
:10E1D000013A013902F014FD04E002F011FD894812
:10E1E00002F00EFD4FF4DE74814802F009FD7E4816
:10E1F00002F006FD2B688448DB6D197802F000FD03
:10E200007B4802F0FDFC2B687748DB6D1F7802F03D
:10E21000F7FC39467D4802F0F3FC754802F0F0FC4B
:10E220002B68DD6D04FB07531B79082B2ED8DFE824
:10E2300013F0090031004E0074008F00C5004B013F
:10E240002D000B017C43684802F0DAFC2B1993F88F
:10E25000C8106F4802F0D4FC654802F0D1FC04F10C
:10E260002C016C482944FFF76FFB04F160016A48F8
:10E270002944FFF769FB04F1940168482944FFF73A
:10E2800063FB04F10C002844FFF73AFB304608B06A
:10E29000BDE8F0877C43544802F0B2FC2B1993F898
:10E2A000A8105F4802F0ACFC514802F0A9FC04F150
:10E2B0000C0158482944FFF747FB04F14001294469
:10E2C00055487434FFF740FB291954485BE0464831
:10E2D00002F096FC534802F093FC454802F090FC93
:10E2E000414802F08DFC4FF4DE7101FB07510A7FBB
:10E2F0000B8B0592CA7E4C4804928A7E03924A7F19
:10E300000292CA8A01928A8A0092D1E9032102F01C
:10E3100077FC374802F074FCB8E7334802F070FC31
:10E32000424802F06DFC324802F06AFC2E4802F0CE
:10E3300067FC4FF4DE7101FB0751CA8A0B8B019217
:10E340008A8A3B480092D1E9032102F059FCE0E7B8
:10E350007C4325482F1902F053FC397B354802F0E5
:10E360004FFC234802F04CFC4FF00008DFF8D4903B
:10E370000DF11C0A3A7B5FFA88F39A4206D804F53D
:10E38000B07429192C48FFF7DFFA7FE799F80220CB
:10E39000B9F800108AF8022003F13002AAF8001040
:10E3A0008DF81D20542204F1100102FB0311504688
:10E3B0002944FFF70DFB08F10108DBE74FF4DE7499
:10E3C0007C43094802F01CFC1C4802F019FC084878
:10E3D00002F016FC04F10C0129441948FFF7B4FAC5
:10E3E00004F14001294470E7CB7E0512D8A4051240
:10E3F000689D051200A5051230A505123DA5051260
:10E400004EA5051244A3051252A3051269A30512D5
:10E4100072A305128EA3051291A3051294A30512EF
:10E4200098A30512B4A30512C4A30512FCA30512F8
:10E430000DA4051233A4051256A405125DA40512FD
:10E440006AA4051284A5051267432D48EC1902F051
:10E45000D7FB217B2B4802F0D3FB2B4802F0D0FBEB
:10E46000274802F0CDFBD4E96E23D4F8B411274835
:10E4700002F0C6FB244802F0C3FB4FF00008DFF8AF
:10E480009C900DF11C0A227B5FFA88F39A4203D814
:10E4900007F5B077E91975E799F80220B9F8001087
:10E4A0008AF8022003F13002AAF800108DF81D202E
:10E4B000542207F1100102FB031150462944FFF7D3
:10E4C00087FA08F10108DEE70D4802F099FB1048D1
:10E4D00002F096FB0C4802F093FB4FF4DE735F43AF
:10E4E00007F10C010B482944FFF72EFA07F16001F0
:10E4F00029440948B437FFF727FAE919E5E600BFD0
:10E50000CB7E05126EA40512689D05128FA405121C
:10E51000B4A405128EA3051291A3051284A50512B9
:10E52000FFF772BA08B50648EFF734F818B9FFF7E5
:10E5300031FCFFF7F5FF0022014B83F8802B08BD6B
:10E5400018B800202DE9F843DFF89C80054698F8BC
:10E55000803B0BB1FFF7E6FF2846FFF7A5FC04461A
:10E56000002836D01C4802F04BFB1C4F21461C48AB
:10E5700002F046FB1B4802F043FB3B680BB32BF059
:10E58000B7FB00244FF0010906463B680F2083F8D3
:10E590001490DC619C612BF08FFB3B680D209A6826
:10E5A00082F808909A68D4609B685C602BF084FBCA
:10E5B0005920EBF73BFF3E20EBF738FF30462BF0BE
:10E5C000DFFA4FF6FF730848A8F85C3BFFF72CFC16
:10E5D000C2E7BDE8F88300BFCB7E0512C0C30020B0
:10E5E00087A50512689D051218B8002008B5054BCF
:10E5F000B3F88C301BB9FFF7A5FFFFF705FA002031
:10E6000008BD00BF18B8002038B5224D2B68002B7C
:10E610003ED1214B1B780BB9FFF70EFA1F4C00229D
:10E6200003213E202C60EBF769FE3E20EBF7A8FEAD
:10E630002B681B4A03211A6004F190021A6204F548
:10E640002C72DA6559200022EBF758FE5920EBF7BF
:10E6500097FE00212B6804F523729A60114A04F595
:10E66000F674C4F8A0209A6851619A689461986819
:10E67000EFF710FA2868EEF7E7FD0B4802F0C0FA52
:10E680000A4802F0BDFABDE83840094802F0B8BABD
:10E6900038BD00BFC0C3002014B8002018B8002047
:10E6A0000070005000600050AB910512A9A5051242
:10E6B000689D051210B51D4C2368002B34D01C4BEF
:10E6C0001B78012B05D040F297321A491A4802F004
:10E6D0005FFB4FF47A70FFF789FF23681B7D022BE5
:10E6E00005D140F299321349144802F051FB2368D6
:10E6F0009B6863B11B7A022B05D140F29D320D4914
:10E700000F4802F045FB23689868EFF7D6F900231D
:10E710000C48236002F074FA0B4802F071FABDE86D
:10E7200010400A4802F06CBA10BD00BFC0C3002000
:10E7300014B800208F130612B9A50512CEA5051234
:10E74000F1A50512AB9105121BA60512689D0512D5
:10E7500010B50A4C236823B94E220949094802F032
:10E7600017FB206800F0EEFF30B1BDE810405222E8
:10E770000349054802F00CBB10BD00BFC8C3002010
:10E78000451406122BA60512E47E051210B5084C9E
:10E79000226852B90121074800F09EFE206020B98E
:10E7A000C4220549054802F0F3FA002010BD00BF5D
:10E7B000C8C300203CA605123C1406122BA6051265
:10E7C00008B501F013FC0B4B1B78022B0DD1EAF7B7
:10E7D00009FCEAF717FC084B1B689B8B0BB9FFF78A
:10E7E000B7FFBDE8084001F017BCEAF7D7FBEAF72E
:10E7F000E7FBF0E7C4C30020C8C3002008B502212E
:10E800000D202BF01DFAC8202BF03AFA4FF0A04251
:10E81000536A4FF4487023F47C1343F4701353622B
:10E82000EBF7DAFD0020EBF74BFEBDE808400022D5
:10E830004FF0FF301146EBF761BD000008B501F065
:10E84000D5FB0A4B586A20F0604020F0FF0010B161
:10E85000000AF7F75FF9F7F755F8EAF77FFB00F0E2
:10E86000C9FABDE8084001F0D7BB00BF00000C505A
:10E8700010B5002498B01822002102A82BF030FA1D
:10E880001822214609A801942BF02AFA1B4B089361
:10E89000002202A908A8F4F79BF8002201A908A801
:10E8A000F4F7CAF80128F3D0039A9DF80A300FA8AC
:10E8B000802A88BF01330F939DF809309DF9072006
:10E8C00010939DF8083011939DF8063012939DF82F
:10E8D0000530013B13939DF80430072B08BF00233C
:10E8E00015939DF80730002AB4BF23F080036433EA
:10E8F00014930EF03DFB18B010BD00BF00B00C50DB
:10E90000034B044A1860044BB3FBF0F313807047C9
:10E91000D0C30020CCC30020007C920000207047B0
:10E9200070470A20704700207047002070470000A1
:10E9300010B5044628B940F233220B490B4802F0C7
:10E9400027FA01202BF068F9206001202BF0D0F885
:10E950000121606008462BF0FBF80021A060012037
:10E960002BF0F6F8E06010BD8214061244A60512E2
:10E9700010B5044628B940F251220449044802F077
:10E9800007FA0023C4E9003310BD00BF5D1406126E
:10E9900044A60512002307B50A460146074801931D
:10E9A00002F02EF94FF41A720549064802F0F0F908
:10E9B000019B002BFCD003B05DF804FB50A60512B0
:10E9C0004C1406125AAC051238B5044628B940F268
:10E9D0003E221949194802F0DBF902202BF098F881
:10E9E00002202BF019F9206002202BF081F8012180
:10E9F000606002202BF0ACF80021A06002202BF018
:10EA0000A7F8E060EFF31085012383F310880C4C26
:10EA1000237823B940F24B210A48FFF7BBFF237844
:10EA2000013BDBB2237023B9074AD36A23F0010309
:10EA3000D36285F3108838BD7014061244A60512FF
:10EA40001084002082A6051200000C5070470000C0
:10EA500037B5FFF7FBFF1C4C2BF04EF92BF004F9F8
:10EA6000FFF7CCFE19491A4802F04AFA194DF7F798
:10EA700085F8F7F737FC184802F0A4F86168626877
:10EA800063686068AD68C0B20090C3F307231348A1
:10EA90000195C2F30742090E02F0B2F8636813F061
:10EAA000FC0F0CD06368DBB2072B08D06368DBB2C5
:10EAB0000F2B04D04FF437710948FFF76BFF03B0F9
:10EAC000BDE8304000F0BEB900B0005000FC0720A7
:10EAD000B8D2002000A00C50E6850512C7A605128A
:10EAE00082A6051208B52BF003F9BDE808402BF00B
:10EAF0001BB8FFF7F7BF08B508202BF025F8092051
:10EB00002BF022F824202BF01FF825202BF01CF8E6
:10EB10002F202BF019F821202BF016F846202BF08F
:10EB200013F842202BF010F812202BF00DF84020A3
:10EB30002BF00AF8BDE808402B202BF005B80000A8
:10EB400008B50E4802F05CF80D4802F059F80D487F
:10EB500002F056F8094802F053F80B4802F050F85A
:10EB6000084802F04DF8054802F04AF8074802F05C
:10EB700047F8BDE80840034802F042B8FAA605127B
:10EB800003A70512689D051236A7051269A705128D
:10EB90004FF4E6720149024802F0FAB8AF140612C7
:10EBA0005AAC051238B548680CF092FC05460F4C7B
:10EBB0000F48D4E91F12EDB202F022F85DB10D4802
:10EBC00002F01EF840F2D223C4E91F330A48BDE820
:10EBD000384006F0F3BA094802F012F84FF43D72DB
:10EBE0004FF42D730648C4E91F23F0E700300050AE
:10EBF000AEA70512E9A70512FCA7051203A8051286
:10EC0000E685051208B504490EF0C0FE003818BFAD
:10EC10000120404208BD00BF19A805120228F8B51E
:10EC20000E4603DCBDE8F840FFF78ABF8868EFF7BF
:10EC30003EF877680546434938460EF0A7FE04467D
:10EC4000E8B9414B1B6823B94048BDE8F84001F0E2
:10EC5000D7BFF068EFF72BF80646A64203D1B307FB
:10EC60002BD03B48F1E755F824103A48013401F025
:10EC7000C7FFA207F1D1364801F0C2FFEDE73649E0
:10EC800038460EF083FE0146E8B92F4B1B68002B77
:10EC9000DAD0102231482BF023F840222F49F068B7
:10ECA000EFF723F84028034628BF4023033323F01F
:10ECB00003032A4A2B449D4200D1F8BD52F8041B9D
:10ECC00045F8041BF7E7264938460EF05FFE01467B
:10ECD00048B91D4B1B68002BB6D01022F0680CF011
:10ECE000D1FD2860E9E738461E490EF04FFE044684
:10ECF000A8B903463022542110202AF031FF2346C0
:10ED00003022552111202AF02BFF55215420EEF7F7
:10ED100033FFBDE8F84005211348EEF7BBBF384686
:10ED200012490EF033FE00287FF47CAF0421B06856
:10ED3000FFF768FF0028C0D10122034B0C481A607E
:10ED400083E700BFD9B1051214C400201EA8051224
:10ED5000689D051228A8051244840512D4C300201A
:10ED60002EA8051236A805123CA8051242A80512C5
:10ED700049A8051238B50D46114968680EF006FE1F
:10ED8000E8B9E8680CF0A4FBAD6844B20D49284628
:10ED90000EF0FCFD48B92146E9F7D2FE02462146B5
:10EDA000BDE83840084801F02BBF284607490EF05F
:10EDB000EDFD10B921460120EEE7FF22EFE738BD57
:10EDC00053A805125BA8051265A8051261A80512D3
:10EDD00008B5044801F014FF4FF47A7002F09FFF69
:10EDE000FAE700BF7DA80512014B1868704700BF05
:10EDF00018C4002008B5094A13680133136002F0F3
:10EE00002FFE836C013B83641BB9436C836402F067
:10EE100071FEBDE8084003F0BDBA00BF18C4002071
:10EE200040EAE07070470000014B1868704700BF6F
:10EE300018C4002000207047002070470020704751
:10EE40000020704738B5044C044DAC4200D338BDA7
:10EE500054F8043B9847F8E714A1061240A10612A3
:10EE600038B5054C054DAC4200D338BD54F8043BD1
:10EE7000002BF8D09847F6E740A106127CA10612B5
:10EE800008B5FFF7EDFFBDE80840FFF7A1BF7047E9
:10EE90000A23142213B50B49CDE900320A484FF476
:10EEA0000063002203F05EF8044628B94FF4B37201
:10EEB0000649074801F06CFF204602B0BDE810404B
:10EEC00002F078BF81EE03128BA805124B150612D3
:10EED00090A8051208B52AF00BFFFFF7B9FD01F065
:10EEE000BBFE03F043FB02F03BFCFFF7D1FF03F056
:10EEF00043FB00F06DFA02F057FC002008BD08B596
:10EF0000FFF7C5FFFFF7E6FF002008BD10B5044678
:10EF100020B952220D490E4801F03AFF204602F076
:10EF2000DDFB092804D0532208490A4801F030FFCC
:10EF3000204602F0C1FB20B954220449064801F0E2
:10EF400027FF204602F00EFB002010BD011606121E
:10EF5000168805129FA80512DAA80512F8B507460B
:10EF600002F07EFD08B102F0DFFC092002F0A0FAF9
:10EF7000044620B97C221049104801F009FF54F8DA
:10EF8000045FA54204D102F06BFD90B900260CE0AD
:10EF9000A5F10C0608223946304601F0B4FA30B922
:10EFA00002F05EFD08B102F0CDFC3046F8BD2D68E0
:10EFB000E7E702F0C7FCE9E7F215061202A905121D
:10EFC000F8B50E461746044610B94FF0FF30F8BDAD
:10EFD0000846FFF7C3FF05460028F6D12046324613
:10EFE000092102F075FA04F144032846C4E90F55DB
:10EFF000C4E91133E782A5762583E8E738B50446EE
:10F0000020B9D1220C490D4801F0C2FE636A8BB1D0
:10F01000E28AD2060ED420469847054630B1024611
:10F020002146074801F0ECFD284638BDE38A43F04D
:10F030001003E3820025F7E7E31506121688051290
:10F0400019A9051270B50E46044620B9F4222649C6
:10F05000264801F09DFE204602F040FB092804D01E
:10F06000F5222149224801F093FEE38AD80610D404
:10F07000636A53B120469847054630B1024621469F
:10F080001C4801F0BDFD284670BDE38A43F0100323
:10F09000E382190702D5238B1A0721D4A36AB3B1DF
:10F0A0003146204698470546B8B90025238B43F0E2
:10F0B00008032383A37E0133DBB2A376002BE2D1C6
:10F0C00040F2231208490C4801F062FEDBE726F407
:10F0D000704121F0F0012183E7E7831DD3D1E5E7FB
:10F0E0006FF00605CFE700BFD4150612168805128B
:10F0F0009FA8051219A905124FA9051210B50446BB
:10F1000028B940F235121349134801F041FE204658
:10F1100002F0E4FA092805D04FF49B720D490F481C
:10F1200001F036FEA37E83B1013BDBB2A3767BB94F
:10F13000E36A1BB900200023238305E0204698479B
:10F140000028F7D0831DF6D010BD4FF0FF30FBE74D
:10F150000020F9E7C4150612168805129FA80512AB
:10F160002DE9F0410D4616461F46044628B940F2E7
:10F170005F121449144801F00BFE204602F0AEFA6B
:10F18000092805D04FF4B0720E49104801F000FE76
:10F19000A37E33B94FF0FF3001F01EF90020BDE827
:10F1A000F081D4F830E0BEF1000F07D03B46324684
:10F1B00029462046F446BDE8F04160476FF005005F
:10F1C000EAE700BFB5150612168805129FA80512BA
:10F1D0002DE9F0410D4616461F46044628B94FF466
:10F1E000C3721449144801F0D3FD204602F076FAA8
:10F1F000092805D040F287120E49104801F0C8FDD9
:10F20000A37E33B94FF0FF3001F0E6F80020BDE8EF
:10F21000F081D4F834E0BEF1000F07D03B4632460F
:10F2200029462046F446BDE8F04160476FF00500EE
:10F23000EAE700BFA5150612168805129FA8051259
:10F2400070B50D461646044628B940F2A7120D497E
:10F250000D4801F09DFD204602F040FA092805D036
:10F260004FF4D4720749094801F092FDA36B2BB10A
:10F27000324629462046BDE8704018476FF0050029
:10F2800070BD00BF93150612168805129FA80512BF
:10F2900038B50D46044628B940F2C112084909485C
:10F2A00001F076FD204602F019FA092805D04FF446
:10F2B000E1720349044801F06BFDE561002038BDAF
:10F2C00079150612168805129FA8051238B50D4645
:10F2D000044628B940F2D7120849094801F058FD00
:10F2E000204602F0FBF9092805D04FF4EC720349DF
:10F2F000044801F04DFD2562002038BD5F1506125F
:10F30000168805129FA80512F8B5244E3368B3423B
:10F3100000D1F8BD2AF0ECFC044600F09FFE40B19D
:10F320001F49204801F06CFC99221D491E4801F03C
:10F330002FFD20462AF024FC2AF0DAFC3368074629
:10F34000B3421AD034682546636855F814295360CF
:10F3500022681A60C4E9004402F0E6FAA36E0BB119
:10F3600028469847284602F0A7F9012809D12846DF
:10F3700002F0F8F802F0E6FA3846BDE8F8402AF064
:10F38000FFBB02F0DFFA38462AF0FAFB606901F0B1
:10F3900021FF284602F05CF9B8E700BFB4C700209F
:10F3A0001616061263A905125AAC051238B50024C8
:10F3B000064D55F8043B03B198470134042CF8D1AD
:10F3C000FFF7A2FF2AF004FCF1E700BF1CC40020F5
:10F3D0001FB51F232022CDE902324FF400730193A1
:10F3E000064B074A009307490023074802F0DEFD59
:10F3F000054805B05DF804EB02F0DCBC2CC400202D
:10F40000ADF303128AA905122CC6002070B504467C
:10F410004FF0FF3623689C4200D170BD2AF068FC93
:10F4200005462068C661143802F080FC28462AF0A0
:10F43000A7FBEFE7143802F079BC70B51646054615
:10F4400008460C4602F086FB2EB1012E00D070BD9E
:10F450002B689D4208D16A6804F1140313606A683E
:10F46000A2616B606561F2E794F8351093F8212092
:10F47000914208D2596804F114020A605968A161E6
:10F480005A606361E3E71B68E3E70000F8B50F46E5
:10F4900015461E46044620B9CA220C490C4801F004
:10F4A00077FCB5F5803F04D3CB220849094801F029
:10F4B0006FFC20463A46022102F00AF804F11403D8
:10F4C000C4E90533A58366720020F8BDDF16061275
:10F4D00090A905129FA90512F8B506460C461546D7
:10F4E0002AF006FC074600F0B9FD48B11049114862
:10F4F00001F086FB40F207120D490F4801F048FC6D
:10F5000038462AF03DFBB4F5803F05D34FF48472B2
:10F5100007490A4801F03CFC3146022002F048F855
:10F5200028B100F11403C0E9053384834572F8BDA6
:10F53000D116061263A905125AAC05129FA905122D
:10F5400038B504462AF0D4FB054600F087FD48B1E3
:10F550001849194801F054FB40F227121549174881
:10F5600001F016FC28462AF00BFB2CB94FF49572DB
:10F570001049134801F00CFC204602F0AFF80228B5
:10F5800005D040F22B120B490E4801F001FC204639
:10F5900002F092F828B14FF4967206490A4801F039
:10F5A000F7FB04F11400FFF731FF204602F050F89A
:10F5B000002038BDC316061263A905125AAC051205
:10F5C00090A90512B0A9051224AA05122DE9F3414C
:10F5D0000446019128B94FF4A4724E494E4801F0F7
:10F5E000D7FB204602F07AF8022805D040F24912F3
:10F5F00048494A4801F0CCFB494B1B680BB12046F7
:10F6000098472AF075FBA38B07464BB1013BA383B8
:10F610002AF0B6FA434B1B68002B78D1002005E096
:10F62000019B33B92AF0ACFA6FF0010002B0BDE8DB
:10F63000F0812AF05DFB054602F012FA48B935491F
:10F64000394801F0DDFA40F269123249374801F0D9
:10F650009FFB2AF04DFB064602F092F948B12D4976
:10F66000334801F0CDFA40F269122A492F4801F0DF
:10F670008FFB30462AF084FA2AF03AFB064600F067
:10F68000EDFC48B123492B4801F0BAFA40F2691267
:10F690002049264801F07CFB30462AF071FA2846C2
:10F6A0002AF06EFA4FF0000802F0DAF9C0F8308064
:10F6B00001460546627A04F11400FFF7BEFE019B85
:10F6C000434509DD05F14C064146304601AA02F0EA
:10F6D0002BFE304602F072FD38462AF051FA2AF02D
:10F6E00007FB0128064609D10A49134801F088FAA8
:10F6F00040F28B1207490D4801F04AFB30462AF0D0
:10F700003FFA02F069F8286B002883D08EE7204684
:10F71000984783E7B716061290A90512B0A90512FB
:10F72000A4C70020A0C700205FAA05125AAC05128A
:10F7300096AA051263A90512C2AA05120021FFF7B5
:10F7400045BF000038B5044628B94FF4DB721649AE
:10F75000164801F01DFB204601F0C0FF022805D02D
:10F7600040F2B7121049124801F012FB114B1B680E
:10F770000BB1204698472AF0BBFA2346054653F8BA
:10F78000140F98420AD0FFF755FE012428462AF0AC
:10F79000F7F90CB102F020F8002038BDA38B01333B
:10F7A000A3830024F2E700BFA816061290A9051251
:10F7B000B0A905129CC7002070B50D461646044638
:10F7C00028B940F2E7121149114801F0E1FA204648
:10F7D00001F084FF022805D04FF4F4720B490D4864
:10F7E00001F0D6FA012D0ED12AF082FA054604F175
:10F7F0001400FFF70BFE2846A6832AF0C1F901F09A
:10F80000EBFF002070BD4FF0FF30FBE799160612AA
:10F8100090A90512B0A9051270B50E46154604460A
:10F8200028B94FF405720949094801F0B1FA204698
:10F830003246032101F04CFE002004F11403C4E918
:10F840000533044B6572C4E9073070BD8B16061290
:10F85000FEAA05120100FF0070B505460C462AF00D
:10F8600047FA064600F0FAFB48B10E490E4801F08F
:10F87000C7F940F251220B490C4801F089FA304691
:10F880002AF07EF92946032001F092FE40B100F1F2
:10F890001403C0E905330023054A4472C0E9072375
:10F8A00070BD00BF7B16061263A905125AAC051283
:10F8B0000100FF00F7B5044601912AF019FA054648
:10F8C00002F0CEF848B95C495C4801F099F940F281
:10F8D000932259495A4801F05BFA2AF009FA064680
:10F8E00002F04EF848B15449564801F089F940F207
:10F8F00093225149524801F04BFA30462AF040F920
:10F900002AF0F6F9064600F0A9FB48B14A494E48EC
:10F9100001F076F940F293224749494801F038FA5C
:10F9200030462AF02DF928462AF02AF92CB940F25F
:10F9300096224149454801F02BFA204601F0CEFEBF
:10F94000032805D040F297223B49414801F020FAB4
:10F9500002F086F805462AF0CBF93E4B06461B68B6
:10F960000BB12046984700232B63236AAB4252D148
:10F97000E37F0133DBB2E37730462AF001F9364BFF
:10F980001B68002B55D1002008E0019B43B96FF0A4
:10F99000010430462C632AF0F3F8204603B0F0BD92
:10F9A000206A95F8352090F835309A4204D2022129
:10F9B00005F1350202F03AFA2946627A04F11400A0
:10F9C000FFF73BFD019B002B09DD05F14C070021F2
:10F9D000384601AA02F0A8FC384602F0EFFB304698
:10F9E0002AF0CEF82AF084F90128074609D11249F5
:10F9F0001A4801F005F94FF43C720F49104801F024
:10FA0000C7F938462AF0BCF801F0E6FE286B60B171
:10FA100010F1090FC2D1A38B002BB6D0013BA383F9
:10FA2000256295F83530A377A2E72AF061F90646FA
:10FA3000A2E720469847A6E76D1606125FAA0512B0
:10FA40005AAC051296AA051263A90512FEAA051260
:10FA50000FAB0512A4C70020A0C70020C2AA051240
:10FA600070B5044628B940F21D324849484801F0B3
:10FA70008FF9204601F032FE032805D040F21E32F5
:10FA80004249444801F084F92AF032F9054601F070
:10FA9000E7FF48B93D49404801F0B2F840F223324F
:10FAA0003A493E4801F074F92AF022F9064601F07D
:10FAB00067FF48B135493A4801F0A2F840F22332D5
:10FAC0003249364801F064F930462AF059F82AF0F4
:10FAD0000FF9064600F0C2FA48B12C49314801F04E
:10FAE0008FF840F2233229492C4801F051F9304671
:10FAF0002AF046F828462AF043F801F0B1FF0546FF
:10FB00002AF0F6F8284B06461B680BB120469847AA
:10FB1000236AAB4207D04FF0FF3430462C632AF003
:10FB20002FF8204670BDE37F013BDBB2E37743BB98
:10FB3000A27F95F835309A4205D00221284604F17B
:10FB40001E0202F073F9234653F8140F984211D0A5
:10FB5000A0F11403236290F82130A377E37F0133EF
:10FB6000E377FFF767FC012430462AF009F854B91F
:10FB70000020D7E7A38B0133A38300232362FF2355
:10FB8000A3770024F0E701F027FEF1E75C160612E8
:10FB9000FEAA05120FAB05125FAA05125AAC051298
:10FBA00096AA051263A905129CC7002038B5044621
:10FBB0002AF09EF8054600F051FA48B11A491B4850
:10FBC00001F01EF84FF4F2621749194801F0E0F80D
:10FBD000284629F0D5FF2CB940F2937212491548F6
:10FBE00001F0D6F8204601F079FD062805D040F254
:10FBF00094720D49104801F0CBF8204601F05CFDED
:10FC000028B140F2957208490C4801F0C1F804F19E
:10FC10001400FFF7FBFBE06901F0DCFA204601F07D
:10FC200017FD002038BD00BF4216061263A9051259
:10FC30005AAC051283AB051291AB051206AC051246
:10FC40002DE9F04104460D4616461F462AF050F8AD
:10FC5000804600F003FA48B11F49204800F0D0FF69
:10FC600040F256721C491E4801F092F8404629F0B5
:10FC700087FF2146062001F09BFC0446A0B100F15D
:10FC80001403C0E905334772E81C20F0030080B27A
:10FC9000208466840430B6B2704301F091F9E061CB
:10FCA00030B92046FFF782FF00242046BDE8F081EE
:10FCB00000231946C4E90A33628C23638A4202DCBA
:10FCC0000023A384F1E7228CE06904324A43013126
:10FCD00083508318F0E700BF4F16061263A9051280
:10FCE0005AAC0512F8B50F461646044628B940F23C
:10FCF000B5722D492D4801F04BF8204601F0EEFC7D
:10FD0000062805D040F2B6722749294801F040F88C
:10FD10002FB940F2B7722449264801F039F89EB94C
:10FD20004FF4F7622049244801F032F8234B1B6856
:10FD30000BB12046984729F0DBFF256B55B929F018
:10FD40001FFF6FF00200F8BD238CB342EED24FF0DC
:10FD5000FF30F8E72B68236329F012FF00232846C1
:10FD6000324640F8043B394600F054FB29F0C0FF0E
:10FD7000E36A064603B11D60A36AE56203B9A562A2
:10FD8000A38C0133A38454F8140FA04208D0FFF7CA
:10FD900051FB304629F0F4FE01F01EFD0020D2E7B1
:10FDA000304629F0EDFEF9E73716061283AB05124F
:10FDB00091AB051240AC051252AC05129CC7002055
:10FDC0002DE9F74F884691460446019328B940F63D
:10FDD00069027949794800F0DBFF204601F07EFC9A
:10FDE000062805D040F66A027349754800F0D0FF36
:10FDF000B8F1000F05D140F66B026F49714800F071
:10FE0000C7FFB9F1000F05D140F66C026A496E4890
:10FE100000F0BEFF01F024FE6C4B07461B680BB1DF
:10FE20002046984729F064FFA58C0646002D40F037
:10FE3000BD80019B002B40F0928029F0A1FE6FF065
:10FE40000100B0E029F054FF824601F009FE48B9F4
:10FE500059495F4800F0D4FE40F6820256495D4899
:10FE600000F096FF29F044FF834601F089FD48B178
:10FE70005149594800F0C4FE40F682024E495548A7
:10FE800000F086FF584629F07BFE29F031FF8346BB
:10FE900000F0E4F848B14849504800F0B1FE40F69F
:10FEA000820245494B4800F073FF58464FF0000B63
:10FEB00029F066FE504629F063FE019BC7F830B07A
:10FEC00033B9304629F05CFE6FF001033B63B6E7BF
:10FED0003946627A04F11400FFF7AFFA019B002B58
:10FEE0000CDDFEF781FF07F14C0A054659465046E6
:10FEF00001AA02F019FA504602F060F93B6B2BB1EF
:10FF000040F6A7022C49364800F042FF304629F05F
:10FF100037FE29F0EDFE0128064609D12649314871
:10FF200000F06EFE40F6AD0223492A4800F030FF93
:10FF3000304629F025FE01F04FFC386B002832D105
:10FF400029F0D6FE019B0646002B08DDFEF74CFF8C
:10FF5000019B2B441B1A23EAE373451B0193A38CDB
:10FF6000002B3FF46FAFA56A013B2A683046A262BE
:10FF7000E26AA384AA4204BF0022E26229F000FEE2
:10FF8000228C291D4A4528BF4A46404600F042FAC5
:10FF900029F0AEFE236B2B60256329F0F1FD124B97
:10FFA0001B682BB9002003B0BDE8F08F0025D6E711
:10FFB00020469847F6E700BF2C16061283AB0512C1
:10FFC00091AB051240AC051252AC0512A4C700203B
:10FFD0005FAA05125AAC051296AA051263A905126A
:10FFE0005CAC0512C2AA0512A0C7002010B529F00A
:10FFF0007FFE074A044613780133DBB21370054BCA
:020000041204E4
:100000001B6803B198472046BDE8104029F0B8BDF1
:10001000B0C60020B8C6002038B529F069FE0B4DE7
:1000200004462B7823B9622209490A4800F0B0FE41
:100030002B78013BDBB22B70074B1B6803B1984751
:100040002046BDE8384029F09BBD00BFB0C6002067
:10005000EB16061274AC0512B4C60020014B1878DA
:10006000704700BFB0C600202DE9F04F584E594CE4
:1000700085B0DDE90F7515F0400F0CBFB046A04606
:1000800015F0100E1FD04FF0200C25F0010515F0D3
:10009000020427D0002A1EDA2D245242E946002607
:1000A0000A2B03BFB2FBF3FB03FB1B2A5A4602F0E9
:1000B0000F0A18F80AA018BF1209013609F801AB97
:1000C000002AEDD114E015F0010F0CBF4FF0200C09
:1000D0004FF0300CDBE76C074FBF2B24C5F3C00497
:1000E0006401E4B2002AD9D1302301268DF8003012
:1000F000BE423246B8BF3A460E9B15F0110FA3EB35
:10010000020318D114B1002B00DD013B05464FF06E
:10011000200A00EB030904E08D4238BF85F800A0F7
:100120000135A9EB0508B8F1000FF5DC23EAE3750A
:10013000013B5B1B284424B1884238BF0470013B5B
:100140000130BEF1000F14D004464FF0300E00EB2A
:10015000020C17E08C4238BF84F800C00134AEEBCB
:100160000405002DF6DC23EAE374013B1B1B20444D
:10017000EAE7044600EB030EF1E78C4238BF84F84F
:1001800000E00134ACEB0405AE42F6DB921B1044F8
:100190006A46013E0BD2024620261D18AC1A002CDE
:1001A00010DC002BA8BFC01805B0BDE8F08F002FF1
:1001B000F1D0884238BFB45C00F1010038BF00F8CC
:1001C000014CE6E78A4238BF16700132E6E700BF0D
:1001D000FE1606120F1706124E282DE9F04FA8BF83
:1001E0004E2057EC106B8B4615469A4687B020EA96
:1001F000E074002200233046394617F0B3F818B1F6
:1002000007F100431F460120286047EC106B02A84D
:100210000DF09CFDDDE90201002200238DED000BB5
:1002200017F096F80546002855D10AF15008C14646
:10023000DDE90267002200233046394617F088F8CE
:1002400018B34B460AF1FF3243453FD30AF150033E
:10025000A3EB0908994588BF4FF00008D044109BD4
:10026000544403B92C445445CBF8005057D30026CE
:100270004D4F0AF15005A04501D8A84556D3AC42D0
:1002800069D300238AF84F304CE0502DD9D000229A
:10029000454B3046394616F01DFF41EC100B02A8C5
:1002A0000DF054FD3EA3D3E9002351EC100B8DED6E
:1002B000040B16F02FFC00223B4B16F0E1FD17F06B
:1002C0008FF8303009F8010D0135B1E713F8011B43
:1002D00002F8011FB8E70022DDE90001002317F052
:1002E0005FF80546A8B9D046B9E7CDE90067013DFA
:1002F0004246DDE900014B4616F0C2FD00222B4BC1
:1003000006460F4617F02EF80028EED1CDE9046717
:10031000E9E700254FF00008DFF88C90E8E70023BC
:100320008AF80030504607B0BDE8F08F3246DDE96C
:1003300000013B4616F0A4FD41EC100B04A80DF0A3
:1003400005FDDDE904018DED000B17F049F83030B3
:1003500008F8010B8FE72378302105332370312013
:1003600023461A78392A02D800232370DAE7534546
:10037000197005D913F8012C013B01321A70F0E70E
:100380001870DBF800200132CBF80020109A002A08
:10039000E7D1544588BF21700134E2E7AFF3008014
:1003A000B81E85EB51B89E3F000024400000F03F8E
:1003B00030B5013911F8014F0346154600F8014BDD
:1003C000013A34B92B44984200D130BD00F8014BBA
:1003D000F9E7002AEED1F8E710B50446FFF73EFE34
:1003E00010B1044B1C6010BD01F03AFB0028F8D09E
:1003F0000463F8E74CC7002008B5FFF72FFE08B1EB
:10040000034808BD01F02CFB0028F9D03030F8E794
:100410004CC700200F2AF0B505D80346013B0A441B
:1004200091423CD1F0BD41EA00039B07F5D115464E
:1004300001F1100400F1100354F8106C103D43F862
:10044000106C54F80C6C0F2D43F80C6C54F8086CBD
:1004500003F1100343F8186C54F8046C04F1100411
:1004600043F8146CE8D8A2F1100323F00F03CD1861
:100470000344103302F00F021C4616461035091AC9
:10048000032E07D86FF0030194084C432244291B24
:100490001B1BC3E76758043E27600434F0E711F8DC
:1004A000014B03F8014FBBE7884210B501EB020492
:1004B00002D98442234607D8431EA14207D011F82F
:1004C000012B03F8012FF8E70244824200D110BD4E
:1004D00013F8011D02F8011DF7E7034610B50139B5
:1004E0000244934201D1002010BD187811F8014F49
:1004F000001BF9D10133F4E710B504460AB1FFF748
:1005000057FF204610BD10B5431E0A44914201D149
:10051000002008E013F8014F11F8010B201A40B237
:1005200008B9002CF2D110BD10B50346044622468E
:100530001278E01A01340AB18142F8D810BD03469E
:100540001A46117801330029FAD1101A70472DE9A3
:10055000F041044608460F46FFF7F1FF064698B102
:100560002046FFF7ECFF054604EB0008B542A8EB78
:10057000050401DA002407E0324639462046013DF1
:10058000FFF7ABFF0028F1D12046BDE8F08170B540
:100590000646FFF7D4FF451C284600F011FD04462F
:1005A00018B12A463146FFF735FF204670BD13B516
:1005B00000240094FFF710FE02B010BD2DE9F04FAB
:1005C00010EB0109B9B01E4607900A9103D3C3434B
:1005D0004FF0FF390A93079C08E0252B15D01746EA
:1005E0004C4538BF2370601C04467A1C1378002BDE
:1005F000F3D10A9A22B14C4534BF237009F8013C6B
:10060000079BE01A39B0BDE8F08F002151E02D2B97
:100610004CD0302B6AD0A3F13000092852D83A468A
:1006200000254FF00A0C17463B780132A3F1300049
:1006300009285ED93B782E2B6ED17A787B1CA2F1EB
:100640003000092862D800224FF00A0C1F46387883
:100650000133A0F1300EBEF1090F52D922EAE2783F
:100660003A7802F0FB03682B08BF013797F800B017
:1006700018BF0022BBF1780F0AD8BBF1620F52D825
:10068000BBF1250F00F02581BBF1580F00F0278149
:100690004C453CBF252323703B78601C002B00F0A9
:1006A0007182484538BF6370A01C9DE741F010017E
:1006B0003A465378571C2B2B0FD0A8D8202B0FD09D
:1006C000232B10D02A2B19D156F8045B971C002D30
:1006D000B0DA6D4241F01001ACE741F00401E7E708
:1006E00041F00801E4E741F02001E1E741F00101B8
:1006F000DEE70CFB0533A3F1300594E74FF0FF353F
:1007000098E70CFB0200A0F130029FE72A2A06D1ED
:1007100056F8042B0237A1E74FF0FF38A0E71F4639
:100720004FF000089CE7ABF16303152BB0D801A094
:1007300050F823F0AD070412E708041291060412E2
:10074000EF0804129106041291060412E70804123D
:1007500091060412910604129106041291060412E5
:10076000910604128D070412B308041291060412B4
:10077000910604121308041291060412EB080412E5
:100780009106041291060412E308041208236C2A4D
:1007900006F1040A40F0F8813268CDE90181204673
:1007A00049460095FFF760FC56461DE7C90615D47B
:1007B0002A462346202103E04B4538BF19700133F8
:1007C000013A002AF8DC002D05F1FF33C5F10105DF
:1007D000D8BF00251D44D8BF00231C444C4538BF5A
:1007E000336804F1010038BF2370321D0346202610
:1007F0002C44E11A002907DC002D05F1FF33D8BF96
:10080000002316461844EFE64B4538BF1E700133EF
:10081000EFE7AD4B56F804AB0491BAF1000F08BFF7
:100820009A465046FFF78BFEB8F1000F0346049935
:1008300002DD4045A8BF4346CA0619D422464FF000
:10084000200C601904E04A4538BF82F800C001322C
:10085000811A8B42F7DBAB42A3EB050205F1FF31B6
:10086000C8BF0022A5EB0305C8BF00252C445518BE
:1008700000229A420FDB002BA8BFE4184FF0200C97
:1008800022466019811A8B420DDBE81AAB42C8BFC1
:1008900000202044A8E6A118894584BF1AF8021058
:1008A000A1540132E5E74A4538BF82F800C0013261
:1008B000E8E76B1C04BF082541F00101CDE9018187
:1008C000009510234946204656F8042BFFF7CCFB31
:1008D0008AE64C4538BF84F800B0601C84E641F0DD
:1008E0004001102353E741F002010A234FE7073686
:1008F00026F00706B6EC027B41F00203C8068DED38
:10090000047B06935CD523F0010306932023DDE9E5
:1009100004010B930022002316F024FD002855D07B
:10092000049BB8F1FF3F0C93059B4FF02D0A03F198
:1009300000430D939DED0C7B05F1FF358DED047BA0
:100940006DD0049B4FF0FF320893059B23F00043CA
:100950000993DDE908015D4B16F02CFD48B9DDE98E
:1009600008014FF0FF32594B16F006FD002800F049
:100970009B8024AB40469DED040B0FAA0EA9FFF708
:1009800016FE0F9B002B4DD02D238DF840300DF11E
:1009900041030278002A75D00E9A002A44DD4FF0F8
:1009A0002E0E411E11F801CFBCF1000F51D0A1EB6A
:1009B000000B5A4508BF03F801EB03F801CBF1E740
:1009C00011F0010F0CBF20233023A0E7069B59072D
:1009D0001CD54FF02B0A013DB8F1FF3FDDE90423A0
:1009E0001046194608BF4FF0020816F0E3FC002835
:1009F000A7D04E2361229B468DF8403000238DF80E
:100A000041208DF842B08DF8433024E0069B13F06E
:100A1000080A1CBF4FF0200A05F1FF35DCE74FF054
:100A200002088EE710ABB4E719464FF02E0E4FF0D8
:100A3000300C01F802CB83F801E0C2F1020E7344DE
:100A40008E469E4519D1891A091A0B1810F8012BE8
:100A5000B2B900221A70069B9A0643D5B8F1000F6E
:100A600040D110AA1378904693460132FBB92E224A
:100A700088F8013088F8002034E00EF801CBE0E778
:100A80001A70E2E730211970B8F1000F01D101337B
:100A9000DFE72E2203F1020B5A705846424629F036
:100AA0001FF90BEB0803D4E749236E22A4E72E2B92
:100AB00018D0652B01D0452BD4D14FF4807140461E
:100AC000FFF732FD404406E08AAC0512FFFFEF7FDE
:100AD00010F801398370A0EB0B03002BF8DC2E23F8
:100AE00088F800304FF4807110A8FFF71DFD069BB9
:100AF000024613F0110FA5EB000508D12B4620216B
:100B0000002B22DC6B1E002DB4BF1D465D1BBAF10D
:100B1000000F03D0A14588BF04F801AB069BDB069C
:100B200007D42B46002B16DC6B1E002DB4BF1D46D0
:100B30005D1B234610A9A3EB040C9445184601DA6B
:100B4000994511D81D44202315E0A14588BF04F81C
:100B5000011B013BD4E7A14588BF0B9903F1FF338B
:100B600088BF04F8011BDDE711F8010B03F8010B46
:100B7000E1E700F8013B2A1A002A7FF735AD8145ED
:100B8000F7D831E5013F2FE5682A32687FF405AEDA
:100B9000880754BF92B212B2FFE500BF0CB407B58C
:100BA00004AB53F8042B0193FFF708FD03B05DF885
:100BB00004EB02B070470000014B1868704700BF9B
:100BC00048C7002070B50D4D2E68FEF7C7F90446E2
:100BD00090B1286808B1FEF791FAE38A40F2432108
:100BE00013F4007F08BF43211B05204648BF41F492
:100BF0000061FEF727FA2C60304670BD48C7002020
:100C00000FB473B5114B1E686EB9114A07AB146867
:100C10007F21069A0F480193FFF7D0FC03463CB9A9
:100C20000C48FDF77DFE02B0BDE8704004B070478F
:100C3000258B7F2845F04002228328BF7F23314641
:100C40002046044AFEF7C4FA2583ECE744C7002097
:100C500048C70020C0C6002007B50B48FFF7D0FFEB
:100C60000A48FFF7CDFF0A4B0222019305230949E9
:100C7000009309480423FFF7C3FF084803B05DF859
:100C800004EBFFF7BDBF00BF91AC05129AAC051293
:100C9000E6AC0512AFAC0512BBAC0512EFAC051209
:100CA00008B52248FFF7ACFF2148FFF7A9FF1F480E
:100CB000FFF7A6FF04F0EEF81C48FFF7A1FF1D4860
:100CC000FFF79EFF1948FFF79BFF03F0AFFF1748A0
:100CD000FFF796FF1848FFF793FF1448FFF790FFC0
:100CE00003F052FF1148FFF78BFF1448FFF788FF0E
:100CF0000E48FFF785FF03F0F1FF0C48FFF780FF78
:100D00000F48FFF77DFF0948FFF77AFF04F070F8FE
:100D10000648FFF775FF0B48FFF772FF0348FFF720
:100D20006FFFBDE8084000F067B800BFD5B40512FA
:100D300015AD05122AAD05123FAD051254AD0512D1
:100D400069AD05127EAD0512C8B110F0FF020C4B63
:100D500002D0985C0130704710F47F4F04D0C0F38C
:100D60000720185C0930704710F47F0F04D0C0F3DF
:100D70000740185C11307047000E185C193070473E
:100D800020170612014B1860704700BF40C70020B3
:100D90000023F7B516468DF8073004460D4628F0B7
:100DA000A7FF114B07461A68C2B9012229461A60EB
:100DB0000E4823463246FFF723FF39460C48FFF71B
:100DC0001FFFFFF76DFF0B4B1B6843B928F0D4FEE4
:100DD0009DF80730002BFBD003B0F0BDFEE7324694
:100DE000294620469847F1E7BCC6002090AD051281
:100DF000C7AD051240C7002008B5084B0848196860
:100E0000FFF7FEFE074B08481968FFF7F9FE074B8E
:100E100007481968BDE80840FFF7F2BE60C7002028
:100E2000DFAD05125CC70020F1AD051258C70020E8
:100E300003AE051210B5044620B9DA22054906486A
:100E4000FFF7A6FF054B2360054B1B681033C4E971
:100E5000013310BD4818061289C30512A01E0100F7
:100E600060C7002070B51F4E04463368834204D922
:100E7000A8221D491D48FFF78BFF1D4D2B68A3427B
:100E800004D8A92218491B48FFF782FF638823B1C1
:100E9000AA2215491848FFF77BFF336862681A4495
:100EA00094420ED0518861B92968914209D0134902
:100EB00008689042526808BF0C606260E11A1A44E8
:100EC0009160A1685A1894420AD0508840B90B48E2
:100ED0000568A54208BF02606068034450609960DD
:100EE00070BD00BF90C700202818061221AE051261
:100EF0008CC700203FAE05126AAE051288C70020DD
:100F00002DE9F041C41C06460F4621F0030528F0E8
:100F1000EFFE24F003048046FFF7A0F848B11D4916
:100F20001D48FFF76DFE4FF48B721A491B48FFF7FF
:100F30002FFF404628F024FE202D23D9A5F12003C1
:100F4000A3421FD3164B2D1BA5F120021A604FF4AC
:100F5000F5530026134F103D2360134B6019656055
:100F6000A66018603C60FFF765FF334601220F4919
:100F70000F48FEF78BFA0F4B3A681A600E4B1E6053
:100F8000BDE8F0813A463146BDE8F0410B48FFF735
:100F900037BE00BF5618061263A905125AAC0512D7
:100FA00060C7002090C700208CC7002079AE0512D2
:100FB00064C7002088C7002084C700207EAE0512C9
:100FC0002DE9F74F044688B328F092FE0546FFF757
:100FD00045F848B167496848FFF712FE4FF4B1720F
:100FE00064496648FFF7D4FE2846654D28F0C8FDE1
:100FF00003342B6824F00304A34217D30C2C38BF0E
:101000000C244FF0FF315F48FEF7E0FADFF8A0C193
:101010005D4ADCF800301068D5F800B0191AABEB67
:101020000407B94204D35748FEF78CFB002676E04C
:1010300045186E886A68002E40F09980561AA6F10D
:10104000100AA245C0F09380DFF868E1DFF83C8128
:10105000DEF80020D8F80090019204F11C029245BD
:1010600004F110075FD34FF4F55601EB070840F881
:1010700008606E6800EB080ACAE901610121C5F841
:1010800004806980DAF80410019A0BF11006B1426D
:1010900002F1100218BF0918224418BFC1F80880D5
:1010A0004A45CEF8002001D938490A603849394EFE
:1010B0000A68EC6022440A6031688A4288BF326064
:1010C0004FF4F552AB42344E2A8037D0334B1A6876
:1010D000AA424AD32B48FEF735FB33682F44BB4264
:1010E00005D24FF4F67223492D48FFF751FEAA07A7
:1010F00005F110060DD040F2ED121E492948FFF708
:1011000047FEAB0705D04FF4F7721A492648FFF7A0
:101110003FFE264B1B6813B12146304698473046A8
:1011200003B0BDE8F08F0121019A698016444E4555
:10113000CEF8006088BFC8F80060B7E700223168C9
:10114000B3F802E0BEF1000F08D1002ABED0CCF8FF
:101150000030BBE75B6801220344F1E79942F9D113
:10116000002AB3D0CCF80010B0E71D60B2E71146FA
:1011700057E700BF3E18061263A905125AAC0512C4
:1011800060C7002064C7002090C7002058C7002017
:1011900054C7002050C700208CC7002084C70020FF
:1011A000B8AE0512FDAE051247AF051298C7002074
:1011B00088C700205CC7002038B501FB00F5284631
:1011C000FFF7FEFE044618B12A46002128F00CFD68
:1011D000204638BD70B50446002800F0A48028F0F1
:1011E00087FD0546FEF73AFF48B14F494F48FFF7E4
:1011F00007FD40F2AE224C494D48FFF7C9FD284695
:1012000028F0BEFCA30705D04FF42C72464949488C
:10121000FFF7BEFD484E33689C4203D3474B1B6823
:101220009C4205D340F2B1223F494548FFF7B0FD4B
:10123000444B1B680BB12046984733689C4272D3DD
:101240003E4B1B689C426ED24FF0FF313E48FEF78A
:10125000BDF934F80E3CA4F1100523B134F8103C6C
:10126000B3F5F55F1ED03948FFF7CAFC34F8103CDF
:10127000294634F80E2C3648FFF7C2FC34F80E3CF1
:101280002BB94FF4347228493248FFF781FD34F806
:10129000103CB3F5F55F05D040F2D12222492E482B
:1012A000FFF776FD326854F80C3CD35AB3F5F55F7E
:1012B00005D040F2D3221C492848FFF769FD0023DE
:1012C00024F80E3C4FF4F55324F8103C244B2549E8
:1012D0001A68954238BF1D600B6832689D4208D17C
:1012E000002602E001269B6813445888B8B106B175
:1012F0000B601D4954F80C0C0B68AA1A1B1A1344F6
:101300001A4A0B60136854F8041C28465B1A1360D1
:10131000FFF7A8FDBDE870400B48FEF713BA9342F3
:10132000E0D10860E5E770BD2018061263A9051238
:101330005AAC051277AF051290C700208CC7002069
:10134000A8AF051294C7002064C7002004B005129E
:101350001FB005124FB0051259B0051272B0051238
:1013600088C7002084C700205CC7002054C7002025
:101370002DE9F04105460C4628F0BAFC0646FEF77A
:101380006DFE48B140494148FFF73AFC4FF40772FF
:101390003D493F48FFF7FCFC30463E4E28F0F0FB4D
:1013A0000334336824F00304A34203D334B928463A
:1013B000FFF710FF00263046BDE8F08125B9204632
:1013C000BDE8F041FFF7FCBD4FF0FF313248FEF7BA
:1013D000FDF8324B1B68AB4203D8314A1268AA426F
:1013E00004D82D48FEF7AEF92E46E4E755F80C1C5C
:1013F000A5F11007FF1A1039A1EB07084445F0D0FA
:1014000004F11C0242452BD2DFF89CC0E219DCF843
:101410000000511A0844CCF80000DFF890C01032E8
:10142000DCF8000008444FF4F551995055F80C1CB5
:10143000CCF800009818C0E9011745F80C2C45F8C5
:10144000044C3168446810318C421CBF1B199A60EF
:10145000144B1A68824288BF1860FFF703FDC0E78B
:101460000D48FEF76FF92046FFF7AAFD0646002853
:10147000A1D044452246294628BF4246FEF7CAFF6E
:101480002846FFF7A7FE96E73318061263A9051250
:101490005AAC051260C7002064C7002090C7002026
:1014A0008CC7002088C700205CC7002054C70020DC
:1014B0000023024605480178914205D00133092BEB
:1014C00000F11000F7D10020704700BF589B0020AA
:1014D0002DE9F843044608460E469146FFF7E8FF1B
:1014E000054628B940F20F121A491B48FFF750FC75
:1014F0002F4600F019FA57F8048F47451CD166F0C3
:101500007F0600F01FFA0822494620462672FEF7A1
:10151000F3FF124B1B680BB12046984728F0E8FBFD
:101520006A6804F10C0353606A68E2606B602761CB
:10153000BDE8F84328F024BBA8F10C039C4205D178
:1015400040F21D1203490648FFF722FCD8F800803C
:10155000D3E700BFF918061202A90512ACC7002094
:10156000B1B0051210B5044628B940F249120D4930
:101570000D48FFF70DFC0D4B1B680BB1204698473B
:101580000023237228F0B4FBD4E903124A60E16817
:1015900004F10C031160C4E90333BDE8104028F0E6
:1015A000EFBA00BFE8180612BFB00512A8C70020A6
:1015B000F8B506460F4628F09BFB0446FEF74EFDA5
:1015C00048B11E491E48FFF71BFB4FF4B6721B497A
:1015D0001C48FFF7DDFB204628F0D2FA3046FFF723
:1015E00067FF044628B94FF4B87214491648FFF74C
:1015F000CFFBE068FFF7E4FC0546E8B10021E268B4
:1016000028F0F2FA002308226B72394628462E721F
:10161000FEF772FF0D4B1B680BB12846984728F068
:1016200067FB626805F10C0353606268EA6044F886
:10163000043F2C6128F0A4FA2846F8BDD5180612FC
:1016400063A905125AAC051202A90512ACC7002005
:1016500010B5044628B94FF4D57213491348FFF763
:1016600097FB94F90830002B05DA40F2AB120E49D3
:101670000F48FFF78DFB0F4B1B680BB120469847B7
:101680000023237228F034FBD4E903124A60E16896
:1016900004F10C031160C4E9033328F071FA204609
:1016A000BDE81040FFF796BDC4180612BFB0051282
:1016B000D1B00512A8C7002010B5044628B94FF4D0
:1016C000E67204490448FFF763FB94F90800C00F71
:1016D00010BD00BFAA180612BFB0051210B504460F
:1016E00028B940F2DF1204490448FFF751FB207A81
:1016F00000F07F0010BD00BF97180612BFB00512A2
:1017000010B5044620B94B2211491248FFF740FB9F
:10171000A36A1A78232A06D1E2699A4203D9E16AB8
:1017200019448A4209D921460B48FFF769FA03F0A8
:10173000B1FB28F0DDFA48B1FEE720339A4205D824
:101740002146BDE810400548FFF75ABA10BD00BF5A
:101750003C190612FAB005120CB1051226B1051299
:1017600000230B4A13800B4A0133202BC2E90022CD
:1017700002F10802F8D11F22074B1A700023074A12
:101780001360074A1360074BC3E90033704700BF7B
:10179000C8C80020C8C70020C0C70020C4C7002098
:1017A000BCC70020B4C7002008B5084B1868FFF775
:1017B000CBFA074B013853F83000064BA0F1140266
:1017C0001A600830BDE8084028F08AB9BCC700207C
:1017D000C8C70020C4C70020F8B528F089FA1A4B02
:1017E0000646B3F9003033BB184B186818B3FFF73F
:1017F000ABFA174B013853F83050164BA5F11407CC
:101800001C68BC4217D01F60134B144A1B68107031
:1018100013B13946204698472046FFF771FF3846F6
:10182000FFF76EFF0E4B05F108011B7804F11C0059
:1018300033B928F011FA3046BDE8F84028F0A0B9D5
:1018400028F0B6F9F7E700BFC8C80020BCC70020E1
:10185000C8C70020C4C70020B0C70020C0C70020F0
:10186000B0C6002010B5044628B940F22312124930
:101870001248FFF78DFA28F03BFA94F8343094F8C8
:10188000351023F00F0343F0010384F834300C4B80
:1018900004F1140203EBC10359680A605968A1619D
:1018A0005A60084A63611168A36B0B431360BDE87B
:1018B000104028F065B900BF22190612FAB00512CF
:1018C000C8C70020BCC7002010B5044628B940F2A4
:1018D000511211491148FFF75BFA28F009FAD4E9CF
:1018E00005124A60616904F114031160C4E905330B
:1018F00094F835200A4B03EBC20153F832308B4287
:1019000005D1084AA16B136823EA01031360BDE8FF
:10191000104028F035B900BF08190612FAB00512B8
:10192000C8C70020BCC7002008B528F0E1F9044A68
:10193000138801331380BDE8084028F021B900BFA7
:10194000C8C8002008B528F0D3F90B4A1388013B1A
:101950001BB2002B13800ADC0023138028F010F93F
:10196000064B1B683BB1BDE80840FFF735BFBDE83B
:10197000084028F005B908BDC8C80020C4C7002029
:10198000014B1888704700BFC8C8002010B5044636
:1019900028B940F2F12217491748FFF7F9F994F8EE
:1019A000343003F00F03022B05D040F2F22211492C
:1019B0001248FFF7EDF92046FFF790FE012805D009
:1019C00040F2F3220B490E48FFF7E2F9D4E9051281
:1019D0006FF0010323634A60616904F11403204638
:1019E0001160C4E90533FFF73DFFBDE81040FFF784
:1019F000F3BE00BF56190612FAB0051262B1051205
:101A00009CB1051238B5144B1C6828F071F90546D5
:101A10002046FFF759FF042304F14C0084F83430CA
:101A200000F024FB2046FFF747FE01280BD1E36FAF
:101A30004BB92046FFF796FD284628F0A1F8BDE8EF
:101A40003840FFF7C9BE054B04F1140219681A604B
:101A50004A606161A361EFE7C4C70020B4C70020FA
:101A6000014B1868704700BFC4C7002010B504467A
:101A700028B94FF4D2721A491A48FFF789F920465B
:101A8000FFF72CFE012805D040F2A5121449164894
:101A9000FFF77EF92046FFF70FFE28B14FF4D3720F
:101AA0000F491248FFF774F994F834301B0702D03D
:101AB0002046FFF709FF04F14C0000F0D7FA042399
:101AC00084F8343028F014F9094B04F11402196831
:101AD0001A604A606161A36128F052F8002010BDCD
:101AE000AD190612FAB005129CB10512DEB105124D
:101AF000B4C7002038B528F0FBF8144B02461B6829
:101B000093F8341001F00F0101291BD1D3E90554DA
:101B1000A54217D06C605A6903F11401226093F852
:101B20003540C3E905110A4A02EBC402546821603A
:101B300054689C6151605A6128F022F8FFF74CFE0E
:101B4000002038BD104628F01BF8F9E7C4C7002074
:101B5000C8C7002038B5044628B940F296221F496C
:101B60001F48FFF715F92046FFF7B8FD012805D0FB
:101B700040F2972219491B48FFF70AF91A4B9C4279
:101B800005D140F29A2215491848FFF701F994F857
:101B9000343003F00F03012B1CD128F0A9F80546BF
:101BA00094F83430204623F00F0343F0020384F806
:101BB0003430FFF789FE04F14C0000F07FFB28462B
:101BC00027F0DEFF0A4B1B680BB9002038BD20460A
:101BD0009847FAE74FF0FF30F8E700BF791906128F
:101BE000FAB005129CB105122CC6002019B20512DC
:101BF000D4C80020F7B5019028F07AF83C4F04468D
:101C00003B684BB93B493C48FEF7FAFF40F2FB12F8
:101C100038493A48FFF7BCF828F06AF80546FFF75C
:101C2000AFFE48B133493648FEF7EAFF40F2FB12F7
:101C300030493248FFF7ACF8284627F0A1FF28F0DA
:101C400057F80546FEF70AFA48B12A492D48FEF72B
:101C5000D7FF40F2FB1227492848FFF799F828469A
:101C600027F08EFF204627F08BFF28F041F83C68D4
:101C700006462CB940F201221E492348FFF788F896
:101C80002046FFF72BFD012805D040F2022219491A
:101C90001E48FFF77DF804F14C052046FFF75AFF78
:101CA000002101AA284600F03FFB284600F086FAF2
:101CB000304627F065FF28F01BF80128054609D1BA
:101CC0000C491348FEF79CFF40F20E2209490B48CD
:101CD000FFF75EF8284627F053FFFFF77DFD236BE3
:101CE0000020023304BF0023236303B0F0BD00BF14
:101CF000C4C700209D1906125FAA05125AAC05122E
:101D000096AA051263A90512FAB005129CB1051234
:101D1000C2AA051208B5FFF76DFF002008BD08B57F
:101D2000FDF77EF8FFF766FF002008BD38B50446D2
:101D300028B94FF431721B491B48FFF729F8204698
:101D4000FFF7CCFC012805D040F2C5221549174801
:101D5000FFF71EF894F8343003F00F03022B1DD167
:101D600027F0C6FFD4E9051205464A60616904F10F
:101D70001403116004F14C00C4E9053300F09EFA2D
:101D8000284627F0FDFE2046FFF76CFD084B1B6838
:101D90000BB9002038BD20469847FAE74FF0FF30D6
:101DA000F8E700BF68190612FAB005129CB10512D7
:101DB000D0C8002010B5044628B94FF48A721649DD
:101DC0001648FEF7E5FF94F834301B0705D040F2C3
:101DD000151211491248FEF7DBFF2046FFF77EFC83
:101DE000012805D04FF48B720B490E48FEF7D0FF47
:101DF000012394F8362020469340A363022384F8FD
:101E0000352084F83430FFF791FF074B1B680BB186
:101E1000FFF7E2FC002010BDBE190612FAB0051251
:101E200029B205129CB10512C4C70020F8B50D46B1
:101E30001646044628B940F247221E491E48FEF7BE
:101E4000A7FF2046FFF74AFC012805D04FF4127285
:101E500018491A48FEF79CFF012D27D0022D02D009
:101E600005B30020F8BD27F043FF94F8345007462F
:101E700005F00F05012D0ED12046FFF725FD337823
:101E800020469D4084F83530A563FFF7EBFC3846CB
:101E900027F076FEE5E701233278934084F8352079
:101EA000A363F4E72046FFF785FFDAE72046FFF754
:101EB000DDFDD6E78B190612FAB005129CB10512AA
:101EC000F7B504461846089B04F11407C4E9081244
:101ED000C4E90A031A462321C4E905779DF8245072
:101EE0000A9E27F081FEE26AA16A043A0A44184B6E
:101EF000D4E9080100F0AAFCA16AE06100F0C6FC88
:101F00001F2D04D99C2213491348FEF741FF0023DB
:101F1000C4E91166C4E91F33A363236384F8343032
:101F200084F8365084F835502146CDE900330B4A09
:101F3000234604F14C0000F075F8094B1B6823B1EF
:101F4000204603B0BDE8F040184703B0F0BD00BF25
:101F5000051A0412D019061260B205128D19041266
:101F6000CCC80020F0B50E4685B0014601201746CA
:101F70001D46FFF71DFB044638B12846FFF720F841
:101F8000034630B92046FFF763FB0024204605B026
:101F9000F0BD0B9A314602929DF828202046CDE9EB
:101FA00000523A46FFF78CFFF0E700002DE9FF41B1
:101FB000DDF828800F4615461E46044620B9EC225F
:101FC00010491148FEF7E4FEB8F1000F04D1ED22EC
:101FD0000C490E48FEF7DCFE3A4620460121FFF789
:101FE00077FA0D9B204602939DF8303032460193DC
:101FF0000B9B294600934346FFF762FF002004B085
:10200000BDE8F081E0190612FAB0051282B205129D
:10201000D0E905124A60416900F114031160C0E97A
:1020200005337047F8B50F4616461D46044620B9DD
:10203000DF220C490C48FEF7ABFE3A460A21204647
:10204000FFF746FA9DF81C30C4E9076523F0010349
:1020500063720023E362069BA36204F11403C4E9E4
:102060000533F8BD3D1A0612EC85051238B5044655
:1020700020B9F42214491548FEF78AFE2046FFF7DE
:102080002DFB0A2804D0F5220F491148FEF780FEE7
:102090002046FFF711FB20B9F6220B490D48FEF749
:1020A00077FE27F025FE05462046FFF7B1FF637A4D
:1020B000284623F00103637227F062FD2046FFF7F4
:1020C00051FA002038BD00BF2D1A0612EC8505120A
:1020D00099B20512D5B205122DE9E847DFF868A0DC
:1020E0000F46DAF800108146514515461E4605D0C8
:1020F000D0461439D8F80030534514D149460A2047
:10210000FFF756FA68B19DF82030C0E9077523F053
:10211000010343720023C0E90A6300F11403C0E91C
:102120000533BDE8E8870B6AAB4205D10822484673
:10213000FEF7E9F900B9FEE7D8F80080D8F80010FA
:102140008845DBD01439D5E770C9002038B504467E
:1021500028B94FF4A27215491548FEF719FE20461A
:10216000FFF7BCFA0A2805D040F245120F49114882
:10217000FEF70EFE2046FFF79FFA28B14FF4A37238
:102180000A490D48FEF704FE27F0B2FD0546204639
:10219000FFF73EFF637A284623F00103637227F0BE
:1021A000EFFC2046FFF754FA002038BD1D1A061236
:1021B000EC85051299B20512FFB20512F8B5044676
:1021C00028B94FF4B57233493348FEF7E1FD204694
:1021D000FFF784FA0A2805D040F26B122D492F48E8
:1021E000FEF7D6FD27F084FD06462046FFF710FFD8
:1021F000637A23F001036372294B1B6803B198478C
:102200006FF00043A26A9A4205D34FF4BD72214990
:102210002448FEF7BDFDFCF7E7FDA36A2249C2187A
:10222000637A6FF0004713F0040F204B18BF0B4682
:10223000E2625868194688421B6805D09D69AA4227
:10224000F8D0AD1ABD42F5D21948026801320260D9
:1022500004F114025A600B68304663610A60637AC5
:10226000A16143F00103637227F08AFC637A5B0784
:102270000ED5104B1B78012B0AD10F4890F8343043
:1022800003F00F03022B03D1FFF750FDFFF7A4FA71
:102290000020F8BD0E1A0612EC85051299B205123F
:1022A000A0C7002035B3051268C9002070C90020FE
:1022B000D8C80020E89B0020E4C8002038B50446B8
:1022C00028B94FF4F07214491448FEF761FD204616
:1022D000FFF704FA0A2805D040F2E1120E4910482F
:1022E000FEF756FD637ADB0713D50E4B1B680BB167
:1022F0002046984727F0FCFC05462046FFF788FE5D
:10230000637A284623F00103637227F039FC00202A
:1023100038BD4FF0FF30FBE7001A0612EC850512BE
:1023200099B205129CC7002070B50E4615460446AA
:1023300028B94FF4017214491448FEF729FD2046CC
:10234000FFF7CCF90A2805D040F205220E491048C3
:10235000FEF71EFD27F0CCFC032E05D8DFE806F0C3
:1023600008020B10A36A2B6027F00AFC002070BD46
:102370002B68A362F8E7637A23F002036372F3E742
:10238000637A43F00203F9E7EF190612EC850512B0
:1023900099B205122DE9F74F6E46CDE90066FCF7BC
:1023A00023FD054627F0A4FC8046DFF8A090DFF867
:1023B000A0A0DFF8A0B0D9F800404C4507D06FF0DE
:1023C0000042A369A4F11407EB1A934205D34046D7
:1023D00027F0D6FB03B0BDE8F08FDAF800300BB180
:1023E000384698473846FFF713FE14F80B3C9A0717
:1023F0005CBF23F0010304F80B3C009B5C6023608E
:102400006660D4E9023000949847FCF7EDFCDBF8F5
:10241000003005460BB138469847009BB342CAD0FE
:10242000D4E90023536022681A6014F80B3CC4E915
:10243000004403F00302032ABDD123F00103384610
:1024400004F80B3CFFF7BAFEB5E700BF70C90020E7
:10245000E0C80020DCC800202DE9F7436E46CDE936
:10246000006627F045FC0546DFF8B490294FD9F8FF
:1024700000404C4509D0FCF7B7FCA369A4F114084F
:10248000C01A6FF00043984205D3284627F078FB26
:1024900003B0BDE8F083204B1B680BB14046984762
:1024A0004046FFF7B5FD14F80B3C28469A075CBF81
:1024B00023F0010304F80B3C009B5C6023600023C5
:1024C00066603B70009427F05BFBD4E902309847CC
:1024D000124B1B680BB14046984727F009FC0123BB
:1024E0003B70009B0546B342C1D0D4E90023536042
:1024F00022681A6014F80B3CC4E9004403F003029C
:10250000032AB4D123F00103404604F80B3CFFF743
:1025100055FEACE7E89B0020E0C80020DCC80020A6
:1025200068C9002070B56FF000460F4D27F0E0FB42
:102530002B68AB420CBF4FF0FF349C6927F020FBA7
:10254000631C08D1FFF78CFAFFF704FBFFF744F98F
:10255000FFF782FFEAE7FCF747FC201AB042F7D208
:10256000FFF7D8FBF4E700BF68C90020014BC3E9BF
:102570000033704770C900201FB50C4B0A22C3E915
:1025800000330423CDE902324FF480630193084BFA
:10259000084A0093084900230848FFF707FD074849
:1025A00005B05DF804EBFFF705BC00BF68C900206B
:1025B000209000202525041258B30512E4C80020FD
:1025C00010B51C4C1C48FEF71BFB94F828101B4848
:1025D000FEF716FB94F82830DB0702D51848FEF703
:1025E0000FFB94F82830980702D51648FEF708FB31
:1025F000104C94F82830190702D51348FEF700FB59
:1026000094F82830DA0602D51048FEF7F9FA094B9B
:1026100093F828301B0608D5BDE810404FF0E023A2
:102620000B48D3F8341DFEF7EBBA0A48BDE810405A
:10263000FEF7E6BA00ED00E05EB3051271B30512D5
:1026400087B3051291B305129BB30512A6B3051209
:10265000AFB30512689D051270B504465D4B011DB0
:10266000DA6A5D4B00F12C051A605C4848220BF0D9
:10267000C9FA2368A16CD806594A4CBF04F14C032F
:1026800004F194038905136044BF043313600522E9
:10269000544B1A704FF0E022534BD2F8281D1960AA
:1026A000D2F82C1D5960D2F8341D9960D2F8381D2B
:1026B000D960D2F8242D1A614C4B1B68002B4BD1EA
:1026C0004B4804F19401FEF79BFAA16C4948FEF7D0
:1026D00097FAE16A4848FEF793FA216B4748FEF7FC
:1026E0008FFA616B4648FEF78BFAA16B4548FEF7FF
:1026F00087FAE1684448FEF783FA21694348FEF708
:102700007FFA61694248FEF77BFAA1694148FEF70A
:1027100077FAE1694048FEF773FA216A3F48FEF70D
:102720006FFA616A3E48FEF76BFAA16A3D48FEF710
:1027300067FAE16B3C48FEF763FA216C3B48FEF711
:102740005FFA616C3A48FEF75BFA23685A0708D4CF
:102750003848FEF755FA0AE0284698470028AFD1D6
:1027600070BDFFF77DF901463348FEF749FA33485B
:10277000FEF746FAEFF30981EFF308823048FEF7DF
:102780003FFAFEF78DFA2368DB0602D42D48FEF7E8
:1027900037FA00232C49C1F88430BFF34F8F43F63A
:1027A000E074D1F88030C3F3C900C3F34E335B014A
:1027B000024603EA040646EA8275013AC1F86C5201
:1027C000F9D2203B13F1200FF2D1BFF34F8FBFF3AB
:1027D0006F8FC5E700000C5078C9002098C9002011
:1027E00094C9002090C900207CC90020E0C90020C5
:1027F000BFB30512CCB30512D9B30512E6B3051267
:10280000F3B3051200B405120DB405121AB4051283
:1028100027B4051234B4051241B405124EB40512A2
:102820005BB4051268B4051275B4051282B40512C2
:102830008FB40512B9B405129CB40512D3B40512B5
:10284000EAB4051200B5051200ED00E0043222F0F2
:10285000070270B50446A2F1480005460A4E45F845
:10286000046BAA42FBD142F8201C002142E9033448
:102870004FF0807342E9071142E9051142E9121154
:1028800042F8043C70BD00BFEFBEADDE4160704752
:10289000014B1860704700BFE0C900204FF0E024F2
:1028A00008B5FFF7D9FED4F82C3D9B0702D54A485E
:1028B000FEF7A6F9D4F82C3D5C007FD5474C94F880
:1028C0002930002B38D04648FEF79AF9454894F84D
:1028D0002910FEF795F994F82930D80702D5424817
:1028E000FEF78EF93D4C94F82930990702D53F4800
:1028F000FEF786F994F829305A0702D53C48FEF7CE
:102900007FF9364C94F829301B0702D53948FEF779
:1029100077F994F82930D80602D53748FEF770F9D0
:102920002E4B93F82930190652D54FF0E023334847
:10293000D3F8381DFEF764F9284C94F828300BB111
:10294000FFF73EFE638D9BB2002B37D02C48FEF77D
:1029500057F9618D2B4889B2FEF752F9638DDA077A
:1029600002D52948FEF74CF91C4C638D9B0702D514
:102970002648FEF745F9638D5C0702D52448FEF72B
:102980003FF9164C638D180702D52248FEF738F937
:10299000638DD90602D52048FEF732F90F4C638DBE
:1029A000DA0502D51D48FEF72BF9638D9B0502D58C
:1029B0001B48FEF725F91B48FEF722F94FF0E023EC
:1029C000D3F82C3D002B02DA1748FEF719F9FEE781
:1029D0001448FEF715F9AFE70EB5051200ED00E05B
:1029E00023B505122FB5051245B5051250B50512D0
:1029F0004EB505129CB30512A7B305125BB50512BF
:102A00006BB5051279B505128FB505129BB5051288
:102A1000A5B50512ACB50512B2B50512B9B50512CA
:102A2000C4B50512689D0512CFB5051208B5FFF7AC
:102A300013FEFFF7C5FDFEE770B5394B04461A7863
:102A4000002A45D10122374D01461A7000F14C038E
:102A5000482235482B600BF0D5F83448FEF7D0F803
:102A6000EFF30981EFF308823148FEF7C9F82F48E8
:102A7000FEF7C6F829682F48FEF7C2F8616C2E48A9
:102A8000FEF7BEF8A16A2D48FEF7BAF8E16A2C48B5
:102A9000FEF7B6F8216B2B48FEF7B2F8616B2A48B7
:102AA000FEF7AEF8A16B2948FEF7AAF8E16B2848BB
:102AB000FEF7A6F8216C2748FEF7A2F81B48FEF7A0
:102AC0009FF8FDF7CBFA20B12348FEF799F806E00E
:102AD000FEE7FEF7C5FF01462048FEF791F8002308
:102AE0001F49C1F88430BFF34F8F43F6E074D1F82B
:102AF0008030C3F3C900C3F34E335B01024603EADF
:102B0000040646EA8275013AC1F86C52F9D2203BBC
:102B100013F1200FF2D1BFF34F8FBFF36F8F70BD52
:102B200090C9002094C9002098C90020D3B4051290
:102B3000EAB40512BFB30512CCB30512D9B305121E
:102B4000E6B30512F3B3051200B4051275B405120D
:102B500082B405128FB40512F7B50512DCB5051263
:102B600000ED00E070B5FEF7DFFE2048FEF748F804
:102B70001F48FEF745F800251E4E3368AB4203DCC4
:102B8000FEF7E0FE002070BD736853F82540ECB1FD
:102B90002369DBB129461848FEF732F86388032B16
:102BA0001CD8DFE803F01517021914491448FEF782
:102BB00027F8A1681348FEF723F821881248FEF78A
:102BC0001FF8616869B11148FEF71AF80135D4E7BA
:102BD0000F49EBE70F49E9E70F49E7E70F491048CD
:102BE000E5E71048FEF70CF8F0E700BF0BB605125A
:102BF00027B60512F4C9002044B6051249B60512DD
:102C00004DB60512D9BE051276B6051288C005125A
:102C100055B605125AB6051261B6051266B605120A
:102C20006EB60512689D051237B51A4D2C682CB189
:102C30001948FDF7E5FF002003B030BD174B2022F7
:102C400021461748C3E9004427F04AF8154B2246AD
:102C500015491648C3E90044FCF7DEFD2146FF2272
:102C6000134827F03DF82F23114A02F8013C01F0E8
:102C7000DDFA234620460F4A0F49009400F0EAFD92
:102C800028B90E48FDF7BCFF01232B60D3E70C48A1
:102C9000F8E700BFF0C900207DB6051240CA002049
:102CA00020CA0020F4C9002090B60512FCC90020FB
:102CB000EA9B002097B605129DB60512A2B6051232
:102CC000B5B6051208B54FF0FF310748FCF7F2FD25
:102CD000C31DF8D030B1BDE808406E220349044856
:102CE000FEF756B808BD00BFFCC90020651A0612E1
:102CF0005AAC05120148FCF7B3BE00BFFCC9002066
:102D0000F8B52B4DFFF7DEFF2B6800241E466868E0
:102D10009C42274602DBA3422BD108E050F8242036
:102D20001AB192680AB10134F2E7A3420FD10F2C15
:102D30000DD8261D102EA8BF1026B100FEF718FBD7
:102D4000B8B100222B689E4225DCC5E90060A6428E
:102D50000FDD6E6856F824305BB924210120FEF7A0
:102D60002BFA46F824006B6853F824300BB92F680F
:102D70003C462B68BB4212D10E48FDF741FF0E487E
:102D8000FDF73EFF0D48FDF73BFF6FF00304FFF733
:102D9000B1FFE01CF8BD40F823200133D3E7012246
:102DA0006B6853F827309A604FF6FD521A80EEE7B1
:102DB000F4C90020C5B60512CEB60512689D0512ED
:102DC000022838B501D805F091F8C41E10D40D4D75
:102DD0002B68A3420CDDFFF775FF6B6853F82440A6
:102DE00024B14FF6FD5322889A4204D0FFF782FFA8
:102DF0000024204638BDA3680133A360FFF77AFFA3
:102E0000F7E700BFF4C9002070B5054628B94FF4B4
:102E1000807210491048FDF7BBFFFFF753FFAC6805
:102E2000013CAC607CB90D4ED6E90032A3420ADD0C
:102E300052F82410A9420AD12846FEF7CBF9002205
:102E4000736843F82420BDE87040FFF753BF013496
:102E5000ECE700BF5E1A061207B70512F4C900209E
:102E600038B50C460AF044FF054620460AF040FFFC
:102E7000854207D0635D60192F2B02D0844200D0B9
:102E8000013838BD0020FCE7F7B506460D4629B9E4
:102E900040F27F1242494348FDF77AFF424B002E31
:102EA00008BF1E462B782F2B33D030460AF020FF68
:102EB000044628460AF01CFF20440230FEF780F842
:102EC000044660B330460AF013FF074628460AF06E
:102ED0000FFF391833462046344A00950231FDF77A
:102EE0005DFE2346224619782E2902D15978D1B9A0
:102EF000013313F8011B104600293ED02F2902F19F
:102F000001022FD10170194613F8010B2F28FAD0B6
:102F100011E02846FDF73BFB04460028E1D10024E0
:102F2000204603B0F0BD2F2907D102331946087897
:102F300001332F28FAD00B46D5E72E29D9D199781D
:102F400039B9991C531E9C420FD92046FEF742F90D
:102F5000E5E72F29CDD103331946087801332F280F
:102F6000FAD0EFE702F8011CC3E7A3421A46E2D009
:102F700013F8010D2F28F8D1DDE7134603F80119E6
:102F80009C4205D012F8013C2F2B08BF02F8011C0F
:102F90002378002BC4D12F2263702270C0E700BFBA
:102FA0004B1A061212B70512E99B002023B705122F
:102FB00001462DE9F0470020FFF766FF044630B1D7
:102FC00000F008FC064628B92046FEF703F94FF04A
:102FD000FF352AE0406803782F2B01D1437873B185
:102FE0000AF086FE04EB00080027FFF76BFE114B8A
:102FF000D3E9009AB94504D1FFF77CFEE4E7A04687
:10300000F2E75AF827309BB11A698AB1586878B14B
:10301000DB68B3420CD141460AF0B8FC054638B92A
:103020002046FEF7D7F8FFF765FE2846BDE8F08793
:103030000137DFE7F4C90020F8B517460446002839
:1030400053D00020FFF720FF0646002850D000F0A4
:10305000C1FB054630B93046FEF7BCF86FF00105FC
:103060002846F8BDE06083689B6823610023C4E9BB
:103070000573C4E90730638083685B68D9071AD495
:1030800031464068FFF7ECFE80B91B48FDF77FFA38
:1030900060603046FEF79EF823691D686DB9606870
:1030A000FEF798F865606FF05705D9E73146686814
:1030B000FFF7D6FEEAE76660EEE72046A847051E62
:1030C00005DA6068FEF786F800236360C8E7636985
:1030D00043F080726261BA0201D40025C0E7022287
:1030E00043F0407362806361F7E76FF01505B7E75F
:1030F0006FF00B05B4E700BFC081051238B5054677
:1031000060B103695C6814B1A047041E04DB686801
:10311000FEF760F800236B60204638BD6FF00504B1
:10312000FAE710B5044650B10369DB6853B198471C
:10313000002803DA636943F08063636110BD6FF0B8
:103140001500FBE76FF05700F8E7000010B50146E7
:10315000044696B000221048FFF76EFF50B121469A
:103160000E4816B0BDE81040FDF74ABD0C4801A955
:10317000FDF746FD5122002101A826F0B1FD5022A5
:10318000054801A9FFF7CDFF0028EFD10248FFF75E
:10319000B5FF16B010BD00BF4CCB002029B70512FB
:1031A000B99F051210B440B14488022C05D10369BF
:1031B000DB693BB15DF8044B18476FF015005DF813
:1031C000044B70476FF05700F9E70000014670B5F7
:1031D0000020FFF759FE054678B300F0FBFA0446DD
:1031E00010B32846FFF7E4FE08B3A268D3690BB317
:1031F00052682946D20714D46068FFF731FEA368ED
:10320000DE6940B90E492046B04704462846FDF71E
:10321000E1FF204670BD29466068FFF721FE0146A8
:10322000F1E720469847F0E76FF00104EEE76FF012
:103230000F04EBE76FF05704E8E76FF01504E8E7D9
:10324000C081051210B50446FFF7C0FF002805DA5B
:103250002146BDE810400248FDF7D2BC10BD00BFBA
:1032600039B7051218B103691B691BB118476FF014
:10327000150070476FF057007047000070B50646A4
:103280008AB04FF480500D46FDF79AFE044628B9E7
:1032900020480AB0BDE87040FDF7B2BC00223146BC
:1032A00001A8FFF7C9FE40B12046FDF793FF314664
:1032B0001948FDF7A5FC0AB070BD40F2012229466D
:1032C0001648FFF7B9FE40B12046FDF783FF01A87D
:1032D000FFF714FF29461248EBE74FF480522146CE
:1032E00001A8FFF71EFF051E0ADD21462A460B48EE
:1032F000FFF7B8FF85420146EFD00A48FDF780FC92
:1033000001A8FFF7FBFE0548FFF7F8FE2046FDF792
:1033100061FFD0E74BB705125AB705124CCB00201E
:103320006AB705127BB7051210B5044638B10369B8
:103330009B693BB19847002800DBE06110BD6FF04E
:103340001500FBE76FF05700F8E70000F8B50E46F0
:1033500001460020FFF798FD054600284FD000F0F9
:1033600039FA044680B92748FDF74AFC2946264821
:10337000FDF746FC2548FDF743FC2846FDF72AFFEC
:103380006FF001042046F8BD2B782F2B0FD16B78FE
:103390006BB944F2FF130022736000230024C6E9D6
:1033A0000A23348034612846FDF714FFEAE72946F2
:1033B0006068FFF755FD0028EBD0A3681F6A77B956
:1033C0002846FDF707FF0F48FDF71AFC1048FDF7E8
:1033D00017FC0E48FDF714FC6FF05704D2E75B684A
:1033E000DB0705D5324629462046B8470446DAE7CA
:1033F00029466068FFF734FD32460146F4E74FF096
:10340000FF34BFE7C5B605129DB70512689D0512CA
:10341000CBB7051270B5054696B030B92948FDF70F
:10342000B6F8044610B916B070BD04464FF4001249
:1034300021462548FFF700FE00283FD121462348BA
:10344000FDF7DEFB4FF482720021214826F048FC94
:103450004FF482721E491C48FFF7A4FE002824DDA9
:1034600058220021684626F03BFC20461949FFF708
:103470000BFD0646C8B16946FFF768FF154990B9CC
:103480001548FDF7BDFB019B03F47043B3F5804F76
:1034900007BF1249124804991248FDF7B1FB3046A4
:1034A000FDF798FECEE71048F7E70748FFF726FE3E
:1034B000002DB8D12046FDF78DFEB4E70B48FDF78F
:1034C0009FFBF5E7E99B00204CCB0020F9B70512E4
:1034D00048CA00204CCA002008B805120EB80512D0
:1034E00014B805121BB8051223B8051231B805121D
:1034F0002DE9F041E2B006460F464FF400120146B6
:1035000001A8FFF799FD20B331463348FDF778FB5A
:1035100062B0BDE8F081384622A9FFF7B5FC054648
:1035200030B92E48FDF76CFB2046FDF753FE34E022
:103530000DF1280858220021404626F0D1FB4146D3
:103540002046FFF703FF014658B3254822A9FDF79F
:1035500057FB4FF48272002121A826F0C1FB4FF4E3
:10356000827221A901A8FFF71DFE002815DD1D4963
:1035700022A80AF00BFA0028EBD01B4922A80AF077
:1035800005FA0028E5D0304622A9FFF77DFC044665
:103590000028C0D11148FDF733FB01A8FFF7AEFDAD
:1035A000B6E7D8F8043003F47043B3F5804F0DD17B
:1035B000284600F0E3FA29462046FFF799FF204607
:1035C000FDF708FE2846FDF705FEC2E7294620461E
:1035D000FFF754FEF3E700BF44B8051254B80512D4
:1035E00064B8051280950512C59B051270B596B09A
:1035F0000D4669460446FFF7A9FE002805DA214674
:103600003148FDF7FDFA16B070BD019B694603F421
:103610007043B3F5804F284614BF02260126FFF7FA
:1036200095FE002807DB019B03F47043B3F5804F40
:1036300013D146F00406B30706F0040124D5F1B116
:103640002F21204609F052F978B1411C2846FFF796
:103650001BFC054658B91D4804E046F00806092E33
:103660000DD11B48FDF7CCFACDE72146EEE7014628
:103670002046FFF703FE2846FDF7ACFDC3E72946C9
:103680002046FFF7FBFDBEE7A9B12F21204609F038
:103690002DF970B1411C2846FFF7F6FB05460028BE
:1036A000D9D0002100F06AFA29462046FFF720FF12
:1036B000E1E72146EFE7284600F060FA2946204678
:1036C000FFF716FF9FE700BF7AB805124BB7051248
:1036D0008FB805122DE9F0410C4601460020FFF796
:1036E000D3FB064658B900256FF001043046FDF7BC
:1036F00071FD2846FDF76EFD2046BDE8F0812146AC
:103700000020FFF7C1FB05460028ECD0304600F052
:1037100061F80446284600F05DF8844217D1A3689A
:103720005F6ABFB15B68DB0704D52A463146B847FC
:103730000446DBE731466068FFF792FB2946804686
:103740006068FFF78DFB414602462046EFE76FF0C9
:103750001104CBE76FF05704C8E70000F8B5064640
:103760000324FFF7AFFA0025164F013C02D1D5B173
:103770002E6014E03A4657F8043B1BB9002D08BFF1
:103780001546F2E7316818680AF000F90028ECD114
:103790006FF01000FCF720FE2DB14FF0FF34FFF763
:1037A000A9FA2046F8BD6FF01B00FCF715FE06488D
:1037B000FDF726FA31680548FDF722FA0448FDF7BF
:1037C0001FFAEAE740CA0020C5B60512BBB80512C9
:1037D000689D05122DE9F047074620B956221A497F
:1037E0001A48FDF7D5FA0026FFF76CFAB046184DD7
:1037F00005F1200AD5F80490B9F1000F19D0AB6893
:10380000BBB148460AF074FAB042044611D30246EE
:103810003946484608F0FEFF58B9012C11D9384600
:103820000AF066FAA0420CD93B5D2F2B04BF264656
:10383000A84610355545DDD1FFF75CFA4046BDE896
:10384000F0872646A846F4E7F01A0612F0B80512EB
:1038500020CA00202DE9F04F8DB08A4691460646D9
:10386000019360B1FBF77AFB064640B96FF0120096
:10387000FCF7B2FD4FF0FF300DB0BDE8F08F504DBA
:10388000FFF720FA2C4654F8083B23B14946186844
:103890000AF07CF850B16B689BB1186849460AF091
:1038A00075F8484B1D1D002808BF1D46FFF722FA7A
:1038B000A542DBD02B680BB1DB6823B96FF0570052
:1038C000D6E7414DF2E751460020FFF7DDFA074603
:1038D00010B96FF01300CBE73C490AF057F898B1E4
:1038E00038463B490AF052F870B14FF4001239469D
:1038F00003A8FFF7A1FB002803DA3846FDF76AFCAE
:10390000E7E703A8FFF7FAFBFFF7DCF94FF0030B3B
:103910000024DFF8D080BBF1010B12D15CBB2D4B32
:10392000984528D16FF01B00FCF756FD2A48FDF79B
:1039300067F949462948FDF763F92948FDF760F919
:1039400013E0D8F808202AB9002C08BF444608F133
:103950001008E0E75146D8F804000AF017F80028EC
:10396000F5D16FF01500FCF737FDFFF7C3F93846C6
:10397000FDF730FC7EE72B686760A3602660FFF7E9
:10398000B9F966B103212068FBF75CFB38B1FFF79A
:1039900099F910220021204626F0A2F9E5E72B68CC
:1039A0002046DB68169A01999847002805DA002E10
:1039B000EDD02068FBF7A2FBE9E700205CE700BF41
:1039C00040CA002044CA002048CA0020C081051215
:1039D0009DB6051240CA0020C5B60512F5B80512FD
:1039E000689D051220CA00202DE9F04104460D46CD
:1039F00089B96FF01200FCF7EFFC2548FDF700F9DC
:103A000029462448FDF7FCF82348FDF7F9F84FF064
:103A1000FF30BDE8F0810846FBF7A0FA0646002813
:103A2000E7D01E4FFFF74EF93B68D3B12146186827
:103A300009F0ACFF0546A0B9FFF75CF957F825304F
:103A40005B690BBB1248FDF7DBF821461448FDF714
:103A5000D7F81148FDF7D4F86FF05700FCF7BCFC1D
:103A6000D5E77B6843B12146186809F08FFF18B984
:103A7000FFF740F90125E1E7FFF73CF90448FDF7BE
:103A8000BFF821460748BDE73046BDE8F04118477A
:103A9000C5B6051227B90512689D051240CA002057
:103AA00061B9051241B90512FFF79EBF10B50C466A
:103AB000FFF790FE30B183689B691BB12146BDE8DA
:103AC000104018474FF0FF3010BD0000F0B504461D
:103AD000274B89B093E8070008AB03E907002046AD
:103AE00002A9FFF7E3FF044638B12248FDF788F842
:103AF0004FF0FF34204609B0F0BD029E049DA6FBA6
:103B000005C74FEA9C2141EA8751BB12B1F5806F8E
:103B100073F1000328DB4FEA1C5343EA07333A15DD
:103B2000B3F5806F72F100024FF00A0011DAC1F3B1
:103B300009021946012382FB0020920ACDE90056B2
:103B400008A800EB830353F80C3C0B48FDF758F82A
:103B5000D0E7C3F3090383FB00304FEA9C719A0A54
:103B600041EA87010223E9E702460346E6E700BF90
:103B7000301B061296B90512AAB9051238B50546CA
:103B8000FFF7BEF8431C06D16FF00B00FCF724FCD6
:103B90004FF0FF3038BDFFF713F929460B4A0446B2
:103BA000FFF74AFA051E204606DAFFF72DF92046F0
:103BB000FFF72AF92846E9E7FFF7A0FA2046FFF7C2
:103BC00023F92046FFF720F90020E3E70002200058
:103BD0000EB478B50646FFF793F8051E0ADA6FF0C3
:103BE0000B00FCF7F9FB4FF0FF352846BDE87840A5
:103BF00003B07047FFF7E4F8044620B938220B49B8
:103C00000B48FDF7C5F831462046059AFFF714FA30
:103C1000061E204606DAFFF7F7F82046FFF7F4F80D
:103C20003046DEE7FFF7F0F8DFE700BF3C1B061287
:103C30006F98051238B5FFF7C3F8044630B96FF036
:103C40000800FCF7C9FB4FF0FF3038BDFFF756FA0C
:103C500005462046FFF7D8F8002D01DA2846F0E7A0
:103C60002046FFF7D1F80020EFE770B50C46164666
:103C7000FFF7A6F8054638B96FF00800FCF7ACFB73
:103C80004FF0FF34204670BD21463246FFF749FA17
:103C9000041E284603DAFFF7B7F82046EEE7FFF7E1
:103CA000B3F8EFE770B50C461646FFF789F80546FE
:103CB00038B96FF00800FCF78FFB4FF0FF34204657
:103CC00070BD21463246FFF7CDFA041E284603DABE
:103CD000FFF79AF82046EEE7FFF796F8EFE770B5A2
:103CE0000C461646FFF76CF8054638B96FF0080029
:103CF000FCF772FB4FF0FF34204670BD012E07D059
:103D0000022E0BD036B1FFF77FF86FF01500EFE70A
:103D1000C3691C44002C03DA2846F4E78369F8E7FA
:103D200021462846FFF700FB061E284603DAFFF768
:103D30006BF83046DCE7FFF767F8DDE708B5FFF71B
:103D4000C9FC002804DAFCF747FB4FF0FF3008BD40
:103D50000020FCE708B5FFF739FA002804DAFCF781
:103D60003BFB4FF0FF3008BD0020FCE770B5054677
:103D7000FEF7C6FF431C064605D16FF00B00FCF7AB
:103D80002BFB002518E0FFF71BF829464FF4001223
:103D90000446FFF751F9051E17DB4FF40370FDF7DA
:103DA0000FF9054650B92046FFF7A8F92046FFF75E
:103DB0002BF82046FFF728F8284670BD4FF4037211
:103DC000002125F08DFF2E60F3E72046FFF71CF859
:103DD0002046FFF719F82846D1E7F8B504460068F1
:103DE000FEF7EEFF054628B96FF00800FCF7F4FA7D
:103DF0000020F8BDD4F80422261D62B940F2FF125B
:103E000031462846FFF7CEF9071E14DC2846FEF798
:103E1000FBFF3846EAE7D4F808126318DB880B4446
:103E20009A42C4F80832E9DD2846FEF7EDFFD4F8DF
:103E300008023044DDE70023C4F80472C4F80832F5
:103E4000F2E738B504460068FEF7BAFF054628B920
:103E5000BDE838406FF00800FCF7BEBA0021FFF75C
:103E600063FA0028A4BF0023C4E981332846BDE8D3
:103E70003840FEF7C9BF70B506460068FEF7A0FFE0
:103E8000044630B96FF00800FCF7A6FA4FF0FF3097
:103E900070BDFFF733F905462046FEF7B5FF204613
:103EA000FEF7B2FF3046FDF795F9002D01DA2846FE
:103EB000EAE70020ECE7000010B5044648B9FEF739
:103EC00001FF19491948FCF79BFEFEF713FF00207C
:103ED0000AE009F00DFFB0F5807F06D96FF01300FE
:103EE000FCF77AFA4FF0FF3010BD21460020FEF7B4
:103EF000CBFF04460028F1D0FEF7E4FE2046FFF792
:103F000035FF28B92046FDF765F9FEF7F3FEE9E72E
:103F1000FFF7B1FF4FF480722146034808F0B4FC6C
:103F20002046FDF757F9D0E7E99B002088C005122D
:103F300038B504460D46FEF7C5FE2A46034920461D
:103F400008F0A2FCFEF7D6FE204638BDE99B002013
:103F5000002070470020704770B50D461646044695
:103F600020B9252208490948FCF712FF246A24B920
:103F7000292205490648FCF70BFF32462946204610
:103F8000BDE87040FBF75CB9E31B0612E9B9051206
:103F9000F9B90512F8B50D461646044620B938227F
:103FA0000A490B48FCF7F4FE276A27B93C22074967
:103FB0000848FCF7EDFE33462A463846E169FBF730
:103FC000CFF8E3690344E361F8BD00BFD01B0612DC
:103FD000E9B90512F9B90512F8B50D4616460446B9
:103FE00020B94A220A490B48FCF7D2FE276A27B9B2
:103FF0004E2207490848FCF7CBFE33462A4638468E
:10400000E169FBF7E5F8E3690344E361F8BD00BF4C
:10401000BC1B0612E9B90512F9B9051238B50446F8
:1040200020B95C2210491148FCF7B2FE6388256A6A
:10403000022B0AD125B963220B490D48FCF7A8FED3
:104040002846FDF7C7F8002038BD25B96C2206497F
:104050000848FCF79DFE2846FBF750F808B9206297
:10406000F1E76FF00400EFE7A81B0612E9B90512AB
:104070000BBA0512F9B9051210B50B7814462F2B9F
:104080000CD14B7853B9138044F2FF1262600022C6
:10409000236100230020C4E90A2310BD481CFAF75D
:1040A0005DFFC0B1002323804FF4DB736360027DAA
:1040B0005AB1012A0CD041F2B61348F2B6110F2AB8
:1040C00018BF0B4663600023E1E742F2B613F9E73D
:1040D00046F2B613F6E76FF00100DEE72DE9F04196
:1040E0000446406803782F2B3AD14378002B37D110
:1040F00063699B0234D5FDF717FC0920FDF7D8F959
:10410000064620B98E2227492748FCF741FE37464C
:104110004FF0000857F8043F9F420CD108F102000D
:104120008000FCF74DFF054648B9FDF70BFC256202
:104130000020BDE8F0811B6808F10108ECE700F100
:10414000080303600023A0F806808380726897420A
:10415000EBD02968A2F10C00C85012680433F6E7CE
:104160000130FAF7FBFE0546C0B1C36B73B12361A2
:1041700020621B682BB1204698470028D8D0063013
:10418000D6D000236FF004002362D2E70321FAF7B0
:1041900059FF0028CBD00630C9D0F2E76FF01200EB
:1041A000C7E700BF951B061202A905122DE9F047CB
:1041B000066A0C4615462EB940F2091219491A48EA
:1041C000FCF7E6FD4FF48277BD42B5FBF7F825D347
:1041D00000254FF001094FF0080A0434B388F28833
:1041E0002B44934211D23268204652F823100135F5
:1041F00004F8049C04F803AC24F8027C0822FCF7C1
:104200007BF9A84504F58274E8D8B3882B44B380C1
:104210004FF4827303FB05F0BDE8F0876FF01500E3
:10422000FAE700BF7E1B06120BBA051208B502485A
:10423000FFF794FA002008BDF81B061238B5174B9B
:104240001B6893F8213013F0020303D1144A137052
:10425000134838BD134B196821B18022104808F06B
:1042600013FBF5E700F0A4FFA8B10F490C4C0C4874
:1042700009F06AFC2046FCF762F905462046FCF787
:104280005EF9C0F180016019FFF752FE2046074930
:1042900008F024FADCE70649E8E700BFF8CB002085
:1042A00070CB0020F4CB002022BA0512189F051213
:1042B00027BA051210B504460648FCF7A1FCFFF723
:1042C000BDFF04F515720146BDE810400248FCF739
:1042D00097BC00BF2EBA051234BA051238B5084D86
:1042E00004462B6823B9882206490748FCF750FD8D
:1042F0002B6893F8212064F3410283F8212038BD14
:10430000F8CB0020441C061239BA051237B51B4BF6
:104310001B4A4FF42A711A601A4B1B4A01201A607B
:104320001A4B1B4A1B4D1A601B4B1C4A1A60FCF7A8
:1043300043FF286030B91A48FCF762FC4FF0FF30A9
:1043400003B030BD14230A221649CDE900321648C5
:104350004FF480530022FDF705FE002304461A4661
:1043600012492868FBF792F80120FFF7B7FF0CB954
:104370000020E5E72046FDF71DFDF9E708CC002009
:10438000009D061204CC0020D8A0061200CC00200C
:10439000D8A00612F8CB0020FCCB0020E8A0061223
:1043A0004ABA0512594404125FBA051266BA0512D8
:1043B00070B5244B04461B680D4693F82130DB078B
:1043C00002D52148FCF71CFC2946204603F09EF844
:1043D00001F0CEFF08BBD4F8980001F08DFF01F08A
:1043E000C7FFA8B903F062F902F0B6F82138C0B2ED
:1043F0005C281BD802F0B0F8054602F0ADF806467E
:1044000002F0AAF832460346E9B21048FCF7F8FB7E
:104410002046BDE8704002F0A5B801F0A9FF01F008
:10442000ADFF01460A48FCF7EBFBD8E702F094F831
:10443000054602F091F8294602460648FCF7E0FBE3
:10444000E6E700BFF8CB0020689D05126BBA0512A5
:1044500088C005127EBA05122DE9F041B84D2868D2
:1044600090F8213023F0010380F8213000F5DC7052
:1044700002F064F8FFF7E2FEFCF7C2FB07F00EFE65
:10448000011EFBDB1B292C6803D1012384F820309B
:10449000F4E794F82030012B2AD15B2901D10223C3
:1044A000F4E7002384F820300D2973DC0D2976D839
:1044B00001A353F821F000BF7D4404129F4504126C
:1044C0009F4504129F4504129F4504129F45041204
:1044D0009F4504129F4504122146041217460412F8
:1044E000A54604129F4504129F450412A5460412D6
:1044F000022BD9D1002384F82030A1F14103032BF2
:10450000D2D8DFE803F002083527618C0029B5D046
:10451000013989B206E0A28C638C511E8B4216DAF7
:10452000013399B25022618402FB014104F51573F5
:104530001846263109F066FB09F0DAFBC0B284F8B0
:10454000A40284F8A5022046FFF7B4FE96E7002AED
:1045500094D0DEE794F8A532002B8FD07948FCF791
:104560004FFB2A6892F8A532013B82F8A53285E715
:1045700094F8A53294F8A4229A427FF67FAF2344A0
:1045800093F854127048FCF73BFB2A6892F8A53266
:104590000133EAE77F2943D0FF293FF46FAF94F856
:1045A000A472CEB24F2F40F21181002384F8A432BE
:1045B000234483F8546294F82130DB0740F12D81C5
:1045C0006148FCF71DFB28E15E48FCF719FB01364A
:1045D0002C6894F8A532B342F6DC5C48FCF710FB7B
:1045E00000F0E6FD04F515740128204615D100F011
:1045F0007BFFFFF723FE224601465548FCF700FBF0
:104600002C6804F5157009F073FBC0B284F8A4029D
:1046100084F8A50232E70026DAE700F0A3FCE8E719
:1046200094F8A51200293FF429AF94F8A4324A1E49
:10463000013BDBB2D2B2934284F8A43284F8A522C3
:1046400025D902F5157001F515719A1A21442044F7
:10465000FBF72AFF00212B683E4893F8A4221A4456
:1046600082F8541293F8A51201F515711944FCF75C
:10467000C7FA2B6893F8A5422B6893F8A432A3429B
:10468000FFF6FCAE2F48FCF7BBFA0134F4E73248E2
:10469000FCF7B6FA2B6893F8A4221344002283F89F
:1046A0005422EBE694F8A4322BB3B4F8248004F53A
:1046B0001577B8F1040F51D904F5B3785022394673
:1046C000404607F0DDFFB0B104F126063046503613
:1046D0005022314609F096FAB045F7D15022002118
:1046E000404625F0FDFA3946404694F8A42209F0E8
:1046F00089FA0523A384A38C638400F059FD012863
:104700002B684DD193F82130D80702D50F48FCF71C
:1047100077FA286890F8A41200F5157000F060FD93
:10472000FFF78CFDFCF76CFA2C685022002104F591
:10473000157025F0D5FA0023A4F8A4329EE600BF38
:10474000F8CB002097BA05128BBA0512689D0512A6
:1047500034BA05128EBA051295BA0512B8F1000FD7
:104760000AD0502208F1FF3002FB004039462630C3
:1047700007F086FF0028BED0502606FB08403246D0
:104780000021263025F0ACFAA08C394606FB00400B
:1047900094F8A422263009F035FAA38C0133A9E756
:1047A0003B2093F8A422991881F8540232B103F502
:1047B000157103F5DC70FFF7FBFDB1E793F82130CD
:1047C000D907ADD52148FCF71BFAA9E794F8A52233
:1047D0003B4697427FF6ECAE02F5157102F255208A
:1047E0002144BA1A2044FBF75FFE296891F8A532EC
:1047F000CA1882F8546291F82120D20705D503F532
:10480000157313481944FCF7FBF92B6893F8A5427C
:104810002B6893F8A432A34212DC2A6892F8A432DF
:1048200092F8A5120133DBB201314F2B82F8A4328A
:1048300082F8A5127FF622AE0023A2F8A4321DE66C
:104840000448FCF7DDF90134E2E700BF689D05127A
:10485000B99F051297BA0512034602460020126856
:104860009A4200D170470130F9E70138013910F858
:10487000013F1BB111F8012F9A42F8D0181E18BF42
:10488000012040427047024630B50139134612F804
:10489000015B25B111F8014F0CB1A542F6D0181AF1
:1048A00030BD000008B50248FCF7AAF9002008BD99
:1048B00099BA051210B504460248FCF7A1F9013C6B
:1048C000FAD110BDABBA051238B504460568A54249
:1048D00000D138BD0648A5F11401FCF791F92B6809
:1048E000A34202D00348FCF78BF92D68EFE700BF25
:1048F000B99F0512C081051208B5FCF7ADF900207B
:1049000008BD70B50D46FBF71AFE0446FDF70CF81E
:104910002E68AE4208D1FDF715F8082C0DDC002CEE
:1049200008BF0824204670BDA6F10C00FBF707FE67
:104930008442B8BF04463668EBE70824F2E700007B
:1049400070B51D48FCF75CF91C4B1D4E1C683368A4
:10495000A34210D81B4B1C68DCB91B48FCF750F96C
:104960001A4B1B4D1C682B68A34218D8194B1C68A6
:10497000E4B9204670BD256802222846164907F092
:1049800049FF20B1294662681448FCF739F90C3414
:10499000DDE761681248FCF733F92468DCE76268F8
:1049A0000E4854F8101BFCF72BF9DCE761680C4843
:1049B000FCF726F92468DBE7ADBA051208CC002025
:1049C00004CC0020A8CE0020D7BA051200CC0020CD
:1049D000FCCB0020E4CD0020BFBA0512C2BA0512FC
:1049E000CFBA0512F0B5092099B0FCF761FD582245
:1049F00004461849071D02A809F004F9394616486B
:104A0000FFF77FFF05460146134A1448FCF7F8F804
:104A10002846FFF74FFF1248FCF7F2F8114E646882
:104A2000A74202D1002019B0F0BD227AA4F10C03F4
:104A3000152A8FBF324618A901EB820252F8582C72
:104A4000A17B0948CDE9002108222946FCF7D8F8C6
:104A50002468E5E7AC1F0612F1BA0512F8BA051290
:104A60001EBB0512E9BA051240BB051273B50A2038
:104A7000FCF71EFD061D044631461848FFF741FFAE
:104A800005460146154A1648FCF7BAF82846FFF7CE
:104A900011FF1448FCF7B4F86468A64208D1FAF78D
:104AA000A3F901461048FCF7ABF8002002B070BD36
:104AB000236A0E480193E369082229460093A4F172
:104AC0000C03FCF79DF814F8033CDB074CBF0848C7
:104AD0000848FCF795F82468DFE700BF58B30512D3
:104AE00053BB051279BB0512C0BB05129DBB051255
:104AF000B5BB0512B3BB0512F0B5082085B0FCF7B5
:104B0000D7FC061D044631461948FFF7FAFE054654
:104B10000146174A1748FCF773F82846FFF7CAFE04
:104B20001548FCF76DF86468A64202D1002005B074
:104B3000F0BDA26A2169D4E90607A4F10C03CDE90E
:104B40000272CDE900106AB1082229460B48FCF731
:104B500057F804F12000FFF7B7FE0948FCF750F8BA
:104B60002468E1E7082229460648FCF749F8F7E7F8
:104B7000D5BB0512DDBB051204BC051226BC05120F
:104B8000689D051242BC05122DE9F3410620FCF791
:104B90008FFC071D044639461E48FFF7B2FE054646
:104BA00001461C4A1C48FCF72BF82846FFF782FEFA
:104BB0001A48FCF725F86468A74203D1002002B028
:104BC000BDE8F081A36804F108069E423046B4F8BF
:104BD0001880A4F10C0111D0FFF73EFE0B4608220D
:104BE0002946CDE900800E48FCF70AF83046FFF769
:104BF0006BFE0C48FCF704F82468DDE7FFF72CFE99
:104C00000B46CDE90080082229460748FBF7F8FF4C
:104C1000F2E700BF5EBC051267BC051283BC05123B
:104C20009ABC0512689D0512ABBC05122DE9F04334
:104C3000052085B0FCF73CFC071D04463946214899
:104C4000FFF75FFE054601461E4A1F48FBF7D8FFE7
:104C50002846FFF72FFE1D48FBF7D2FF6468A742E6
:104C600003D1002005B0BDE8F083A36804F1080675
:104C70009E423046B4F81680B4F81490A4F10C01AA
:104C800013D0FFF7E9FD0B4608222946CDE9019034
:104C9000CDF800800E48FBF7B3FF3046FFF714FE57
:104CA0000C48FBF7ADFF2468D9E7FFF7D5FD0B46AD
:104CB000CDE90190082229460748CDF80080FBF78E
:104CC0009FFFF0E7BCBC0512C4BC05120ABC05126C
:104CD000E5BC0512689D0512FBBC0512F0B503206A
:104CE00085B0FCF7E5FB061D044631461448FFF786
:104CF00008FE054608270146114A1248FBF780FFC7
:104D00002846FFF7D7FD1048FBF77AFF6468A642F4
:104D100002D1002005B0F0BD04F10800FFF79CFDB2
:104D20000390E37CA4F10C01029363690822CDE9AE
:104D3000007306480B462946FBF762FF2468E6E746
:104D400011BD051217BD05123BBD05125ABD051256
:104D50002DE9F3410420FCF7ABFB071D044639465F
:104D60001D48FFF7CEFD054601461B4A1B48FBF7D1
:104D700047FF2846FFF79EFD1948FBF741FF64688F
:104D8000A74203D1002002B0BDE8F081A36804F17E
:104D900008069E42D4F81080A4F10C0112D03046CF
:104DA000FFF75AFD0B4608222946CDE900800D4841
:104DB000FBF726FF3046FFF787FD0B48FBF720FF88
:104DC0002468DDE70B46082229460848CDF8008014
:104DD000FBF716FFF4E700BF71BD051277BD0512A2
:104DE00099BD0512B6BD0512689D0512CBBD051211
:104DF0002DE9F3410220FCF75BFB071D0446394611
:104E00001E48FFF77EFD054601461C4A1C48FBF77D
:104E1000F7FE2846FFF74EFD1A48FBF7F1FE6468DF
:104E2000A74203D1002002B0BDE8F081A36804F1DD
:104E300008069E423046B4F81080A4F10C0111D04F
:104E4000FFF70AFD0B4608222946CDE900800E48EF
:104E5000FBF7D6FE3046FFF737FD0C48FBF7D0FED8
:104E60002468DDE7FFF7F8FC0B46CDE90080082257
:104E700029460748FBF7C4FEF2E700BFDDBD051277
:104E8000E7BD051201BE051216BE0512689D05128A
:104E900026BE0512F0B5012085B0FCF709FB071D01
:104EA000044639462648FFF72CFD06460146244AAB
:104EB0002448FBF7A5FE3046FFF7FCFC2248FBF731
:104EC0009FFE6468A74202D1002005B0F0BD94F8AF
:104ED0002930082200933146A4F10C031B48FBF74C
:104EE0008FFE94F8283003F00F03042B07D8DFE877
:104EF00003F02303210625001548FBF781FEE26934
:104F0000134619781D46232903F10103F9D0616A7C
:104F1000236A0291E16B1A4401916421551B4D43B0
:104F2000B5FBF3F5009521690A48043AFBF768FEE2
:104F30002468C7E70848E0E70848DEE70848DCE7F8
:104F400036BE05123DBE05128ABE0512D2BE05123E
:104F5000DEBE051202BF0512E7BE0512F0BE051245
:104F6000F9BE05122DE9F047002580462C462E4655
:104F7000674BDFF8C4911F680C37D9F80020A7F100
:104F80000C039A421DD8634B1F68002F48D1624B17
:104F9000DFF8A8911E681036D9F80020A6F110039A
:104FA0009A4263D85D4B1E68002E40F08980002D28
:104FB00000F0AC80224629464046BDE8F047FBF7AA
:104FC0009BBA57F80CAC56485146FFF74EFC28B335
:104FD00051464046FFF749FC00BB5EB95148FBF71C
:104FE0000FFE98F800302BB157F80C5C284608F0FB
:104FF0007FFE044698F80030013657F80CACB6B284
:1050000033B151462846FFF73EFC8442A8BF044610
:10501000514657F8082C4448FBF7F2FD0C37ACE733
:1050200040467968FFF721FCF0B95EB93D48FBF7CF
:10503000E7FD98F800302BB125B97D68284608F0C7
:1050400057FE044698F800300136D7F80490B6B2FF
:1050500033B149462846FFF716FC8442A8BF0446F0
:1050600049463248FBF7CCFD3F688EE7404656F88C
:10507000101CFFF7FAFB08BB67B92D48FBF7C0FD12
:1050800098F8003033B12DB956F8105C284608F076
:105090002FFE044698F80030013756F810ACBFB226
:1050A00033B151462846FFF7EEFB8442A8BF0446C1
:1050B000514656F80C2C1C48FBF7A2FD10366BE746
:1050C00040467168FFF7D1FBF0B95FB91848FBF7AC
:1050D00097FD98F800302BB125B97568284608F07F
:1050E00007FE044698F800300137D6F80490BFB2A6
:1050F00033B149462846FFF7C6FB8442A8BF0446A1
:1051000049460C48FBF77CFD36684DE7BDE8F08763
:1051100008CC0020A8CE002000CC0020E4CD002048
:10512000BFBA051231BF0512C2BA0512CFBA0512B5
:105130003EBF05124BBF051204CC0020FCCB002063
:105140000020014B18607047EC9C00200122024BAC
:1051500000201A60704700BFEC9C002070B50E481C
:10516000FBF74EFD0D4B0E4E1C683368A34204D86E
:105170000C48FBF745FD002070BD25680622284637
:10518000094907F047FB20B962680848A91DFBF7E9
:1051900037FD0C34E9E700BF5EC0051208CC0020E3
:1051A00004CC0020689D051279C0051280C005124C
:1051B000014B1868704700BFEC9C002010B50446F6
:1051C000FBF700FD2046BDE81040022102F046BE7C
:1051D000012808B502DD4868FFF7F0FF002008BD90
:1051E00002462DE9F0478AB013789146202B1646E7
:1051F00002F10102F8D0092BF6D00844B0EB090502
:1052000035D100200AB0BDE8F087013719F8073022
:10521000202B2ED0092B2CD0BD42F6D14F4BD3F8EA
:1052200000804F4BD3F800A0D04524D2D8F80040DE
:10523000062220464B4907F0EDFA80BB3A46494624
:10524000A01D07F0E7FA50BB3C44A4793CBBD8F85A
:10525000087087B128222146684624F041FDE846BF
:105260006A464B4621462046A6461C461DE00027BE
:10527000CCE7002FD2D12946484600F03FFB00285A
:10528000BFD032461378013613F0DF03F9D1364828
:1052900049461370FBF7B4FC4FF0FF30B2E708F15A
:1052A0000C08C1E704F801EC0131234614F801CBE6
:1052B000BCF1200F02D0BCF1090F04D18D42F1D80E
:1052C0000A2802D023E00A2812D12848FBF798FCCC
:1052D000002458F8041B26480134FBF791FC0A2CE3
:1052E000F7D12448FBF78CFC20466946B84789E78C
:1052F0008D420CD9BCF1220F00F101001ED1013307
:10530000013113601C78222C0ED08D4202D8002867
:10531000EBD1B0E75C2C04D15C78222C04BF0133C4
:10532000013101330131EDE78D42F0D901318D4278
:1053300003F801EB02F1040297D8E8E713601C7848
:10534000202C06D0092C04D08D42E0D0013301314D
:10535000F5E78D42DBD9043287E700BF08CC002097
:1053600004CC002079C00512AEC005128CC0051215
:10537000AAC00512689D05122DE9F84307460028CA
:1053800000F0AB804FF48070FBF71AFE0446002853
:1053900000F0A3803B782F2B17D04FF48071FEF7DD
:1053A000C7FD2046FBF7CBF8204410F8013C2F2B1B
:1053B00003D020464A4907F091F93B46002513F8EF
:1053C000012B2F2A04D11D46F9E700230370F4E7CF
:1053D000002AF4D1002D08BF3D4623461A4613F893
:1053E000011B0029FAD1B846531EA8450DD100264D
:1053F000A8EB070320469E54FEF7B8FC814648B947
:105400002046BDE8F843FBF7E5BE18F8011B03F89A
:10541000011FEAE798F800304BB94846FEF7DDFC7B
:10542000002856D0011D2F48FBF7EAFBF5E7484658
:10543000FEF7D3FC30B300F104082846FBF77FF8F1
:1054400041460246284607F0E5F90028EFD13EB96B
:105450004046FBF774F841460646204608F074FBC8
:10546000424604F1FF3C134612F8010B20B11CF830
:10547000011F09B18842F6D0A3EB08039E4228BF62
:105480001E46D4E72EB32046FBF759F8864217D2C2
:105490004846FEF7D6FC4846FEF79FFC80B100F177
:1054A00004082846FBF74BF841460246284607F019
:1054B000B1F90028EFD141460A48FBF7A1FBEAE722
:1054C00028463246214608F09DFB0023ED1B374459
:1054D0007B554846FEF7CFFC92E7BDE8F88300BF56
:1054E000C081051288C005122DE9F04701780446F5
:1054F00021B9BDE8F0470846FFF730BEFBF71FF8BB
:105500002318A342184606D00278013B202AF8D17E
:105510000130FFF731FF00263546224BDFF890A01F
:10552000D3F80080DAF80030434507D8BEB32A46E6
:1055300031462046BDE8F047FAF7DEBFD8F80070E4
:1055400006223846184907F065F9F0B9204608F0F8
:10555000CFFB07F1060902464946204607F05AF9F3
:1055600098B925B9484608F0C3FB4E460546324671
:105570000537134612F8010B50B99B1B9D42494653
:105580000A48A8BF1D46FBF73BFB08F10C08C9E71A
:1055900017F8011F0029F0D08842EAD0EDE7BDE8F6
:1055A000F08700BF08CC002079C0051288C0051222
:1055B00004CC00200020704708B501280CBF034828
:1055C0004868FDF727FF002008BD00BFE99B0020C9
:1055D00008B503490348FBF713FB002008BD00BFD3
:1055E000E99B002088C00512032873B50C4608D03B
:1055F0002948FBF705FB2948FBF702FB002002B016
:1056000070BDD1E901122648FBF7FAFA00224FF4E7
:105610000011A068FEF7DCFA00282EDBFEF70AFB7B
:105620004FF48070FBF7CCFC054628B91D48FBF70A
:10563000E7FA6FF00400E2E766683046FAF77FFFAA
:10564000626830449042034603D0197801382F290C
:10565000F8D10093FF212846A368134AFBF79EFA6E
:1056600029466068FEF76AFB002DC7D0A368AB42ED
:10567000C4D02846FBF7AEFDC0E70022A068114663
:10568000FEF7A6FA002804DBFEF7D4FAA068FEF7BE
:1056900061FBA568E4E700BFC6C00512DDC00512C6
:1056A00015C105124BB7051223B70512022810B514
:1056B0000C4609D149680C48FEF796F9014680B1BD
:1056C0000A48FBF79DFA0CE0042807D108496068F6
:1056D00008F05CF928B9D4E90201EDE70548FBF7C9
:1056E0008FFA002010BD00BF1FC1051244C1051272
:1056F00023C1051226C10512032813B50C460CD18F
:1057000000230F4A0093D1E90101FEF7A3F80146F7
:1057100098B10C48FBF774FA0FE005280AD10A4942
:10572000606808F033F9034638B90090A268D4E9FC
:105730000301EAE70548FBF763FA002002B010BD59
:105740001FC1051281C1051223C105125CC10512DA
:1057500008B5FFF79FFB002008BD08B5FBF74CFB21
:10576000002008BD032808B507D00648FBF748FA13
:105770000548FBF745FA002008BDD1E90101FDF716
:1057800035FFF8E79CC10512B3C10512012870B5B9
:1057900004460E460FD10948FBF732FA0848FBF7DA
:1057A0002FFA002070BD56F82500FEF7D3FA013518
:1057B000A542F8DBF5E70125FAE700BFC9C10512EC
:1057C000DCC10512012870B504460E460FD1094808
:1057D000FBF716FA0848FBF713FA002070BD56F8DD
:1057E0002500FDF7B3FC0135A542F8DBF5E70125FF
:1057F000FAE700BFFAC1051210C20512012810B560
:105800000C4605D107490848FBF7FAF9002010BDFE
:105810000228FBD14868FEF74FFB0028F6D06168EC
:105820000248F1E7E99B002088C0051225C2051255
:10583000012808B50B4607D10648FBF7E1F90648F1
:10584000FBF7DEF9002008BD00215868FEF796F945
:10585000F8E700BF3CC205125DC20512022810B570
:1058600003D00B48FEF732F90DE04C680949204699
:1058700008F08CF820B12046074908F087F820B9D5
:105880000648FBF7BDF9002010BD2046EAE700BF3F
:10589000C081051292C2051299C205129CC205125E
:1058A000022838B50C4604D149681148FBF7A8F91D
:1058B00015E0032818D1002240F20A21A068FEF763
:1058C00087F9051E0DDB6468204608F011FA2146B1
:1058D00002462846FEF7E6F92846FEF7ABF9002017
:1058E00038BDA1680348E1E70348FBF789F9F6E70B
:1058F00088C00512A7C20512BDC205122DE9FF41DD
:105900000746002900F082800026BB5D202B03D0D3
:10591000092B01D08E4268DB06F12000FBF750FB1B
:105920000546002877D03946324608F06BF9002347
:1059300028463E49AB5507F057F928B928463C4957
:1059400007F052F9002852D0002228461146FEF7EF
:105950003FF9041E0DDA3346364A06F11F01284688
:105960000097FBF71BF9002228461146FEF730F995
:1059700004462846FBF72EFC002C47DB8020FBF773
:105980001FFB4FF000080646012220460DF10F01D3
:10599000FEF76BF90128054640D19DF80F300A2B20
:1059A000F2D00D2BF0D0374607F8013B01222046FC
:1059B0000DF10F01FEF759F9012821D19DF80F30A3
:1059C0000A2B01D00D2B15D187F8008033467119B1
:1059D0001A78202A01D0092A15D101338B42F7D138
:1059E00029463046FFF7FCFBCEE701368DE74FF046
:1059F000FF34BEE70135802D07F8013BD6D1E5E73E
:105A000000233B70E2E7232ABED0E9E74FF0FF30E6
:105A100004B0BDE8F0816FF00400F9E72046FEF71E
:105A200009F93046FBF7D6FB0020F1E7DEC205128C
:105A3000E2C20512E6C2051238B50D460446D8B1D9
:105A400023780069133B072B1AD8DFE803F0041909
:105A50000404191916040821FFF7EEFF0021E0687D
:105A6000FFF7EAFFA378042B18BF1D43236918BF73
:105A7000A5703BB15B78637038BD09B10021EBE7DD
:105A80002946E9E72378012B22D1A378DA0718D534
:105A9000A368002BF0D05B7C013B0D2B0CD8DFE81A
:105AA00003F0071E19191E09091E1E1E1E1E1E1EAA
:105AB0000023E0E70223DEE70320BDE8384000F0E2
:105AC00051BC9B07D8D5A368002BD5D01B7AE3E740
:105AD000022B01D10123CEE7033B032BCCD80323B8
:105AE000C9E700002DE9F0410446206908B1FFF73D
:105AF000F9FF2378013B1A2B00F2F983DFE813F05A
:105B00001B00A300AD00AD00AD00AD00C000D30090
:105B1000E700FA000D012001360149015D01710124
:105B200085019901AE01F703DF015002B2024D0376
:105B3000DF03CD00D403A1784F071AD52421874B6A
:105B40001A6811701A68511C1960A168896851702F
:105B5000A26819689268120A4A70A1681A6849898D
:105B60009170A1681A68C97AD1701A6804321A60F3
:105B700093E08E07A36836D5002B00F08E801A7A4A
:105B8000033A0B2A00F28980DFE802F0060627219B
:105B90002127272727272727704A0D07106801D5B7
:105BA000242100E0252101701168D86801311160BD
:105BB0000870D9681068090A41701168D88988701E
:105BC0001168DB7BCB7013680433136065E0634AB4
:105BD00009071068E4D42621E5E7604A0F0710683A
:105BE000DED42721DFE7002B57D05A7C033A0B2A5B
:105BF00053D8DFE802F00606221C1C2222222222B1
:105C00002222564A0E07106801D5242100E02521E2
:105C1000017011681433013111600B701168180A9A
:105C200048701168180C887011681B0ECAE74B4A3F
:105C30000D071068E9D42621EAE7484A09071068E9
:105C4000E3D42721E4E72221444B1A6811701A6833
:105C5000511C196021795170FAE024213F4B1A68D8
:105C600011701A68511C1960616851706268196876
:105C7000120A4A701A68E18891701A68E17973E72C
:105C80006378012B05D1354A11680B701368013315
:105C90009BE7022BF7D0032BF5D0E468002C7FF4B0
:105CA00024AFBDE8F0816378012B04D104212B4B94
:105CB0001A681170CCE0022B03D1284B05211A6819
:105CC000F7E7032BE9D1254B06211A68F1E7637842
:105CD000012B03D1214B0D211A68EAE7022B03D1D6
:105CE0001E4B0E211A68E4E7032BD6D11B4B0F2164
:105CF0001A68DEE76378012B03D1184B07211A6875
:105D0000D7E7022B03D1154B08211A68D1E7032BE3
:105D1000C3D1124B09211A68CBE76378012B03D159
:105D20000E4B0A211A68C4E7022B03D10B4B0B213F
:105D30001A68BEE7032BB0D1084B0C211A68B8E7EC
:105D40006378012B03D1054B10211A68B1E7022BB0
:105D500006D1024B11211A68ABE700BF10CC00201E
:105D6000032B9AD1A34B12211A68A2E76378012B67
:105D700003D1A04B13211A689BE7022B03D19D4B43
:105D800014211A6895E7032B87D19A4B15211A68BD
:105D90008FE76378012B03D1964B16211A6888E7A9
:105DA000022B03D1934B17211A6882E7032B7FF450
:105DB00074AF904B18211A687BE76378012B03D1ED
:105DC0008C4B19211A6874E7022B03D1894B1A21D5
:105DD0001A686EE7032B7FF460AF864B1B211A68AD
:105DE00067E76378012B03D1824B1C211A6860E7B7
:105DF000022B03D17F4B1D211A685AE7032B7FF436
:105E00004CAF7C4B1E211A6853E76378012B03D1FA
:105E1000784B1F211A684CE7022B03D1754B2021C8
:105E20001A6846E7032B7FF438AF724B21211A68BA
:105E30003FE72369002B3FF430AF0022DB6853B902
:105E40002C206C4B196808701968481C18604A703F
:105E50001A6801328BE6DB680132F0E723691A78B1
:105E6000012A13D15B78022B17D0032B1ED0012BF4
:105E700008D128215F4B1A6811701A68511C1960EB
:105E80002D21E8E6032000F06DFA06E7192A7FF4D9
:105E900004AF5B7803F00F03E5E72921554B1A683F
:105EA00011701A68511C19602E21D4E62A21514B19
:105EB0001A6811701A68511C19602F21CBE62369EA
:105EC000002B3FF4EAAE187801287FF4E6AE617843
:105ED0009B68022922D0032940D001297FF4DDAE3E
:105EE0002525444A1433106805701068451C156058
:105EF000437010681D0A457010681D0C857010688D
:105F00001B0EC370222013681871597199712821D2
:105F1000D9712F21093303F8011C56E62626354A8C
:105F2000143315682E7015686E1C16606B7015683A
:105F30001E0A6E7015681E0CAE7015681B0EEB7095
:105F400013682325587100201D719871D97129217A
:105F500019722F210A3303F8011C36E62726254A39
:105F6000143315682E7015686E1C16606B701568FA
:105F70001E0A6E7015681E0CAE7015681B0EEB7055
:105F800013682425587100201D719871D8711872FA
:105F900059722A2199722F210C3303F8011C14E63F
:105FA0002369002B3FF479AE187801287FF475AE91
:105FB00061789B6802291FD0032937D001297FF41B
:105FC0006CAE25250B4A1433106805701068451C0B
:105FD0001560437010681D0A457010681D0C8570AF
:105FE00010681B0EC37022201368597118710421A8
:105FF0008CE700BF10CC00202625BE4A1433116860
:106000000D7011684D1C15604B7011681D0A4D70A4
:1060100011681D0C8D7011681B0ECB702321136845
:10602000197100215871997105218FE72725B14A0F
:10603000143311680D7011684D1C15604B70116898
:106040001D0A4D7011681D0C8D7011681B0ECB70F0
:10605000242113681971002158719971D97119722D
:10606000062195E72369002B3FF417AE1D78012D1B
:106070007FF413AE60789B6802282FD003285BD092
:1060800001287FF40AAE24259A4914330A685FFA7E
:1060900083FC15700A68C3F30726551C0D6082F84F
:1060A00001C00A68C3F3074556700A6895700F6807
:1060B0001A0EFA700B6825271A7222221F7183F8B4
:1060C00005C09E71DD715A729872D87228221A73B7
:1060D0002B220E3303F8012C0B60DEE524268549C4
:1060E00014330A685FFA83FE16700A68C3F3072C3C
:1060F000561C0E6082F801E00A68C3F3074682F876
:1061000001C00A6896700F681A0EFA700B6826278D
:106110001A7223225A7200221F7183F805E083F855
:1061200006C0DE719D72DA72187329225A732B220F
:106130000F3303F8012CCFE724266E4914330A6885
:106140005FFA83F816700A68C3F3072E571C0F60B6
:1061500082F801800A68C3F3074C82F801E00A68FC
:1061600082F802C00F681A0EFA700B6827271A729D
:1061700000221F7183F8058083F806E083F807C0CA
:106180005E729D72DA721A735A7398732A22DA73E6
:106190002B22113303F8012C9EE72369002B3FF4D7
:1061A0007CAD1D78012D7FF478AD60789B68022866
:1061B00029D003284ED001287FF46FAD24254D4906
:1061C00014330A685FFA83FC15700A68C3F3072664
:1061D000551C0D6082F801C00A68C3F3074556706C
:1061E0000A6895700F681A0EFA700B6825271A72E4
:1061F00022225A7204221F7183F805C09E71DD713C
:106200009872DA7262E724203A4914330A685FFA16
:1062100083FC10700A68C3F30726501C086082F8DC
:1062200001C00A68C3F3074056700A6890700F688F
:106230001A0EFA700B6826271A7223225A7200224D
:10624000DA7205221F7183F805C09E71D8719D72A4
:106250001A736AE72420274914330A685FFA83FE19
:1062600010700A68C3F3072C561C0E6082F801E018
:106270000A68C3F3074682F801C00A6896700F687F
:106280001A0EFA700B6827271A720022DA721A7334
:106290005A7306221F7183F805E083F806C0DE7189
:1062A00058729D729A7371E70022124B19680A7036
:1062B00019684A7019688A701968CA7055E4A37819
:1062C0001B073FF5EAAC6378022B08D0032B0AD0FA
:1062D000012B7FF4E2AC074B2D211A68E9E4054B52
:1062E0002E211A68E5E4034B2F211A68E1E4082007
:1062F000C9E500BF10CC00202DE9F0410021044683
:10630000FFF79AFB104B80220021184623F0E8FC8F
:1063100000270E4A0E490F4D17600A6028607CB1B5
:106320004FF02B08E6682046E760FFF7DBFB3EB145
:106330002B68344683F800802B6801332B60F1E72B
:106340000020BDE8F08100BFB4CE002034CF002093
:1063500014CC002010CC00200020014B1870704796
:1063600018CC0020014B18700020704718CC00207A
:10637000014B1878704700BF18CC0020014B53F830
:1063800020007047D022061203680BB901607047E5
:106390008B4202D94B60F9E723B11A465B688B4206
:1063A000FAD94B605160704708B57C22002107483C
:1063B00023F096FC0549064B0A1F1A60782300203B
:1063C00041F8043C034B186008BD00BF28CC0020F6
:1063D00020CC00201CCC002038B5274AA0F10801B1
:1063E0001368044699421DD150F8043C1360002301
:1063F00040F8043C2148FFF7C7FF026854F8045CEA
:1064000091421CD18DB354F8083CE21895422CD12E
:106410002A680833134444F8083C6B6844F8043C89
:1064200023E01346002BE5D05A689142F9D154F885
:10643000042C5A60DEE75368994203D01A46002ABA
:10644000F9D1DFE7106800F1080313449942D9D16C
:1064500054F8083C55B1E1188D4207D12968103332
:106460000B44034413606B68536038BD0833034426
:10647000136054F8043CF7E71CCC002020CC00202B
:1064800070B52B4EC51C25F00305346805F10803D3
:106490001CB322689A421ED96FF0070320685B1B69
:1064A00005F1080103446350636862182560536076
:1064B000336862609C4234D13260002621466660B7
:1064C0001C480834FFF760FF2A463146204623F077
:1064D00007FC204670BD6468DAE7164B186848B9B7
:1064E000346805F10803002CF3D022689A42D3D215
:1064F0006468F8E70023104A00F10801547C14B1E5
:1065000054698C4204D00133082B02F11802F5D1F2
:10651000082B446802D10830FFF75EFF2046DEE713
:106520000B46002BC9D059688C42F9D15A60C4E798
:1065300020CC00201CCC0020E8CD002008B501F0C4
:1065400031F800F019F801F035F8FFF705FFFFF713
:106550002BFF002008BD0000014B1868704700BFEA
:1065600034CF002008B501F01DF800F005F8FFF762
:10657000F3FE002008BD000008B54FF4A072002112
:10658000024823F0ADFB002008BD00BFA4CC0020D2
:1065900070B5002304461425064905FB03F28E5C02
:1065A000501826B10133102BF7D1002070BD8C5448
:1065B000FCE700BFA4CC002038B5054601F036F852
:1065C000044670B9284601F049F8044680B92846C7
:1065D00001F08AF8044668B90D20FFF7C3FE0020D9
:1065E00038BD01250120FFF7D3FF28B90620F4E7C5
:1065F0000225F7E70425F5E784608570F0E738B5F4
:1066000005460220FFF7C4FF044620B90620FFF725
:10661000A9FE204638BD0571FBE738B505460320C5
:10662000FFF7B6FF044620B90620FFF79BFE204681
:1066300038BD4560FBE738B505460420FFF7A8FFE5
:10664000044620B90620FFF78DFE204638BD456080
:10665000FBE770B505460520FFF79AFF044620B911
:106660000620FFF77FFE204670BD284607F040FB5E
:106670000130FFF705FF06466060284607F038FB4B
:1066800029460246304606F0FFF8284607F030FB60
:10669000002263681A54E6E738B505460620FFF77E
:1066A00077FF044620B90620FFF75CFE204638BD80
:1066B0004560FBE770470000064B1A6812F8081C9B
:1066C00012F8040C014402F8081C1A68043A1A6013
:1066D000704700BFB0CE0020064B1A6832F8081C85
:1066E00032F8040C014422F8081C1A68043A1A60B3
:1066F000704700BFB0CE0020054B1A6852E9021067
:10670000014442F8081C1A68043A1A60704700BF36
:10671000B0CE0020064B1A6812F8081C12F8040CC0
:10672000091A02F8081C1A68043A1A60704700BF78
:10673000B0CE0020064B1A6832F8081C32F8040C60
:10674000091A22F8081C1A68043A1A60704700BF38
:10675000B0CE0020054B1A6852E90210091A42F81F
:10676000081C1A68043A1A60704700BFB0CE0020B7
:10677000064B1A6812F8081C12F8040CB1FBF0F171
:1067800002F8081C1A68043A1A607047B0CE00205C
:10679000064B1A6832F9081C32F9040C91FBF0F12F
:1067A00022F8081C1A68043A1A607047B0CE00201C
:1067B000054B1A6852E9021091FBF0F142F8081CEF
:1067C0001A68043A1A607047B0CE002010B5084A23
:1067D000116811F8083C11F8040CB3FBF0F400FB4D
:1067E000143301F8083C1368043B136010BD00BF6C
:1067F000B0CE002010B5084A116831F9083C31F9D3
:10680000040C93FBF0F400FB143321F8083C1368EC
:10681000043B136010BD00BFB0CE002010B5074A86
:10682000116851E9023093FBF0F400FB143341F896
:10683000083C1368043B136010BD00BFB0CE0020BD
:10684000064B1A6812F8081C12F8040C11FB00F130
:1068500002F8081C1A68043A1A607047B0CE00208B
:10686000064B1A6832F8081C32F8040C11FB00F1D0
:1068700022F8081C1A68043A1A607047B0CE00204B
:10688000054B1A6852E90210414342F8081C1A6885
:10689000043A1A60704700BFB0CE0020064B1A6859
:1068A00012F8081C12F8040C014002F8081C1A68BF
:1068B000043A1A60704700BFB0CE0020064B1A6839
:1068C00032F8081C32F8040C014022F8081C1A683F
:1068D000043A1A60704700BFB0CE0020054B1A681A
:1068E00052E90210014042F8081C1A68043A1A6082
:1068F000704700BFB0CE0020064B1A6812F8081C83
:1069000012F8040C014302F8081C1A68043A1A60D1
:10691000704700BFB0CE0020064B1A6832F8081C42
:1069200032F8040C014322F8081C1A68043A1A6071
:10693000704700BFB0CE0020054B1A6852E9021024
:10694000014342F8081C1A68043A1A60704700BFF5
:10695000B0CE0020064B1A6812F8081C12F8040C7E
:10696000414002F8081C1A68043A1A60704700BFD8
:10697000B0CE0020064B1A6832F8081C32F8040C1E
:10698000414022F8081C1A68043A1A60704700BF98
:10699000B0CE0020054B1A6852E90210414042F87F
:1069A000081C1A68043A1A60704700BFB0CE002075
:1069B000034B1A6812F8043CDB4302F8043C7047AE
:1069C000B0CE0020034B1A6832F8043CDB4322F8B7
:1069D000043C7047B0CE0020034B1A6852F8043CC8
:1069E000DB4342F8043C7047B0CE0020064B1A68E7
:1069F00012F8081C12F8040C814002F8081C1A68EE
:106A0000043A1A60704700BFB0CE0020064B1A68E7
:106A100032F9081C32F9040C814022F8081C1A686B
:106A2000043A1A60704700BFB0CE0020054B1A68C8
:106A300052E90210814042F8081C1A68043A1A60B0
:106A4000704700BFB0CE0020064B1A6812F8081C31
:106A500012F8040C014102F8081C1A68043A1A6082
:106A6000704700BFB0CE0020064B1A6832F9081CF0
:106A700032F9040C014122F8081C1A68043A1A6021
:106A8000704700BFB0CE0020054B1A6852E90210D3
:106A9000014142F8081C1A68043A1A60704700BFA6
:106AA000B0CE0020064B074A1868116800780870BD
:106AB0001168043111601A6801321A60704700BF12
:106AC000ACCE0020B0CE0020064B074A18681168F3
:106AD000008808801168043111601A6802321A6057
:106AE000704700BFACCE0020B0CE0020064B074A56
:106AF00018681168006808601168043111601A682C
:106B000004321A60704700BFACCE0020B0CE002027
:106B1000064B074A18681168006800780870116809
:106B2000043111601A6804321A607047ACCE00203C
:106B3000B0CE0020034B1B6853F8042C127803F8E6
:106B4000042C7047B0CE0020074B084A1868116823
:106B50000068B0F9000008801168043111601A68FB
:106B600004321A60704700BFACCE0020B0CE0020C7
:106B7000044B1B6853F8042CB2F9002023F8042CB2
:106B8000704700BFB0CE0020064B074A1868116856
:106B90000068006808601168043111601A680432E6
:106BA0001A607047ACCE0020B0CE0020034B1B68AB
:106BB00053F8042C126843F8042C7047B0CE002020
:106BC000054B1A6812F8041C52F8082C11701A6848
:106BD000043A1A60704700BFB0CE0020054B1A6817
:106BE00032F9041C52F8082C11801A68043A1A6011
:106BF000704700BFB0CE0020044B1A6852E9022152
:106C000011601A68043A1A60704700BFB0CE0020C5
:106C1000024A1368043B1360704700BFB0CE0020E7
:106C200030B5844A844C13689DB0591C11601B78A0
:106C300022680CA8043A00EB83012260814252F8DA
:106C4000045914D1013B0F2B14D8DFE813F01C00BA
:106C50001E00220027002D0035003F004B00590088
:106C600069007B008F00A500BD00D700F70041F848
:106C7000045DE2E70020A847236818602368043316
:106C800023601DB030BD0C98F5E7DDE90C01A84785
:106C9000F2E70C98DDE90D12A847EDE7DDE90E23D8
:106CA000DDE90C01A847E7E7109BDDE90C01009343
:106CB000DDE90E23A847DFE7119BDDE90C01019315
:106CC000109B0093DDE90E23A847D5E7129BDDE971
:106CD0000C010293119B0193109B0093DDE90E239D
:106CE000A847C9E7139BDDE90C010393129B0293AC
:106CF000119B0193109B0093DDE90E23A847BBE78E
:106D0000149BDDE90C010493139B0393129B0293E4
:106D1000119B0193109B0093DDE90E23A847ABE77D
:106D2000159BDDE90C010593149B0493139B0393BE
:106D3000129B0293119B0193109B0093DDE90E239C
:106D4000A84799E7169BDDE90C010693159B05936F
:106D5000149B0493139B0393129B0293119B019327
:106D6000109B0093DDE90E23A84785E7179BDDE91B
:106D70000C010793169B0693159B0593149B049394
:106D8000139B0393129B0293119B0193109B0093FF
:106D9000DDE90E23A8476FE7189BDDE90C01089396
:106DA000179B0793169B0693159B0593149B0493BF
:106DB000139B0393129B0293119B0193109B0093CF
:106DC000DDE90E23A84757E7199BDDE90C0109937C
:106DD000189B0893179B0793169B0693159B059387
:106DE000149B0493139B0393129B0293119B019397
:106DF000109B0093DDE90E23A8473DE71A9BDDE9D0
:106E00000C010A93199B0993189B0893179B0793EE
:106E1000169B0693159B0593149B0493139B039356
:106E2000129B0293119B0193109B0093DDE90E23AB
:106E3000A84721E7ACCE0020B0CE00201B9BDDE9A7
:106E40000C010B931A9B0A93199B0993189B0893A7
:106E5000179B0793169B0693159B0593149B04930E
:106E6000139B0393129B0293119B0193109B00931E
:106E7000DDE90E23A847FFE670B5061D054630463E
:106E800000F0B8FCA0F11403DBB2042B16D8A0F17B
:106E90001503DBB2032B2BD800EB4000A0F13C0420
:106EA000E4B2304600F0A6FC052823D1033CE4B24E
:106EB0000A2C29D8154B1C5D204670BD19281CD101
:106EC000304600F097FCA0F11403DBB2042B08D885
:106ED000A0F11503DBB2032B0FD800EB40043B3CC1
:106EE000DEE7012302206B71FFF73CFA0024D8E7AC
:106EF0000124D6E701236B71DEE7012303206B71C8
:106F0000FFF730FA0024D7E70224D5E7D023061292
:106F100070B50D461646FFF73BFB044625B118B188
:106F20000561EE60204670BD0E20FFF71BFAF9E701
:106F300038B5044604300D4600F05CFC1F2804D030
:106F40000120FFF70FFA01236371284604F11401B1
:106F50001022BDE8384005F097BC00002DE9F0474D
:106F6000054686B0061D304600F044FC0128044664
:106F700016D12846FFF780FF0746304600F03AFC5E
:106F8000022803D02046FFF7EDF96C712846FFF781
:106F9000E5FF044620B14770204606B0BDE8F08703
:106FA000012430466C7100F025FC05380B284DD8C3
:106FB00001A353F820F000BF31700412676F041270
:106FC000E96F0412FF6F0412157004124D70041261
:106FD0004D7004124D7004123F7004124D70041273
:106FE0004D700412237004122846FFF7B7FF0022E9
:106FF0000146152006B0BDE8F047FFF789BF2846D7
:10700000FFF7ACFF04460020FFF715FB22460146C0
:107010000820EFE72846FFF7A1FF002201461620CF
:10702000E8E72846FFF79AFF002201460F20E1E734
:107030002846FFF793FF002201461920DAE7284689
:10704000FFF78CFF002201461A20D3E730466C710F
:1070500000F0D0FB0128074618D0A0F11A03DBB2DC
:10706000052B44D8A0F11B07042F33D8DFE807F025
:107070002A2E363B0300012328466B7101A9FFF736
:1070800057FF01A8FFF798FA04460CE0284600F0E5
:1070900024F90446304600F0ADFB022803D0384600
:1070A000FFF760F96F71304600F0A4FB4FF0010864
:1070B0000746072F20D0092F33D0012F27D00123D7
:1070C0006B7169E72869FFF7A8FADDE72869FFF720
:1070D000B2FAD9E7287CFFF792FAD5E705F1140058
:1070E000FFF7B7FAD0E70020FFF7D6FACCE7012088
:1070F000FFF738F90024D6E7002221461720FFF7D2
:1071000007FF0446304600F075FB0746D1E73046DE
:1071100000F070FB022808D100273A4621461220D1
:10712000EDE7002221461820E9E76F71284600F0BC
:10713000D4F8074638B1304600F05CFBBA46032865
:107140000CD085F80580304600F054FB0228E4D0CE
:107150000120FFF707F985F80580DEE7284600F0F3
:10716000BCF88146CAF80C0018B90520FFF7FAF8F8
:10717000D146304600F03EFBCA46E0E7F8B5064689
:10718000FFF7ECFE0446371D384600F033FB0528B8
:10719000054608D0A0F10A03DBB2012B03D9012375
:1071A00073712046F8BD3046FFF7D8FE024618B985
:1071B0000520FFF7D7F8E7E70A2D214606D00B2D6B
:1071C00004D00920FFF7A4FE0446DDE72846F9E7CE
:1071D000F8B50646FFF7D2FF0446371D384600F0E3
:1071E00009FB0828054605D0062803D00123737142
:1071F0002046F8BD3046FFF7C1FF024618B905200A
:10720000FFF7B0F8EAE7062D214614BF0820072053
:10721000FFF77EFE0446E1E7F8B50646FFF7D8FF24
:107220000446371D384600F0E5FAA0F11103DBB241
:10723000012B054603D9012373712046F8BD304662
:10724000FFF7C6FF024618B90520FFF78BF8E9E7FC
:10725000122D214614BF10201120FFF759FE0446BD
:10726000E0E770B50546FFF7D7FF04462E1D304610
:1072700000F0C0FA0D2803D001236B71204670BDC9
:107280002846FFF7C9FF024618B90520FFF76AF83C
:10729000EDE721460C20FFF73BFE0446E7E770B51B
:1072A0000546FFF7DEFF04462E1D304600F0A2FA29
:1072B0000F2803D001236B71204670BD2846FFF7CD
:1072C000D0FF024618B90520FFF74CF8EDE721463C
:1072D0000E20FFF71DFE0446E7E7F8B50546FFF769
:1072E000DEFF04462E1D304600F084FA0E2810D032
:1072F000012730466F7100F07DFA0C2818D128461E
:10730000FFF7EBFF2146BDE8F84002461320FFF7E8
:10731000FFBD2846FFF7C3FF024618B90520FFF757
:1073200021F8E0E721460D20FFF7F2FD0446DAE7F9
:107330006F712046F8BDF8B5071D0446384600F0C9
:1073400059FA042810D0012620466671FFF7C5FFC0
:107350000546384600F04EFA042803D03046FFF7C1
:1073600001F866712846F8BD0025FBE72DE9F047D6
:1073700086B00646FFF780FD804601A93046FFF73C
:10738000D7FD414601A800F01FF9002802DA0420C9
:10739000FEF7E8FF371D384600F02CFA04280546B2
:1073A00000F0B2800C2866D0032840F0AA80304656
:1073B00001A9FFF7BDFD414601A800F005F900282D
:1073C00002DA0420FEF7CEFF384600F013FA0C284C
:1073D00005464ED13046FFF780FF044660B101A854
:1073E000FFF7EAF8224601461320FFF791FD044615
:1073F000384600F0FFF90546A24628E0304601A9CC
:10740000FFF796FD414601A800F0DEF8002802DAF9
:107410000420FEF7A7FF384600F0ECF90C280546DB
:1074200015D13046FFF759FF0546A0B101A8FFF777
:10743000C3F82A4601461320B4B1FFF769FD81461F
:10744000CAF80C00384600F0D5F9CA460546032DA7
:10745000D4D0042D04D00120FEF784FF01237371E2
:10746000204606B0BDE8F087FFF752FD044681468E
:10747000E8E70024C0E73046FFF72FFF044660B17D
:1074800001A8FFF799F8224601461320FFF740FDB7
:107490000446384600F0AEF90546A24629E03046DB
:1074A00001A9FFF745FD414601A800F08DF800282D
:1074B00002DA0420FEF756FF384600F09BF90C284C
:1074C000054616D13046FFF708FF05460028C2D012
:1074D00001A8FFF771F82A460146132064B1FFF7AF
:1074E00017FD8146CAF80C00384600F083F9CA46F9
:1074F0000546032DD3D0ACE7FFF70AFD04468146CD
:10750000F2E70220FEF72EFF0024A9E72DE9F04163
:10751000064646F8041B0546304600F02DF9304675
:1075200000F068F94FF000080127A0F12003DBB25A
:10753000012B01D8BDE8F0811F28D5F8983012D171
:1075400028466F715BB3FFF7F6FE0446C8F80C00DF
:1075500000B94446D5F89830002BEBD0304600F007
:1075600049F9A046E1E71438C0B205286F712846F2
:1075700009D813B1FFF7FAFEE7E7FFF7F7FE044675
:10758000C5F89800E6E753B1FFF7D5FE0446C8F802
:107590000C000028DED1304600F02CF9D9E7FFF7C7
:1075A000CAFEECE708B59C22002122F099FB0020DE
:1075B00008BD000008B5C0220021024822F090FB5F
:1075C000002008BDE8CD00202DE9F843164D074600
:1075D00089464FF0FF344FF000082E4610223946FE
:1075E000284605F017F9D8B16B7C1BB9B4F1FF3F01
:1075F00008BF444608F10108B8F1080F05F1180565
:10760000ECD1631C09D0182303FB04631022394614
:10761000184605F039F980F811902046BDE8F88346
:107620004FF0FF34F9E700BFE8CD0020F8B50A4E6F
:1076300007460025344610223946304605F0EAF860
:1076400030B10135082D06F11806F4D10020F8BD3F
:10765000182303FB0540FAE7E8CD002070B5054686
:107660000F4B1C680F4B1E68A6420ED80E4B1C68B1
:107670004CB1284606F03CFB29460246606805F0FE
:10768000C9F850B90434204670BD2946206806F078
:107690007DF90028F7D01034E6E72468E8E700BF5A
:1076A00000CC0020FCCB0020E4CD002070B5094BBD
:1076B000094A0A4C0A4D0B4E1A60256023685A1B72
:1076C0007F2A00D970BD5A1C22601B7856F82330DF
:1076D0009847F3E7B0CE002034CF0020ACCE002096
:1076E000B4CE00200C23061270B505460F4B1C6863
:1076F0000F4B1E68A6420ED80E4B1C684CB1284694
:1077000006F0F6FA29460246606805F083F850B99B
:107710000434204670BD2946206806F037F9002859
:10772000F7D00C34E6E72468E8E700BF08CC002077
:1077300004CC0020A8CE002070B50378044673B9AD
:10774000D0F890604568304606F0D2FA854202D003
:10775000735D0A2B05D10123237000236360002091
:1077600070BD6B1C6360705DFAE703781BB94368FA
:107770000BB1013B4360704738B504460D46942277
:10778000002122F0ADFAC4F8905038BD38B5044657
:107790000D46FFF7D1FF2378024643B92B70A0F1C5
:1077A0003003DBB2092B0DD82046FFF7DEFF4FF088
:1077B000FF3038BD237893B905F8012B2046FFF739
:1077C000BBFF024622F02003413BDBB2192BF1D96B
:1077D000A2F13003DBB2092BECD95F2AEAD00022F8
:1077E0006368227013B900202A70E2E7013B6360EE
:1077F000F9E700002DE9F04143780446A0B0C3B991
:107800009C4D2046FFF798FF0938C0B2172803D8CF
:1078100025FA00F0C307F4D404F1100620463146DF
:10782000FFF7A3FFFFF7B2FF257845B121232372AD
:1078300001E000234370207A20B0BDE8F081237C72
:1078400083B18D4F314657F8350007EBC50806F078
:107850009DF810B998F80430E9E70135082DF1D109
:107860001F23E4E72046FFF767FF3E2825D821289D
:1078700029D9A0F122031C2B00F27381DFE813F059
:10788000CC00710171016A002F00720027002900ED
:10789000310033002B003F0071014B007101710179
:1078A0007101710171017101710171017101710148
:1078B00071012D005500700061007C2848D07E28A1
:1078C0004AD05E284AD00B20FEF74CFD37E001235A
:1078D000ADE70223ABE70323A9E70423A7E70D23C2
:1078E000A5E70523A3E72046FFF726FF2B2801D1B4
:1078F00007239CE72046FFF738FF062397E720463B
:10790000FFF71AFF2D2801D1092390E72046FFF742
:107910002CFF08238BE72046FFF70EFF2F2885D08A
:107920002046FFF722FF0A2381E72046FFF704FFE6
:107930003C2801D111237AE72046FFF716FF2023C8
:1079400075E72046FFF7F8FE3E28F5D112236EE7D3
:107950000E236CE70B236AE7102368E70F2366E723
:107960000C2364E72046FFF7E7FE5C2805462AD192
:107970002046FFF7E1FE7628054607D86D2807D890
:107980005C2820D0622843D027281CD06E4631E0E6
:10799000A0F16E03082BF9D801A252F823F000BF22
:1079A000C57904128D7904128D7904128D7904122F
:1079B000E77904128D790412157A04128D79041274
:1079C000E37904120A252046FFF7B6FE272805D0E2
:1079D0002046FFF7CAFE0920FEF7C4FC1A232573D0
:1079E00025E70B25EFE70D25EDE7FFF7A5FE05469B
:1079F00006F8010B303DEDB2092D2046F5D9FFF711
:107A0000B4FE00233046337003F062FDC5B2DAE7FE
:107A10000825D8E70925D6E737462046FFF78CFE2C
:107A20002578034625B10A20FEF79CFC1D23FEE6BF
:107A30005C2840F092802046FFF77EFE782856D8DA
:107A400060281BD8222800F08480582860D0A0F13C
:107A50003003072B4FF0000549D8A0F13003072B66
:107A600066D800EBC500A0F130052046FFF764FEA4
:107A7000F3E700BF11008000DC230612A0F16103D0
:107A8000172BE4D801A252F823F000BF0D7B04129B
:107A9000017B04124F7A04124F7A04124F7A0412B7
:107AA000097B04124F7A04124F7A04124F7A04129F
:107AB0004F7A04124F7A04124F7A04124F7A04124A
:107AC000ED7A04124F7A04124F7A04124F7A04129C
:107AD000057B04124F7A0412577B04124F7A04126A
:107AE000FD7A04124F7A0412117B04120A25EBB2BC
:107AF00007F8013BBB1B7F2B8FDD97E70B25F6E7D4
:107B00000825F4E70D25F2E70C25F0E70725EEE759
:107B10002046FFF711FE0025A0F13003DAB2092A52
:107B20000AD940F02002D2B2A2F16101052909D997
:107B30002046FFF71AFEDAE72D0120461D44FFF725
:107B4000FBFDE9E740284FEA051588BFA2F157037E
:107B5000F3E70546CBE70925C9E72228C8D13D70E0
:107B600064E73038C0B209283FF6ADAE2046FFF7D3
:107B7000FCFDFFF7E1FD3028054640F08F802046F0
:107B8000FFF7DAFD00F0DF03582B054630D1204621
:107B9000FFF7D2FD6E460546A5F13003DBB2092B97
:107BA0001FD945F02003DBB2613B192B19D9002303
:107BB00033701026684606F09BF8082E4CD0102E25
:107BC0000CBF0427012700266A463146884245DC5F
:107BD0001B2305F0DF054C2DE660237261D11C23C9
:107BE00025E606F8015B2046FFF7A6FD0546D3E72C
:107BF000422B14D12046FFF79FFD6E460546A5F1A6
:107C00003003DBB2012B03D9002333700226D1E706
:107C100006F8015B2046FFF78FFD0546EFE7A0F170
:107C20003003DBB2072B15D92046FFF79EFD00235A
:107C3000E3601B23FBE506F8015B2046FFF77CFDB4
:107C40000546A5F13003DBB2072BF4D900233370CE
:107C50000826AFE76E46F4E70327B4E712F8013BC6
:107C6000A3F1610CBCF1050F04D8573BBE401E4385
:107C70000131ABE7A3F1410CBCF1050F94BF373BD9
:107C8000303BF3E7204607FB0636FFF755FD054678
:107C9000A5F13003DAB2092AF4D999E700260A27B8
:107CA000F6E72046FFF761FDC5E500BF83070FD16A
:107CB000642290FBF2F302FB13035BB94FF4C87329
:107CC00090FBF3F203FB1200B0FA80F0400970471A
:107CD0000020704701207047F8B5334A0D4604462E
:107CE000D0E9000100230FF0A3FB104619463C2207
:107CF00000230FF09DFB00232A603C220FF098FB2D
:107D0000C5E901200023D4E90001274A0FF090FBC8
:107D1000044604300E464FF007024FF0000341F1D5
:107D200000010FF085FB40F2B271AA610846FFF72F
:107D3000BDFF00F26D13DA179C4276EB020705DBFC
:107D4000E31A66EB02061C460131EFE70123A1F2BC
:107D50006C716961EC61EB6060B13B2C76F1000302
:107D600008DBA4F13B03334308BF0220013CE86079
:107D700066F100060B2300210C4F37F91320D017B2
:107D8000944276EB000006DB2B61EB682846234427
:107D90009B1AEB60F8BD013B61F1000153EA01025F
:107DA000EBD10022F0E700BF805101002A24061227
:107DB00070B50C46064670B10A48F7F7CFF805468D
:107DC00020B98B2208490948F8F7E2FF324616210C
:107DD0002846F7F735FA1CB1054B03CB20606160EC
:107DE000002070BD798805121C240612EFC305120D
:107DF00058D0002030B50446002085B00D4602A9B9
:107E0000CDE90200FFF7D4FF3C23029A68465A43AB
:107E1000D4E900319B1841EBE2722946CDE90032EA
:107E2000FFF75AFF05B030BD0149FFF7E3BF00BFC0
:107E300034D0002008B5F8F7BFFE10B1022100F0E1
:107E40000DF8044803F02AFD034803F027FD002045
:107E500008BD00BF01C405120BC4051270B588B07F
:107E600003460C4668461F211A4A04F0F1F9002324
:107E7000022C8DF81F301BD01749184B012C08BF5E
:107E80001946684604F0DEF8154E0546C0B10023D9
:107E90000222194604F00AF9306808B103F03CFEEA
:107EA000022C104B356005D15D60C3E9025507E037
:107EB0000D49E6E700225A60002CF6D1C3E90244DE
:107EC000306818B103F0F4FE08B070BD4FF0FF3019
:107ED000FAE700BF1FC405121CC4051219C405121D
:107EE00060D00020109D002016C40512034B1868B6
:107EF00008B103F0DDBE4FF0FF30704760D00020C6
:107F0000F8F77ABA0846FBF795BE862303604FF070
:107F1000FF307047022983BF862303604FF0FF3094
:107F200001207047084611461A46FBF7D8BE08469E
:107F300011461A46FBF74CBE084611461A46FBF797
:107F400094BE084611461A46FBF7ACBE10B504466F
:107F50000846F9F735F808B90C23236010BD10B5B1
:107F6000044608461146F9F703FA08B90C232360C2
:107F700010BD10B5044608461146F9F71DF908B9B9
:107F80000C23236010BD0846F9F724B908B5F9F7AA
:107F900067FD60B1F9F764FD044602460821044814
:107FA000F8F72EFE2046F9F7D5FDF9F715FCFEE7A8
:107FB00027C4051237B5002300220F4D0446286858
:107FC000CDE9002320B90D48F6F7C8FF286058B165
:107FD0000021F7F737F838B96A4610212868F7F713
:107FE0002FF92868F7F78AF8DDE900010CB1C4E938
:107FF000000103B030BD00BF64D0002079880512B5
:1080000010B5044620B95B2207490848F8F7C0FEBE
:108010000023C4E92333236D9B681BB12046BDE8D0
:1080200010401847184610BD442406121688051241
:1080300073B5044620B9222218491948F8F7A8FE5A
:10804000D4F88C00694601AA043002F031FB0546E1
:1080500060B121F04DFE0022D4F88C306FF00305A2
:108060001A6021F08DFD284602B070BD236D5E6A56
:108070004EB9D4F88C004FF0FF33694601AA0430A2
:1080800002F058FAEFE70246019B20460099B047FC
:10809000019B9842EDD06FF00605E4E796240612A6
:1080A0003DC4051270B516461D46044628B94FF466
:1080B0008D7215491548F8F76BFE238B9B070ED57B
:1080C000D4F88C0058B14FF0FF332A4631460430C3
:1080D00002F094F930B16FF00200F8F77DF9002555
:1080E000284670BD21F004FED4F88C301A68012AAD
:1080F00007D001221A6021F043FD2046FFF798FFC8
:10810000EEE721F03DFDEBE7852406121688051207
:108110002DE9F0410D4616461F46044628B94FF496
:1081200086720A490A48F8F733FE238BDB070AD523
:10813000D4F8900038B13B4632462946BDE8F041BC
:108140004068F7F70DB80020BDE8F08175240612ED
:108150001688051213B5044620B9DA2223492448AB
:10816000F8F716FE238B9A0711D50021236D5B6962
:1081700020469847D4F88C00694601AA043002F0E2
:1081800097FA20B3238B23F002039BB22383DB07F0
:108190001AD5236D01215B6920469847D4F89030A9
:1081A00073B15868F6F7AAFFD4F89030586800F019
:1081B0009CFAD4F89000F9F70DF80023C4F8903039
:1081C000238B23F001032383002002B010BDD4F8D9
:1081D0008C004FF0FF33694601AA043002F0AAF97F
:1081E000236A002BC6D00099C2E700BF64240612A0
:1081F000168805122DE9F0410D46044688B020B9D5
:108200006D225C495C48F8F7C3FD202200216846D6
:1082100021F066FD15F001066F4603D0E38AD90709
:1082200040F1A58015F0020303D0E28A920740F1E5
:108230009E80EDB22583C3B1D4F88C80B8F1000FD5
:108240000FD12820F8F7BCFE054600286FD0434622
:1082500001220221043002F0ABF8C5F80080C4F816
:108260008C50238B43F00203238326B90025284634
:1082700008B0BDE8F081D4F8900000285AD1082059
:10828000F8F79EFE0646002851D0D4F89400F8F77F
:1082900056F905463948F8F752F905441F2D04D917
:1082A000A32234493648F8F773FDD4F89450284691
:1082B000F8F745F9294602463846F8F7ABF8D4F8FE
:1082C0009400F8F73CF905462C48F8F738F92B49A3
:1082D00002467819F8F79EF82A49D4F89400F8F77E
:1082E00036F958B14FF420720521384600F0DEF916
:1082F000054668B13046F8F76DFFB8E72249D4F873
:108300009400F8F724F90028ECD14FF4A072EBE7C1
:1083100030603846C4F89060F6F720FE7060D4F8FC
:108320009000456835B9F8F755FFC4F890506FF0E4
:1083300004059CE701214068F6F784FE054688B1F4
:10834000C8220C491148F8F723FDD4F8903058683A
:1083500000F0CBF9D4F89000F8F73CFF0023C4F804
:10836000903084E7238B43F0010323837EE76FF093
:1083700007057CE754240612168805124EC4051220
:1083800057C4051291C4051295C405125AAC0512C2
:1083900013B5D0F88C3004463BB1D4F88C00694654
:1083A00001AA043002F084F908B102B010BDD4F87B
:1083B0008C004FF0FF33694601AA043002F0BAF88E
:1083C000236A002BE9D0204600999847E5E7000092
:1083D00070B50C461646054628B94FF4A1722649D9
:1083E0002648F8F7D5FCA4F111022B6D062A3CD8DB
:1083F000DFE802F0040C0E171B262D001C68ECB100
:10840000314628462346BDE8704018475C68F6E7C9
:10841000DC6814B12846A04704462846FFF7B8FF99
:108420000CE01C6954B13168EBE75C6936681CB13B
:1084300031462846A0470446002EEED0204670BDA7
:108440001C69002CFAD028469B693168DBE71C695F
:10845000366824B131462846DB6998470446002E29
:10846000ECD12846FFF7E4FDE8E7324621462846EE
:10847000BDE870401B6A1847AF2406121688051223
:10848000F8B50E4615461F46044628B94FF4E37268
:1084900010491148F8F77CFC062323750023C4E932
:1084A00007330E4B45F0040263620D4BC4F8946031
:1084B000A3620C4BE764E3620B4B314623630B4B27
:1084C000204663630A4B92B2A363BDE8F840F6F717
:1084D00077BD00BFC22406123DC4051201800412FC
:1084E000F58104125581041211810412A580041231
:1084F000D183041270B504460D462046FFF798FD5F
:108500000028FAD0236A23B129462046BDE87040EE
:10851000184770BD70B50446D0F890001346154654
:1085200040680A460021F6F753FEE36923B1294665
:108530002046BDE87040184770BD00002DE9F843A3
:1085400017461E46054620B98D2217491748F8F7E9
:108550001FFCB6F5803F04D38E2213491448F8F768
:1085600017FC21F0C5FB5035B5F910908046284620
:1085700002F0F2F8A9EB0009B14509D20D4B1C78C5
:108580000134E4B2012C1C7002D10B48F8F738FB1F
:108590003946B2B2284602F0F9F80446404621F0C6
:1085A000EFFA2046BDE8F883E124061299C40512CB
:1085B000A9C4051268D00020BFC40512F8B517463B
:1085C0001D46044620B931220D490E48F8F7E0FB5C
:1085D000B5F5803F04D3322209490B48F8F7D8FBA0
:1085E00021F086FB39460646AAB204F1500002F09B
:1085F0000FF90446304621F0C3FA2046F8BD00BF0B
:10860000D424061299C40512A9C40512142938B538
:10861000144607D132B1B0F96050503002F09CF8E6
:108620002D1A2560002038BDF8B5069F0E461D4660
:10863000044620B9FB2215491548F8F7A9FB25B9CE
:10864000FC2212491348F8F7A3FBB7F5803F04D387
:10865000FD220E491048F8F79BFB29463AB204F177
:10866000500002F059F80F2323750023C4E90933A1
:10867000E3620A4B31462363094B20466363094B8F
:108680000322A363BDE8F840F6F79ABCEF24061274
:1086900052C40512D2C40512A9C40512BD85041224
:1086A0003D8504120D860412F6F730BCF7B5064678
:1086B0000F4601206C21D41CF8F77EFD24F0030442
:1086C000054638B12046F8F77BFC034630B928460A
:1086D000F8F780FD6FF0040003B0F0BD3A46314674
:1086E00028460094FFF7A0FFF6E710B5044648B10E
:1086F000FFF7DAFF606DF8F76DFD2046BDE810402A
:10870000F8F768BD10BD08B5036D02461B6923B1BB
:108710001F2158329847002008BD6FF00500FBE785
:1087200010B5036D04461B684BB10021984700202B
:10873000E38A23F01003E3820023E36110BD6FF0AE
:108740000500F5E7022938B50546144604DC002982
:1087500013DC6FF0050026E0A1F11F03032BF8D80E
:10876000203902290BD8DFE801F0021F25002B6D0C
:108770009B68002BEDD028469847002013E00CB3EF
:108780006A6D236811688B421FD8526893421CD3CC
:108790002B6D1B69002BDCD022461F2128469847F1
:1087A00008B92368AB6538BD64B16B6D0FCB84E845
:1087B0000F00E2E734B123785A1E012A05D885F864
:1087C0007430DAE76FF00300EDE74FF0FF30EAE7CF
:1087D00010B5426DD2E900130C4A914203DD01321B
:1087E0009342B8BF1346002401218365036D80F8CE
:1087F00074104466C465C46604671B6813B1984767
:10880000204610BD6FF00500FBE700BF3F420F00A0
:10881000F7B51F46036D0546DC681646BCB3A04796
:1088200095ED167A07EE900A6B6DF8EEC76A1B7B22
:10883000D5ED185A022B02BFF8EE677AD6EEA57A6C
:10884000FCEEE77AF8EE677A95ED176A87EEA67A7E
:10885000B8EEC66AF0EE477AE6EE257ABDEEE77A24
:108860008DED007AB8EEC77A77EEC77A9FED097A78
:1088700067EE877A082F3C4628BF0824FDEEE77A8A
:10888000224669463046CDED017AF7F7C3FD204612
:1088900003B0F0BD0024744970B51646026D05465C
:1088A000516800295CD09268002A5BD0082B4FF0F9
:1088B000000459D19047EC6596ED017A9FED2B6A43
:1088C000B8EEC77AD5ED167AC7EE066A96ED007A4D
:1088D000F8EEE77AB8EEC77AB7EE006A76EE876A06
:1088E00086EE277AF4EEC76AF1EE10FA12D46B6DB9
:1088F000012493ED027AB8EE477A87EE276A07EEF5
:10890000104AF8EEC75A86EEA57AB4EEC76AF1EEC1
:1089100010FA1DDB67EE877A012C85ED187AFCEEE4
:10892000E77AC5E9194405F16C0113DC95F8742068
:10893000012A0FD10023EB664B602B6D17EE901AC6
:1089400028465B689847B0FA80F04009C00070BDC7
:108950000134D4E733680222EB6673684B60ECE7BE
:108960000846F4E71046F2E72046F0E70024744991
:1089700010B5044628B94FF4A67211491148F8F70A
:1089800007FAE36D0133E365636EA3B9A36E636613
:1089900094F87430012B07D1236D9B680BB12046EE
:1089A00098470023E3662367E36943B12046BDE8A7
:1089B000104008211847013B6366002BE6D010BD2C
:1089C0001D250612EC85051270B50D4616460446A7
:1089D00028B940F2791216491648F8F7D9F9236DEB
:1089E0002BB94FF4BD7212491348F8F7D1F9636DF2
:1089F0002BB940F27B120E491048F8F7C9F9112340
:108A000023750023C4E907330D4BE66463620D4B05
:108A10002946A3620C4B2046E3620C4B0B222363D6
:108A20000B4B63630B4BA363BDE87040F6F7C8BA0A
:108A300002250612EC850512D6C40512ECC40512F7
:108A4000D1870412078704122187041211880412A7
:108A500099880412458704120020704770B50446B7
:108A60000D461646084900225830F6F7D5FEE36F4A
:108A700013B94FF47A73E367324629462046BDE8BE
:108A8000704000F0B5B900BF03C5051270B50C46C3
:108A9000054620B9302222492248F8F779F914F422
:108AA000007302D0EA8A920537D514F4006002D030
:108AB000EA8A160531D514F4807202D0E98AC90514
:108AC0002BD514F4806102D0EE8A760525D5E4B268
:108AD0008BB14FF4007244F4007423462C8388B1A8
:108AE00044F400642C8342F400622B6D102128466C
:108AF0009B6898470FE0002AEFD04FF4807244F44F
:108B00008074EAE729B143F480632B8342F48062E6
:108B1000EBE7002AE9D1002070BD6FF00700FBE70A
:108B2000732506121688051210B5044620B9732263
:108B300018491948F8F72CF9A37E012B28D8238B64
:108B400013F480721FBF4FF4807223F480739BB2C2
:108B50002383590541BF23F480639BB2238342F4EE
:108B60008062980541BF23F400739BB2238342F4D3
:108B7000007219050AD523F40063238342F40062CE
:108B8000236D112120469B68984701E0002AF7D108
:108B9000002010BD662506121688051270B50D4618
:108BA0001646044620B9A62213491448F8F7F0F8EF
:108BB000022D0BD0032D13D0012D0DD0236D324685
:108BC00029462046BDE870409B681847E38A43F079
:108BD0002003E382002070BDE38A23F02003F8E73E
:108BE000002EF7D0A37E002BF4D0236D2046BDE8E5
:108BF00070400021DB6818475725061216880512B9
:108C0000F8B50E46054620B9E3220C490C48F8F7A2
:108C1000BFF805F158074FF0FF313846F6F74AFE26
:108C2000044640B92B6D31462846DB689847044618
:108C30003846F6F715FF2046F8BD00BF4625061258
:108C4000EFC305122DE9F041036D05461C680E4681
:108C5000174684B100F158084FF0FF314046F6F74F
:108C600029FE2B6D3A46314628461B689847044634
:108C70004046F6F7F5FE2046BDE8F0811FB5069C9C
:108C800002F00402ADF80010ADF80620694601229A
:108C9000ADF808400393FFF7D5FF0028C8BF204672
:108CA00004B010BD2DE9FF41DDF828800F461446C1
:108CB0001E46054628B94FF496720D490D48F8F73F
:108CC00067F804F0040401226946284644F00104D0
:108CD000ADF80070ADF80640ADF808800396FFF7D8
:108CE000B1FF0028C8BF404604B0BDE8F08100BF16
:108CF000332506123D87051270B5C66C0C46154625
:108D000026B9502205490648F8F742F82A46214676
:108D10003046BDE87040FFF741BF00BFD1250612C5
:108D20003D870512F7B5C76C0C4615461E4627B998
:108D30003E2209490948F8F72BF825B93F22064990
:108D40000748F8F725F82B4638460096220CA1B2C2
:108D5000FFF794FF03B0F0BDBC2506123D87051256
:108D600040AC0512F7B5C76C0C4615461E4627B930
:108D70002A2209490948F8F70BF825B92B22064998
:108D80000748F8F705F82B4638460096220CA1B2A2
:108D9000FFF788FF03B0F0BDA82506123D87051236
:108DA00040AC051210B5C46C24B91B220449054817
:108DB000F7F7EEFF2046BDE81040FFF7B5BE00BF55
:108DC000932506123D87051238B5C56C0C4625B9AA
:108DD000122205490548F7F7DBFF21462846BDE882
:108DE0003840FFF753BE00BF7F2506123D870512AE
:108DF000F8B50D461646044620B98D220C490D489B
:108E0000F7F7C6FF0823002723750B4B2946A362FB
:108E10000A4B2046E3620A4BE4642363094B676212
:108E20006363094BB2B2A363F6F7CAF83846F8BDDC
:108E3000E82506123D870512C98D0412A58D04127E
:108E4000658D0412258D0412F98C041270B5094D3C
:108E50000446D5F8D0302BB94FF49572064907482F
:108E6000F7F796FFD5F8D0302146BDE870409B68F3
:108E7000004818476CD000200626061210C50512BF
:108E800070B515461C46064620B9222208490948F5
:108E9000F7F77EFF55B1042C08D1D6F8D030304614
:108EA0009B68298898476880204670BD0024FBE7AE
:108EB0007026061227C505124FF6FE73994270B54B
:108EC00004460D46164604DD6E220B490B48F7F7A3
:108ED0005FFF002304F1500232F823108D4203D0CB
:108EE0000133202BF8D170BD143304EB8304E378F5
:108EF00066F34703E370F6E77A26061236C50512D5
:108F000070B50D4E0446D6F8D0300D462BB94FF44F
:108F100091720A490A48F7F73BFF2A46214606485C
:108F2000FFF7CAFFD6F8D0302A462146BDE8704088
:108F30005B680148184700BF6CD00020122606125B
:108F400010C5051270B514461D46064620B93122DB
:108F50000B490C48F7F71CFF7CB1042D0DD13046AE
:108F600062882188FFF7A8FFD6F8D03030465B68CA
:108F7000628821889847284670BD0025FBE700BF1E
:108F80008B26061227C505124FF6FE73994270B55F
:108F900004460D46164604DD402214491448F7F7EE
:108FA000F7FEFE2E04DD412210491248F7F7F0FECD
:108FB00000234FF6FF7004F1500131F82320954251
:108FC00005D0824203D00133202BF6D170BD04EBD3
:108FD00083021433A2F8505082F8526004EB8304E9
:108FE000E37823F00103E370F0E700BF9626061252
:108FF00036C5051248C5051270B50D4E0446D6F8A3
:10900000D0300D462BB94FF48D720A490A48F7F754
:10901000BFFE2A4621460648FFF7B6FFD6F8D030F5
:109020002A462146BDE870401B680148184700BF2A
:109030006CD000201F26061210C5051270B50E4612
:109040001546044620B9A02212491348F7F7A0FE9E
:10905000022E08D1D4F8D0309B6913B100212046EC
:109060009847002070BD012E03D1D4F8D030DB69C1
:10907000F3E765B12046AA782988FFF785FFD4F881
:10908000D03020461B68AA7829889847E9E74FF036
:10909000FF30E7E7A326061227C5051238B51224CC
:1090A0000F4B104D1C750024DA644FF6FF721D63E0
:1090B0000D4DC3E907445D630C4DC3E90944DC620F
:1090C0009D63C3F8D010503323F824200134202CA2
:1090D000FAD1014603220248F5F772FF002038BD9D
:1090E0006CD00020818E0412458F04123D90041232
:1090F0002DE9F341DFF844801F46D8F8D03004460C
:109100000D46164623B9FB220A490B48F7F740FEE5
:10911000D8F8D030D3F80C80B8F1000F08D033461F
:109120002A46214605480097C04702B0BDE8F081B5
:109130000620FAE75E26061210C505126CD0002044
:1091400070B50B4D0446D5F8D0302BB94FF4827270
:1091500008490948F7F71CFED5F8D0301B6923B140
:109160002146BDE8704002481847062070BD00BF88
:109170006CD000204C26061210C5051270B51A4E90
:109180000446D6F8D0300D462BB94FF487721749F4
:109190001748F7F7FDFDD6F8D0305B6913B34FF6EB
:1091A000FE739C4204DD592212491348F7F7F0FD83
:1091B0000023124A32F823108C420BD00133202BAB
:1091C000F8D1D6F8D0302A462146BDE870405B6918
:1091D00005481847143306EB8303DA7865F3000279
:1091E000DA70EEE7062070BD6CD000203A26061239
:1091F00010C505122B26061236C50512BCD000205C
:1092000037B50D46044620B9852206490648F7F7CA
:10921000BFFD236D294620465B6801AA9847019847
:1092200003B030BD362706129EB6051238B50D467E
:10923000044620B9902208490848F7F7A9FD236D94
:109240001B6833B1012229462046984700B965655D
:1092500038BD6FF00500FBE7282706129EB6051201
:1092600038B50D46044620B9A62209490948F7F742
:109270008FFD236D1B683BB100222946204698478D
:1092800008B9FF23636538BD6FF00500FBE700BF39
:10929000192706129EB6051201282DE9F041054650
:1092A0000C467EDDD1F804804549404604F06EFB53
:1092B000A8B9032D0FD1A068F5F750FE414B424AE3
:1092C0001860424BA168002818BF1A464048F7F7BB
:1092D00097FC00200BE03F48F7F792FCF9E7394E86
:1092E000376837B93C48F7F78BFC4FF0FF30BDE8E3
:1092F000F0814046394904F049FBC0B9032D5CD1E7
:10930000A06802F0E5F801463846FFF78FFF2F4DC1
:109310002D4B3668002818BF1D46A06802F0D8F80B
:109320002B46314602462E48F7F76AFCD1E7404605
:109330002C4904F02BFBA0B9032D10D1A06802F03A
:10934000C7F801463846FFF75BFF0546A068366858
:1093500002F0BEF82B46024631462348E4E7234894
:10936000BAE74046224904F011FBC0B9032D14D1DD
:10937000A06802F0ADF801463846FFF771FF134DC3
:10938000114B3668002818BF1D46A06802F0A0F8EF
:109390002B46024631461748C6E717489CE7174850
:1093A0009AE71748F7F72CFC0A48F7F729FC0F480B
:1093B000F7F726FC1048F7F723FC12488CE700BFAC
:1093C0005CC5051240D1002054C50512308C051231
:1093D00062C5051270C505129CC50512C7C50512E8
:1093E000CEC50512D9B1051216C605123CC6051226
:1093F00074C605127CC6051297C60512C5C60512AD
:10940000F3C60512E9C50512036D1B6803B11847C1
:1094100018467047F0B505460F468BB0164600213A
:1094200022220DF106001C4620F05AFC2B6DADF8EF
:1094300004701B6813B920460BB0F0BD8321284689
:1094400001AA984710B9039B3360F4E70020F3E7C3
:10945000F0B505460F468BB01646002122220DF1CD
:1094600006001C4620F03CFC2B6DADF804701B6818
:1094700013B920460BB0F0BD8321284601AA9847B6
:1094800008B10020F6E73368822103932B6D28464C
:109490001B6801AA98470028EBD0F2E7F8B504460C
:1094A0000D461746002154221E4620F019FC084B99
:1094B000C4E913672363074B29466363064B2046C1
:1094C000A363122323750322BDE8F840F5F778BDA6
:1094D00015940412519404120994041270B50446B0
:1094E0008AB00D4616460021242201A820F0F8FB80
:1094F00054B18021204601AA8DF80660ADF80450D1
:10950000F5F79EFE0AB070BD6FF00700FAE730B5C0
:1095100004468BB00D462422002101A820F0E0FB78
:1095200044B18121204601AAADF80450F5F788FE28
:109530000BB030BD6FF00700FAE7F0B504468BB012
:109540000F4616460021242201A81D4620F0C8FB24
:1095500054B18221204601AACDE90265ADF804701C
:10956000F5F76EFE0BB0F0BD6FF00700FAE70000F4
:109570002DE9F04105468CB0002090460C46FEF7E0
:1095800019FDCDE90001F8F7CFF96846FEF74CFC6C
:10959000034603AE00F120023746186859680833C5
:1095A00003C793423E46F7D11868A5F26C75386040
:1095B000F8F7C8F9013C03A8CDE90684089503F043
:1095C000D7FCCDE900010748F5F7C8FC30B16A4681
:1095D0001121F5F735FE0CB0BDE8F0814FF0FF30FA
:1095E000F9E700BF798805122DE9F04180468CB07B
:1095F000002016460F46FEF7DDFCCDE90001F8F726
:1096000093F96846FEF710FC034603AC00F1200214
:10961000254618685968083303C593422C46F7D18C
:1096200018682860F8F78EF903A8CDE90478039646
:1096300003F09EFCCDE900010648F5F78FFC30B140
:109640006A461121F5F7FCFD0CB0BDE8F0814FF042
:10965000FF30F9E77988051207B50020FEF7AAFC6C
:10966000CDE90001684603F071FB01460248F7F7B7
:10967000C7FA03B05DF804FB88C0051201282DE984
:10968000F7430C460ED10020FEF794FCCDE9000113
:10969000684603F05BFB01462C48F7F7B1FA03B0CC
:1096A000BDE8F08306284CD9486801F011FF074651
:1096B000A06801F00DFF5FFA80F8E06801F008FF94
:1096C0008146206901F004FF0546606901F000FF52
:1096D0000646A06901F0FCFEA7F2B2739BB2812B93
:1096E00005D91B4803B0BDE8F043F7F789BA08F184
:1096F000FF330B2B01D91748F4E709F1FF33DBB235
:109700001E2B01D91448EDE7EDB2172D01D91348EE
:10971000E8E7F6B23B2E01D91148E3E7C4B23B2C8F
:1097200001D91048DEE741465FFA89F2B8B2FFF787
:109730001FFF22463146284603B0BDE8F043FFF73D
:1097400053BF0948F7F75CFA0848CBE7B99F051201
:10975000FCC605121EC705123CC7051258C70512E4
:1097600075C7051294C70512B3C70512EDC70512D8
:1097700038B5C56D04462DB940F261120B490C484D
:10978000F7F706FBAA88EB889A4205D1A86810B1C2
:10979000A06DC0F38F2038BD9DBFA06D9B1AC0F394
:1097A0008F20D01A98BFC01AF5E700BFE428061230
:1097B00014C8051210B5044628B940F231220949EF
:1097C0000948F7F7E5FA0023C4E91733236D1B684E
:1097D0002BB1204604F15401BDE81040184718464B
:1097E00010BD00BF4D2806121688051270B5066A16
:1097F00005460C4626B9B42210491148F7F7C8FAB5
:109800006B69DA0717D42CB123681BB1214606F126
:1098100040009847F46D20F06BFAE288A3889A42E2
:1098200007D1A468631E5C425C4120F0A9F9204680
:1098300070BD0124F9E70024F9E700BF24290612CE
:10984000EFC3051270B50E461546044628B940F21E
:10985000AF3223492348F7F79BFA022E27D00CDCBE
:10986000214B9E422DD0012E27D0236D2A46314612
:109870002046BDE870405B681847032EF5D1D5B18E
:109880006A68A36DC2F38F22C3F38F239A42A67E28
:1098900000D016BB95E8030004F1540383E80300ED
:1098A0004EB1236D294620461B68984703E0E38AA2
:1098B00043F02003E382002070BDE38A23F02003FD
:1098C000F8E720F015FA06462046FFF751FF044658
:1098D000304620F055F92C60EDE70720ECE700BF9B
:1098E00001290612168805127F6604801346006A55
:1098F0000A464FF0FF31F5F76BBC2DE9F042054603
:109900000E461746046A04F140093B4632464FF0C2
:10991000FF312046F5F724FC00280BDC6B6913F4BB
:10992000804105D14FF0FF32484601F00DF8ECE7D9
:109930006FF00A00BDE8F082006AF5F781BC10B54F
:10994000046A00212046F5F7A3FC2046F5F7D6FB74
:10995000002010BD70B5066A054626B943221D4990
:109960001D48F7F715FA6B6903F00303012B2CD0A0
:10997000022B0ED05BB31948F7F742F96969184812
:1099800001F00301F7F73CF91648F7F739F900241D
:109990000CE0F38A40F6030413F4006F08BF0324BD
:1099A0009B054CBF44F4007444F480746B6903F06D
:1099B0000303012B03D030460B49F5F769FC214620
:1099C0003046BDE87040F5F73DBB0224EEE740F2BB
:1099D0000114EBE713290612EFC3051227C805127D
:1099E00031C80512689D0512ED99041208B50121D0
:1099F000403000F07EFF002008BD00002DE9F0415E
:109A00000D46044628B94FF411727A497A48F7F79F
:109A1000BFF915F4007303D0E28A910540F1E680A6
:109A200015F4006703D0E28A120540F1DF8015F4D7
:109A3000807203D0E18ACE0540F1D88015F48068A9
:109A400003D0E18A480540F1D180690658BF267EDF
:109A5000E16D5CBFC6F38016B601EDB24CBF402687
:109A6000B6B22583002940F08A80002A4CD0A06D30
:109A7000C0F38F200C30F7F7A3FA054628B940F25F
:109A800063225C495D48F7F783F905F10C00286013
:109A9000A26D0021C2F38F2220F0A6F80023C5E9B1
:109AA0000133238BE56543F480732383236D4FF4E7
:109AB0008072102120465B689847236E002B40F08F
:109AC0008880B8F1000F64D00C20F7F779FA0546CA
:109AD00028B940F2A52247494948F7F759F92846DD
:109AE00000F0BCFB4FF480621021238B256643F409
:109AF00080632383236D5B68204698470020238B77
:109B00001E432683BDE8F081002BD6D0A06D3D4BCF
:109B1000034093B90420F7F753FA054628B940F2F9
:109B2000772234493848F7F733F900232B60E5658D
:109B3000238B43F400732383BFE7C0F38F200C30E3
:109B4000F7F73EFA054628B940F2822229492B4808
:109B5000F7F71EF905F10C002860A26D0021C2F391
:109B60008F2220F041F80023C5E90133236DE5651C
:109B70004FF40072032120465B689847D8E71AB17A
:109B800045F48075258398E7002B96D045F4007541
:109B9000F8E7002FB2D02820F7F712FA054628B9C7
:109BA0004FF42D7213491948F7F7F2F800232846AD
:109BB0000422082140F8043B00F0FAFB238B2566C1
:109BC00043F400632383236D4FF4006203215B6839
:109BD00092E7238BB8F1000F03D043F48063238313
:109BE0008CE7002F8AD043F40063F8E76FF007009A
:109BF00088E700BF5C2806121688051214C80512F3
:109C000061C8051200FCFF034FC8051274C8051295
:109C10002DE9F04115461E46044628B940F232327D
:109C200030493148F7F7B4F8FEB1238B13F480685C
:109C30001ED0D4F86080B8F1000F05D140F24B126D
:109C40002A492B48F7F7A4F83746236D2978204690
:109C50009B6898470146481C03D1404600F016FB1C
:109C6000F3E7013F05F10105EFD13046BDE8F08192
:109C70001A0520D5276E4FF0FF3332462946381D8E
:109C800000F0BCFB98B920F033F83B68012B0BD0F7
:109C900001233B601FF074FF236D32461F69294684
:109CA00002232046B847E0E71FF06AFFDDE7F6F73A
:109CB00093FB4646D9E7AF1915F8013B0A2B07D1AC
:109CC000238B5B0604D5236D0D2120469B689847A6
:109CD000236D20469B6815F8011C9847AF42EBD1D5
:109CE000C3E700BFD428061216880512C52806123D
:109CF00086C805122DE9F04717461D46044628B9C7
:109D00004FF446727A497B48F7F742F8002D7CD031
:109D1000238BD9053CD5D4F85C90B9F1000F05D15F
:109D20004FF48D7274497548F7F732F82E464FF0AC
:109D300000081BE0D9F80020084612F803A0013300
:109D40009BB2A9F80630A26DC2F38F229A4298BF47
:109D50000023BCF1010F08BFC9F80880A9F806303C
:109D60001FF00EFF013E07F801AB0FD01FF0C0FF40
:109D7000B9F80630B9F8042001469A42D9F808C06B
:109D8000D8D1BCF1000FD5D11FF0FAFEAD1B3CE0DD
:109D90009A0540F19A802FB94FF4E8725849594812
:109DA000F6F7F6FF1FF0A4FFA26D574B8046134055
:109DB000D4F85C907BBBB9F1000F05D14FF4ED7284
:109DC0004F495248F6F7E4FFD9F80030012B1FD075
:109DD0000123C9F80030236D1B692BB940F2DF1253
:109DE00047494B48F6F7D4FF236D20461E692A46A3
:109DF00001233946B047002440461FF0C1FE24B17C
:109E00006FF00600F6F7E8FA00252846BDE8F0876F
:109E10006FF00604F0E72046FFF7AAFC0646B9F10A
:109E2000000F05D140F2EF1235493448F6F7B0FF84
:109E3000AE42A8BF2E46B9F80620A36DD9F800108F
:109E4000C3F38F2390199842354611442DD23246E0
:109E50003846F6F7DFFAE76D2FB94FF4C6722D4991
:109E60002648F6F795FF2046FFF782FCB04205D260
:109E700040F28D1227492848F6F78AFFBB6813B1D4
:109E80000EB10023BB60FB8840461E44B6B2FE8084
:109E9000A36DC3F38F239E4222BFB6FBF3F203FBF5
:109EA0001266FE801FF06CFEAFE79A1A3846F6F78E
:109EB000B1FAA06DB9F80630C0F38F201A1AC01A93
:109EC000D9F8001032443844C3E72E46236D2046AB
:109ED000DB689847431C3FF459AF0A2807F8010B89
:109EE00006F1FF363FF452AF002EEFD14EE700BF30
:109EF000B628061216880512A728061214C80512DD
:109F00009828061294C8051200FCFF034FC80512DA
:109F1000BDC805127B280612E2C8051238B50446F2
:109F200028B94FF4367234493448F6F731FFA37E2E
:109F3000012B35D8238BD80534D5236D4FF480728F
:109F40005B68112120469847238B23F48073238379
:109F5000E36D2BB940F2E32227492948F6F718FFB1
:109F6000E06DF7F737F90023E365238B5A052CD50D
:109F7000236D4FF480625B68112120469847238B44
:109F800023F480632383236E2BB940F2F7221A490E
:109F90001C48F6F7FDFE206EF7F71CF90023236638
:109FA000002038BD9905E0D5236D4FF400725B6841
:109FB000112120469847238B23F400732383E36DFC
:109FC000002BCDD14FF43B72C6E71B05E8D5236DBE
:109FD0004FF400625B68112120469847238B256E61
:109FE00023F4006323832DB940F205320249064869
:109FF000F6F7CEFE2846CFE76B2806121688051224
:10A0000008C9051222C9051274C80512F8B50D4613
:10A0100016461F46044628B94FF491620E490F4870
:10A02000F6F7B6FE0023C4E9073323750C4B294627
:10A0300063620C4B2046A3620B4BE764E3620B4B5D
:10A04000B2B223630A4B63630A4BA363F4F7B8FF0E
:10A05000094BE363F8BD00BF352906124E85051292
:10A06000B5970412FD9904121D9F0412F59C041269
:10A07000119C0412459804124C2906122DE9FF4147
:10A08000CBB2013B0446032B72D8DFE803F0024F4A
:10A090007755C56D2DB940F2B4426A496A48F6F762
:10A0A00077FE01260027236D2046DB689847B0F134
:10A0B000FF3F804620D01FF01BFEAB882A6802F8C5
:10A0C0000380AB8801339BB2AB80A26DC2F38F22B9
:10A0D0009A4298BF0023EA88AB809A4209D1531C68
:10A0E0009BB2EB80AE60A26DC2F38F229A4298BF02
:10A0F000EF801FF045FDD6E7E369002B38D01FF055
:10A10000F7FDAA88EB889A423DBFA56D9B1AC5F35F
:10A110008F25D51A38BFED1A1FF032FD45B3E3691C
:10A120002946204604B0BDE8F0411847006E04B04F
:10A13000BDE8F04100F014B9056E02AA2E1D03A976
:10A140000023304600F0F6F9304602AA01A900F0DB
:10A15000AFFA80B901232B60236D2046DDE901129F
:10A160001D690223A847236A13B120460399984723
:10A1700004B0BDE8F08100232B60F4E7826D334B1F
:10A180000D121340B3B9C66D2EB940F213522D49CA
:10A190002F48F6F7FDFDE3692BB940F21552294926
:10A1A0002C48F6F7F5FDE369294620469847002339
:10A1B0003360DDE71FF09CFDE76D06462FB94FF4D5
:10A1C000D17225492048F6F7E3FDBB88FA88591972
:10A1D00089B29A42B98011D8A36DC3F38F238B4201
:10A1E00019D8B1FBF3F003FB101189B28A42B98090
:10A1F00011D80123BB60BA88FA800FE08A420AD8DE
:10A20000A36DC3F38F238B429EBFB1FBF3F203FB1D
:10A210001211B980EDE7BB68012BECD0A36D20468D
:10A22000C3F38F2393429CBF0023FB80FFF7A0FA68
:10A23000054630461FF0A4FCE369002B7FF470AFA5
:10A2400096E700BF3C28061214C8051200FCFF0365
:10A250004FC805123CC905121F28061210B5044646
:10A2600020B9152207490848F6F792FD1FF040FD76
:10A270002346002243F8042BC4E90133BDE8104013
:10A280001FF07EBC9629061262C90512F7B5044676
:10A29000019120B924222D492D48F6F779FDF7F7D1
:10A2A000DFFB05461FF024FD23680646012B48D03E
:10A2B0006368271D9F4204D02D2224492548F6F7C4
:10A2C00067FD019B002B3ED0002328462B63F7F748
:10A2D00041FCA26805F114031360A268AA61A3609F
:10A2E0006F611FF005FD0746F5F7B8FE40B117494D
:10A2F0001948F6F785FC402214491848F6F748FD3E
:10A3000038461FF03DFC019B002B09DD05F14C0791
:10A310000021384601AAF8F707F83846F7F74EFF4C
:10A3200030461FF02DFCF7F757FA2D6B1FF0E0FCBD
:10A3300006460023236030461FF022FC284603B067
:10A34000F0BD0025F5E76FF00105F4E7832906125B
:10A3500062C9051278C9051263A905125AAC051223
:10A3600038B5044620B964220F491048F6F710FDAD
:10A370002368012B17D01FF0BBFC0123236054F886
:10A38000043F0546A3420AD0A3F11400F7F7CEFC20
:10A3900028461FF0F5FBBDE83840F7F71DBABDE8C9
:10A3A00038401FF0EDBB38BD7029061262C9051296
:10A3B000F8B50D4616461F46044620B91C220D4925
:10A3C0000D48F6F7E5FC0023A36004F11003C4E98F
:10A3D000043304F11803C4E906332762258066803C
:10A3E000E800F6F7EDFDE06000280CBF6FF0040018
:10A3F0000020F8BDE1290612A7C905122DE9F3478F
:10A40000884617460446019320B93C2245494648F0
:10A41000F6F7BEFCF7F724FB05461FF069FC06467D
:10A42000638921892288591A914228D0B3FBF2F11D
:10A4300002FB1133E2689BB242F8338063892288C1
:10A44000B3FBF2F102FB1133E2689BB202EBC302F1
:10A450005760638901336381234653F8180F98428C
:10A460005DD01438F7F762FC30461FF089FBF7F730
:10A47000B3F94FF00009484602B0BDE8F087019BF0
:10A48000002B49D01FF034FC8146F5F7E7FD40B1C1
:10A4900024492648F6F7B4FB4D2222492448F6F712
:10A4A00077FC4FF0000A48461FF06AFB2846C5F8C3
:10A4B00030A0F7F74FFB626905F11403136062697E
:10A4C000AA61636104F110036B61019B534509DDCF
:10A4D00005F14C095146484601AAF7F725FF4846C1
:10A4E000F7F76CFE30461FF04BFBF7F775F9D5F820
:10A4F00030901FF0FDFB0646B9F1000F90D03046BA
:10A500001FF03EFBB9F1000FB5D1236A002BB0D08C
:10A51000022120469847ACE76FF00109EFE74FF0C2
:10A520000009ECE7CE290612A7C9051263A9051296
:10A530005AAC05122DE9F3478846174604460193A5
:10A5400020B9952254495548F6F722FCB8F1000F7E
:10A5500004D1962250495248F6F71AFC27B997229F
:10A560004D495048F6F714FCF7F77AFA06461FF003
:10A57000BFFB0546238962899A4237D02288B3FB04
:10A58000F2F102FB1133E2689BB252F83330C8F8A3
:10A59000003023892288B3FBF2F102FB1133E26819
:10A5A0009BB202EBC30253683B602389628901338B
:10A5B0009BB22381D31A6288934269DC234653F805
:10A5C000100F98425DD01438F7F7B0FB28461FF003
:10A5D000D7FAF7F701F9236A13B103212046984708
:10A5E0004FF00009484602B0BDE8F087019B002B00
:10A5F0004BD01FF07DFB8146F5F730FD40B1264979
:10A600002948F6F7FDFAA72223492848F6F7C0FBA8
:10A610004FF0000A48461FF0B3FA3046C6F830A0A3
:10A62000F7F798FAE26906F114031360E269B26180
:10A63000E36104F118037361019B534509DD06F1E1
:10A640004C095146484601AAF7F76EFE4846F7F70F
:10A65000B5FD28461FF094FAF7F7BEF8D6F830900B
:10A660001FF046FB0546B9F1000F83D028461FF0C6
:10A6700087FAB9F1000FB5D1236A002BB0D00121C0
:10A68000ACE728461FF07CFAA5E76FF00109EDE77B
:10A690004FF00009EAE700BFBC290612A7C905125E
:10A6A000B8C90512CCC9051263A905125AAC051226
:10A6B00070B50E461546044620B9F82214491548CF
:10A6C000F6F766FB1FF014FB238962899A4204D1D6
:10A6D0001FF056FA6FF0030070BD2288B3FBF2F151
:10A6E00002FB1133E2689BB252F8333033602288A8
:10A6F0002389B3FBF2F102FB1133E2689BB202EB58
:10A70000C3035B682B601FF03BFA0020E4E700BF47
:10A71000A9290612A7C9051270B50E4615460446AA
:10A7200020B92A2209490A48F6F732FB002D04DC39
:10A730002B2206490748F6F72BFB0023C4E90066E5
:10A74000C4E9023325F00305258270BD2C2A0612C8
:10A75000DCC90512EAC90512D0E902310246080C2B
:10A76000B0EB134F08D0D189538999420BD8B2F975
:10A7700010005B1AC01A70474B4013F0FF00FAD06C
:10A78000B2F910007047C81A704700002DE9F04177
:10A790000E469046044620B960221B491B48F6F736
:10A7A000F7FA2046FFF7D8FFB4F910703D1AADB2A2
:10A7B0007DB1454528BF4546E3896068FA1AAA423B
:10A7C000184409DD2A46314603F01CFAE3892B447C
:10A7D000E3812846BDE8F081314603F013FAE389AE
:10A7E000B4F910106068C91A6A1A314403F00AFA01
:10A7F000E289238AD21AA3892A44DB439BB243EA23
:10A800000243E360E5E700BF1A2A0612DCC905121D
:10A81000F8B50E461746044620B9CB221849194808
:10A82000F6F7B6FA2046FFF797FF054690B1638921
:10A83000B4F91020874288BF87B22168D21ABA4281
:10A840003D46194408DD3A46304603F0DBF963899A
:10A850002B4463812846F8BD304603F0D3F9638961
:10A86000B4F910002168C01A3A1A304403F0CAF94A
:10A870002389228ADB43238163899B1AE8E700BF8F
:10A88000082A0612DCC9051210B5044628B94FF48F
:10A89000DA7204490448F6F77BFA0023C4E902336C
:10A8A00010BD00BFF4290612DCC905120020704754
:10A8B00038B504460D461FF01BFAA2682B1D136025
:10A8C000A2680434AA6063606C60BDE838401FF081
:10A8D00057B910B504461FF00BFAD4E901124A60CB
:10A8E0006168231D1160C4E90133BDE810401FF009
:10A8F00047B92DE9F041044605460F461FF0F8F927
:10A900000123064645F8043B6468A54208D10024AB
:10A9100030461FF035F9ACB1BDE8F041F6F75CBF49
:10A92000A4F1040839464046A368984740B954F852
:10A93000040CF7F7FBF94046FFF7CBFF0124E7E7EC
:10A940002468E2E7BDE8F0812DE9F04186B00F46CA
:10A9500014460646F7F784F805461FF0C9F9804605
:10A96000F5F77CFB40B124492448F6F749F9562213
:10A9700021492348F6F70CFA40461FF001F920461A
:10A98000F4F74EFA009097BB88B3F7F769F81D4BC0
:10A990000190049302ABCDE9023305971FF0A8F9AB
:10A9A00033680446012B1AD0304601A9FFF780FF17
:10A9B0002846F7F7CFF8009B013308D04C356A469C
:10A9C00039462846F7F7B0FC2846F7F7F7FB20464C
:10A9D0001FF0D6F8F6F700FF1FF08AF904460023AF
:10A9E000204633601FF0CCF801A8FFF772FF00206B
:10A9F00006B0BDE8F08100BF3F2A061263A9051228
:10AA00005AAC0512ADA80412B2F86C00013000B2C5
:10AA100070470000D2ED0D3AFDEEE37A70B517EE07
:10AA2000904A25B2A84283B208DBD2ED134AFDEE6C
:10AA3000E47A17EE904A24B2844205DA0133CB81DE
:10AA40004FF480630B6470BD474C06EE900A647847
:10AA500092ED1F5A1C4424B2261A013607EE106AE2
:10AA6000D2ED1D7AB8EEC77AB8EEE66AB6EE004AC5
:10AA700075EE636A07EE046AD2ED205A86EEA77A75
:10AA8000D2ED026A35EE465A75EEE66A85EE273A51
:10AA9000D2ED1C2AF0EE667AB0EE665A42EEC77A24
:10AAA00002EEC35A67EE837AB0EE453A87EE835AD8
:10AAB000D2ED0E7A37EE457A75EEE75A27EE257A13
:10AAC000D2ED225AC7EE257AC7EEA65AF5EEC05A45
:10AAD000F1EE10FAB2D4D2ED0C7AD2ED126A92ED08
:10AAE0000F5A92ED157A35EE675A37EE667AB2F95B
:10AAF0006430B2F9606077EE456A9B1B013307EE64
:10AB0000903A431B07EE103AB8EEC77A74EEE34A68
:10AB100026EE877AC7EE246AF8EEE77A36EE855A93
:10AB2000DFED126A87EE857A27EE267ABCEEC77AC9
:10AB300081ED0F7A07EE105A67EE847AB8EEC77A85
:10AB400065EEA65A36EE476AFDEEE77A85EE867A1E
:10AB500017EE903ABCEEC77A0B87002381ED107A8E
:10AB60004B87CD8120466EE7F09C0020000080449A
:10AB7000B2F86E00013000B2704700002DE9F843D2
:10AB80002DED068B92ED1C9AB5EEC09AF1EE10FAFF
:10AB90007D4B054618680E46C0F3036314464CBF50
:10ABA000F1EE49AAF0EE49AA92ED0CAAC0F30740D3
:10ABB000002B48D007EE903AF8EEE79A07EE905A4D
:10ABC000F8EEE78A07EE900A1AEE900AB8EEE78AE6
:10ABD0000CF0FEF8804619EE900A89460CF0F8F861
:10ABE00002460B46002069490CF074FA02460B46F7
:10ABF000404649460CF0B6FB00B349EE888AFDEEAC
:10AC0000E88A18EE903A18B2FDEECA7A17EE903A3A
:10AC10001BB29D4208DD94ED0F5AFDEEC57A17EE8A
:10AC2000902A12B2AA4211DA6B1CB3814FF48063EE
:10AC30002846F363BDEC068BBDE8F883C8EE2A7A9C
:10AC400077EEA88ADBE7284400B2DDE7421B013239
:10AC500007EE102A07EE905AD4ED1E5AF8EEE77A66
:10AC6000BAEEEF7A94ED1D4A37EE277A75EECA7A7E
:10AC7000B4F98420C7EE846A07EE902A94ED206A26
:10AC8000F8EEE77A75EEC75A76EE677AC5EE844A33
:10AC9000F0EE675AB0EE674A49EE665A09EE644A2A
:10ACA00065EEA45AC5EE844AD4ED0E5A76EEE46AF7
:10ACB00036EE656AD4ED225A66EE866A86EEA56A9D
:10ACC000C6EE276AF5EEC06AF1EE10FA48BFF1EE63
:10ACD000666AF5EEC06AD4ED134A94ED0D4AD4EDE0
:10ACE000165A94ED103AB4F96620B4F96270F1EE98
:10ACF00010FA4FF0000486F8364095D4E91A07EEB2
:10AD0000901A73EE443AF8EEE77A74EEC44A35EEE0
:10AD10004A5A63EEA73A75EEC35A83EE856A75EE1A
:10AD2000E45A36EE046A65EEA77AD21B0132B0EE21
:10AD3000464AC7EE855A06EE102A75EEA44AB8EECA
:10AD4000C66AC6EE247A9FED126A67EE867AFCEE3A
:10AD5000E77AC6ED107A07EE903AF8EEE77A66EEFB
:10AD6000866A37EE677ABEEEC84AC6EE877A14EE78
:10AD7000101AFCEEE77A0D0CF5817182B381C6EDF5
:10AD80000F7AB46356E700BFF09C00200000F03F4C
:10AD9000000080442DE9F04F2DED028B99464FF4D1
:10ADA0006163ADF5157D1446BDF98422064692FB1C
:10ADB000F3F003FB102088460DF10E0203A900B248
:10ADC000A09DE1F7A7FABDF90C30DFEDB96A07EEF7
:10ADD000103ABDF90E30B8EEC77A07EE903AF8EEA9
:10ADE000E77A27EE267A67EEA67AC4463746BCE8AD
:10ADF0000F0086ED1C7AC6ED1D7A0FC7BCE80F0068
:10AE00000FC79CE80F0087E80F0006F1780395E86C
:10AE1000070083E807000023F1EE476A4FF07E52F7
:10AE20001A931B931C931F93239325932793299382
:10AE3000D8F80030CDED1D7A3493D8F80C30CDED34
:10AE40001E6A3593D8F818308DED207A3693D8F8ED
:10AE50002430CDED217A3793D8F80430CDED227A25
:10AE60003893D8F81030CDED246A8DED287ACDEDE9
:10AE70002A7A1992269296ED228A3993D8F81C30B4
:10AE800003273A93D8F828302BA83B93D8F80830FA
:10AE900024223C93D8F8143000213D93D8F8203078
:10AEA000CDE904773E93D8F82C304FF004083F9357
:10AEB000D9F8003006904093419342934393D9F8D8
:10AEC00004304493459346934793D9F80830489308
:10AED00049934A934B931EF003FF4CA83022002164
:10AEE000CDE9078709901EF0FBFE58A8302200210B
:10AEF000CDE90A870C901EF0F3FE64A830220021F1
:10AF0000CDE90D870F901EF0EBFE70A830220021D6
:10AF1000CDE9108712901EF0E3FE7CA830220021BC
:10AF2000CDE9138715901EF0DBFE3022002188A8A2
:10AF3000CDE9168718901EF0D3FE9DF8883204A83C
:10AF4000012B0CBF19A922A900F010FA34A907A8F7
:10AF500000F00CFA40A90AA800F008FA0AAA07A90A
:10AF60000DA800F04AFA0DAA04A910A800F072FA80
:10AF70000AAA10A913A800F011FA16A913A800F044
:10AF800004FA4FF0000C149BDDF84CA003F1FF38DD
:10AF90000AFB08F2DDF85490189B09EB820201923B
:10AFA000169A9100E04560DD1F46DDF804E00020C0
:10AFB0002AE0BCF1000F2CD109EB800BDBED007A0D
:10AFC00095ED007AB6F984B077EEC77A07EE10BA3D
:10AFD000D5ED026AB8EEC77A67EE887A37EE667A00
:10AFE00067EE877A9EED007A37EE667AC7EE876A5B
:10AFF000C7ED006AD5ED007A77EEA67AC7ED007A44
:10B0000001300EF1040E04378245D2DC0CF1010C44
:10B01000C8E7BCF1010FF3D100EB0A0B09EB8B0B76
:10B02000DBED007A95ED017AB6F984B077EEC77A58
:10B0300007EE10BAD5ED026AB8EEC77A67EE887AE5
:10B0400037EE667A67EE877A9EED007A37EE667A9B
:10B05000C7EE876A07EB010BCBED006AD5ED017AED
:10B0600077EEA67ACBED007ACAE7186803EBC20246
:10B07000206058180568014465600968A160596836
:10B08000E16041682161516861619968A1618168ED
:10B09000E16191682162DB686362C368A362D3687F
:10B0A000E3620DF5157DBDEC028BBDE8F08F00BFAE
:10B0B000000000382DE9F0438046BBB00F461D4626
:10B0C000164602B9FEE7542312FB03F3A3F154041E
:10B0D0000C44A27E012A05D1012E00D8FEE7A3F17F
:10B0E000A8040C44B4F90C20B4F90E3007EE902AF1
:10B0F00007EE103AF8EEE77AB4F94A10B8EEC76AEC
:10B1000006EE901A2189CDED0B7A0A44013A07EE3A
:10B11000102A6289CDED117A1344013B07EE903A73
:10B12000F8EEE77AB4F93830CDED127ACDED157A34
:10B1300007EE903AF8EEE77AB4F93A30CDED057AB9
:10B1400007EE903AF8EEE77AB4F94830CDED067A9A
:10B1500007EE903AF8EEE77AB4F94C30CDED077A85
:10B1600007EE903AF8EEE77AB4F94E30CDED087A72
:10B1700007EE903AF8EEE77AF8EEE66ACDED097A56
:10B18000D4ED0F7AB8EEC77ACDED0D6ACDED106A29
:10B19000CDED136ACDED166AF8EE677ADFED6E6AD3
:10B1A00000238DED0E7A8DED147A86EEA77A0A9340
:10B1B000B4F850308DED0C6A8DED0F6AADF8E030CB
:10B1C0008DED397AB5F90E306A89ADF8C630013A9D
:10B1D00013442A89ADF8CA30B5F90C30013AADF8FC
:10B1E000C4301344B4F84420ADF8C830022AB4F98E
:10B1F00046300DF15C0940F08280CDE9013208ABA8
:10B20000009323AA05AB0BA94846FFF7C3FDDDED6C
:10B21000237A9DED267AF4EEC77AF1EE10FA0BDD73
:10B220008DED237ACDED267A249B279A27932492BD
:10B23000259B289A28932592DDED297A9DED2C7A7D
:10B24000F4EEC77AF1EE10FA0BDD8DED297ACDED33
:10B250002C7A2A9B2D9A2D932A922B9B2E9A2E93F1
:10B260002B92DDED237AFDEEE77A17EE903ADDEDD5
:10B27000267ABDF9C4201BB29342B8BF1346FDEE37
:10B28000E77AADF8C43017EE903ABDF9C8201BB28A
:10B290009342A8BF13463149314AADF8C830BDF8D2
:10B2A000C830BDF8C40001331B1A1BB2002B50DD9F
:10B2B000BDF8CA30BDF8C60001331B1A1BB2002B03
:10B2C00047DD2089B4F90C300138ADF8BC300344B7
:10B2D0006089ADF8C030B4F90E300138ADF8BE3039
:10B2E0000344ADF8C230CDE9011900922B46324635
:10B2F00039464046E2F774F93BB0BDE8F0830122DD
:10B30000CDE9013208AB009323AA05AB0BA948464F
:10B31000FFF740FDDDED247AFDEEE77A17EE903A77
:10B32000DDED2A7ABDF9C6201BB29342B8BF1346A1
:10B33000FDEEE77AADF8C63017EE903ABDF9CA20B7
:10B340001BB29342A8BF13460649ADF8CA30064A5D
:10B35000A5E70020D0E700BF0000804471AB0412D5
:10B360007DAB041215AA041209AA041203468068D0
:10B3700010B438B1D3E9004262435DF8044B920047
:10B3800002F040BC5DF8044B704703468868D3E97F
:10B3900000124A439968920002F034BC944600239C
:10B3A0002DE9F043D1F804E09E4524DD0F68002428
:10B3B00003FB07F5AD001AE00668826806FB03464A
:10B3C00002EB8606DCF8002002FB0349DCF80820CB
:10B3D000013402EB89098A68D9ED007A02EB05088D
:10B3E00098ED007A77EE877AC6ED007A0435A742A9
:10B3F000E2DC0133D8E7BDE8F08300232DE9F04318
:10B40000D1F804E09E4523DDD1F800C0002403FB01
:10B410000CF5AD0018E00668876806FB034607EBED
:10B4200086068F6807EB05081768D8ED007A07FBDA
:10B4300003499768013407EB890797ED007A77EEA7
:10B44000C77AC6ED007A0435A445E4DC0133D9E7B8
:10B45000BDE8F08300232DE9F74FD0F800E000911C
:10B460004FEA8E0A9E452FDD41684FEA830C019119
:10B4700000261CE08568916805EB0C091568D9ED7C
:10B48000007A05FB073501EB85050099D5ED006ACB
:10B490008968013701EB040B9BED007A46EE877A51
:10B4A000C9ED007A0434B845E4DC0136D44401998E
:10B4B000B14207DD00990027D1F8008006FB08F4AF
:10B4C000A400F0E70133CDE703B0BDE8F08F000042
:10B4D0000A22002100F02AB9024B0A4601461868E8
:10B4E000FCF747BD089D0020024B01461868FCF799
:10B4F0002DBD00BF089D0020024B01461868FCF7D7
:10B5000042BD00BF089D00200C4B0D4819680D4A34
:10B51000D1F8983010B403FB00F0D1F89C4002FB46
:10B5200004005DF8044BA3FB0232013340EB020040
:10B53000C1E9263020F00040704700BF089D002080
:10B540002DF451582D7F954C2DE9F04F81468E46B4
:10B550006D4875461EF801BB10F80B4014F0080446
:10B56000F7D1BBF12D0F23F010075DD0BBF12B0FEE
:10B5700010D0AFB9BBF1300F00F08D80002B00F080
:10B58000858010236FF078460F27984600246FF0CF
:10B59000004A0DE09EF800B005F1020E002F60D0C9
:10B5A0006FF000479846B7FBF3F6BA4603FB1677F1
:10B5B000002528460EE0ABF1370C9C451DDA01351D
:10B5C00004D0B04202D822D1BC4520DD4FF0FF3577
:10B5D0001EF801BBABF1300CBCF1090FEDD9ABF19A
:10B5E000410CBCF1190FE6D9ABF1610CBCF1190F9C
:10B5F00003D8ABF1570C9C45E1DB6B1C0BD004B1BD
:10B60000404212B1002D57D11160BDE8F08F08FB08
:10B6100000C00125DCE72223C9F80030002A4DD004
:10B620000EF1FF315046EFE79EF800B005F1020E33
:10B6300067B9BBF1300F44D0002B50D10A23334EF1
:10B640000827012498464FF0004AB1E74FF0004A1E
:10B6500098460124BAFBF3F603FB06F7AAEB0707AB
:10B66000A6E7BBF1300F89D1A87800F0DF00582899
:10B670001ED1102395F803B005F1040E98466FF023
:10B680000047B7FBF8F608FB16777FE70A231F4E43
:10B69000072798467AE79EF8000000F0DF00582858
:10B6A00006D110239EF801B005F1030E9846E6E797
:10B6B00023BB08239846E2E78246B1E75046BDE83F
:10B6C000F08FA87800F0DF00582810D0CBB11023FD
:10B6D00098464FF0004A0124BAFBF8F668E71023B9
:10B6E0004FF0006601244FF0004A984660E71023AF
:10B6F00095F803B005F1040E9846EAE71023984642
:10B70000BDE708239846E4E7512A0612CCCCCC0CBE
:10B71000242B03D8012B01D0FFF716BF10B5FCF77F
:10B72000EFFB16230360002010BD00BF242A134640
:10B7300010B509D8012A07D0064C0A4601462068F0
:10B74000BDE81040FFF700BFFCF7DAFB16230360EB
:10B75000002010BD089D00202DE9F04707460E4649
:10B760004548354616F801EB10F80EC01CF0080CE1
:10B77000F7D1BEF12D0F63D0BEF12B0F3AD0644646
:10B7800033F010003ED04FF0FF389A46B8FBF3F884
:10B7900003FB08F96FEA0909002528460EE0AEF11F
:10B7A000370C63451DDD013504D0404502D834D146
:10B7B000CC4532DD4FF0FF3516F801EBAEF1300C21
:10B7C000BCF1090FEDD9AEF1410CBCF1190FE6D96E
:10B7D000AEF1610CBCF1190F03D8AEF1570C634503
:10B7E000E1DC6B1C25D004B140420AB135BB1160CD
:10B7F000BDE8F08733F0100096F800E0644605F1EC
:10B800000206C0D1BEF1300F1FD05BB90A234FF042
:10B810000509DFF868809A46BEE70AFB00C00125EB
:10B82000CAE70BB310234FF00F096FF070489A4628
:10B83000B2E7222328463B60002AD9D0711ED6E702
:10B8400096F800E00124AE1C9AE7307800F0DF00A3
:10B850005828E6D1102396F801E04FF00F09023680
:10B860006FF070489A4697E708234FF007096FF08A
:10B8700060489A4690E700BF512A06129999991993
:10B88000FFF76ABF10B4044C13460A46014620680D
:10B890005DF8044BFFF760BF089D0020024B014696
:10B8A000186800F003B800BF089D002038B50546B1
:10B8B00000F09CFFC8B13D21044600F02FFF024676
:10B8C00078B100210123284602F8011B214600F02F
:10B8D0000FF80346214628461C46FCF754FB204639
:10B8E00038BD21462846FCF74EFB0124204638BDD2
:10B8F0002DE9F04F0C4683B007463D212046154602
:10B90000994600F00BFF002840F09780384602F07F
:10B910007FFA284602F0ECF901AA80462146384613
:10B9200002F082FA0646002849D0B9F1000F3FD054
:10B9300002F0DEF9804575D9DFF818B1019BDBF81C
:10B9400000904FEA830A237841464BB13D2B07D044
:10B95000214611F8013F0BB13D2BFAD1091B41449F
:10B9600002313846FCF7F2FA49F80A0000286BD099
:10B97000DBF800302146019A53F8220011F8013B10
:10B98000037063B13D2B0AD0421C01E03D2B06D071
:10B9900011F8013B104602F8013B002BF6D13D2384
:10B9A0000246037015F8013B02F8013F002BF9D164
:10B9B000384602F033FA002003B0BDE8F08FDFF81C
:10B9C00094B0DBF800100B68A3B30B4653F8042FB8
:10B9D00030460136002AF9D1C21C92001C48036887
:10B9E000B3B90123114603603846FCF7AFFA81462C
:10B9F00050B34FEA860ADBF80010524602F002F913
:10BA0000CBF80090731C002249F8232001969AE796
:10BA10003846FCF7A4FA8146CBF80000A0B14FEA03
:10BA2000860AEFE7013E15F8013B06F8013F002BBF
:10BA3000F9D1BDE71E460822D0E7FCF761FA1623CC
:10BA400003604FF0FF30B7E7384602F0E7F9F8E758
:10BA500044D10020509E002070B500293FD00646FA
:10BA60000C4610B1436B002B3CD0636EB4F90C2034
:10BA7000DD0732D4900538D52146304600F054F821
:10BA8000E36A054633B1E169304698470028B8BFFC
:10BA90004FF0FF35A3891A0639D4216B41B104F167
:10BAA0004003994202D03046FCF76DFA002323632D
:10BAB000616C21B13046FCF766FA0023636400F044
:10BAC00055FA636E0022DB07A2811CD5A06D01F040
:10BAD00053FF00F051FA284670BD002ACCD1002552
:10BAE000284670BD00F024FABFE7A06D01F048FFC2
:10BAF000B4F90C30002BBFD1636ED907EFD4A06D21
:10BB000001F042FFEBE7A06D01F03EFFDEE72169A7
:10BB10003046FCF738FAC0E7024B01461868FFF7D9
:10BB20009BBF00BF089D0020B1F90C202DE9F0411A
:10BB300015070C4680464ED4496842F4006300293C
:10BB4000A38163DDA66A002E42D0002112F4805248
:10BB5000D8F80050C8F8001065D10123E1694046CB
:10BB6000B0470246501C6CD0B4F90C30A66A590795
:10BB700005D56368D21A236B0BB1E36BD21A00238D
:10BB8000E1694046B047421CB4F90C304DD1D8F8B9
:10BB900000101D2940D8304ACA40D7073CD523F4AD
:10BBA0000062DE04A2814FF000026260226922601E
:10BBB00001D5002943D0216BC8F8005041B104F1F0
:10BBC0004003994202D04046FCF7DDF9002323638D
:10BBD0000020BDE8F0810E69002EF9D092070D68B3
:10BBE0000E600CBF4B690023AD1B8B600BE02B4636
:10BBF0003246E1694046676AB847B0F1000CA5EBF0
:10BC00000C05664406DD002DF1DCE1E7E16B00295F
:10BC100098DCDDE7B4F90C3043F040034FF0FF301F
:10BC2000A381BDE8F081226DA1E723F40062DB046B
:10BC3000A2814FF00002626022692260BBD52065BC
:10BC4000B9E7D8F80030002B8ED01D2B01D0162B71
:10BC5000E0D1C8F80050BBE70100402038B50546E8
:10BC60000C4608B1436B03B3B4F90C0088B1636EA2
:10BC7000DB0701D481050FD528462146FFF754FF85
:10BC8000636E0546DA0702D4A3899B0508D52846CA
:10BC900038BD0546284638BDA06D01F071FEEBE7C2
:10BCA000A06D01F071FE284638BD00F041F9DBE7D8
:10BCB00038B51C4D04462B680BB15A6B32B3626E1B
:10BCC000B4F90C30D10705D49A050BD5B4F90E5050
:10BCD000284638BD002BF9D12B6809221A604FF095
:10BCE000FF35F5E7A06D01F04BFE636EB4F90C2053
:10BCF00003F0010372B1B4F90E50002BE8D19305A3
:10BD0000E6D4A06D01F040FE284638BD184600F08C
:10BD10000FF9D4E72A6809211160002BDFD14FF019
:10BD2000FF35EEE7089D0020024A0349034800F072
:10BD300093B900BFF49C002059BA0412109D002052
:10BD40000C4B4168994210B5044601D0FFF784FEC0
:10BD5000A168094B994202D02046FFF77DFEE168B9
:10BD6000064B994204D02046BDE81040FFF774BE50
:10BD700010BD00BF48D10020B0D1002018D2002053
:10BD80002DE9F843314A0025314C04233149DFF8CD
:10BD9000D89004F15C00DFF8D4802F4F2F4E116053
:10BDA0002946082225606566C4E90335C4E90155C2
:10BDB000C4E905551DF094FF04F15800E662C4E99A
:10BDC0000749C4E9098701F0D5FD254B294608221A
:10BDD00004F1C40063672567C4F8CC50C4F88050F0
:10BDE000C4E91A55C4E91E551DF07AFF04F1680331
:10BDF00004F1C000C4F88430C4E92298C4E9247670
:10BE000001F0B8FD174B294604F596700822C4F8D6
:10BE1000DC30C4F8D850C4F83451C4F8E850C4E950
:10BE20003455C4E938551DF05BFF04F1D00304F527
:10BE30009470C4F8F090C4F8FC60C4F8EC30C4E925
:10BE40003D87BDE8F84301F095BD00BF80D20020DA
:10BE500048D1002029BD041249C3041271C3041241
:10BE60000900010012000200E1C2041209C3041219
:10BE7000F8B506462A4801F083FD2A4B1B68002BC3
:10BE800044D0294FD7E90134013B04D524E05A1CA2
:10BE900004F1680420D0B4F90C50013B002DF6D118
:10BEA000224B04F158006566E36001F063FD1C4815
:10BEB00001F06AFD0822294604F15C002560A561B5
:10BEC000C4E90155C4E904551DF00AFFC4E90C5545
:10BED000C4E911552046F8BD3D680DB12F46D1E7A4
:10BEE0004FF4D6713046FCF731F8044688B104238C
:10BEF00005600C302946254640F8083C4FF4D072C6
:10BF0000A0601DF0EDFE3C602F46BBE7FFF738FF59
:10BF1000B7E703483C6001F037FD0C233360D9E7F5
:10BF2000B0D2002080D20020F49C00200100FFFF4E
:10BF300010B504460A4801F023FD636B23B9094B91
:10BF4000094A1B68626323B10548BDE8104001F04F
:10BF50001BBDFFF715FF0248BDE8104001F014BDFE
:10BF6000B0D2002080D2002041BD0412014801F06F
:10BF700007BD00BFB0D20020014801F005BD00BFE1
:10BF8000B0D20020F0B5144683B00E46074601AA91
:10BF9000214605F019FD002835D005463846FFF743
:10BFA00067FF044600282ED031464FF4DB73019A18
:10BFB0003846FBF7BCFF061E1CDB636EDB0702D4B2
:10BFC000A38998052DD51B4B2DB21B4A2362E90589
:10BFD0001A4BE681E461A581C4E90923184BE362A9
:10BFE00015D4636EDA0702D4A3899B051DD52046BC
:10BFF00003B0F0BDFFF7BAFF0023A06DA38101F0ED
:10C00000BBFCFFF7B9FF0024204603B0F0BD0223BC
:10C0100000222146384600F01DF8636EDA07E6D4A8
:10C02000E2E7A06D01F0ACFCCDE7A06D01F0ACFC47
:10C03000DDE700BFE1C2041209C3041249C30412C0
:10C0400071C30412024B0A4601461868FFF79ABFF3
:10C05000089D002000F090B92DE9F8434FF0000949
:10C06000074688461646D6E90154013D0FD4A389F8
:10C07000012B08D9B4F90E3021463846013302D0DD
:10C08000C04749EA0009013D68346B1CEFD13668AE
:10C09000002EE8D14846BDE8F88300BF024B18687F
:10C0A000416805F0D1BC00BF089D00202DE9F0419A
:10C0B000654C84B00E461746D4F800801D460446F1
:10C0C000B8F1000F04D0D8F83430002B00F0A48071
:10C0D000022F05D0012F00F2A380002DC0F2A08016
:10C0E000636EDB073CD521464046FFF7B7FD216B69
:10C0F00041B104F14003994202D04046FBF743FFAF
:10C1000000232363B4F90C2000231106A3616360AC
:10C1100056D44E4B022F03EA0203A3815CD003AB3B
:10C1200002AA2146404605F027FDA3891843A081B5
:10C13000EDB1EEB1D8F8343043B3029AB4F90C3013
:10C14000AA4202D043F40063A381012F22D0180732
:10C150002660C4E9046527D5D90752D4A56025E037
:10C16000A3899805BFD4A06D01F00AFCBBE7029D2E
:10C170002846FFF7B9F90646002854D0A38943F0B2
:10C180008003A381D8F83430002BD6D14046FFF786
:10C19000CFFED2E743F00102266012B2C4E9046583
:10C1A0001E07A2812ED413460022A260626ED2071F
:10C1B00001D49B052CD50025284604B0BDE8F081AC
:10C1C00021694046FBF7DFFEB4F90C201F4B022F1C
:10C1D00003EA0203A381A2D1002543F0020204F185
:10C1E00043010020A281012221606261626E21610F
:10C1F000D207A060E0D49F05DED4A06D01F0C4FB9F
:10C20000DAE71A4600216D421346A160A561CDE729
:10C21000A06D01F0B9FBCEE74046FFF789FE57E776
:10C220004FF0FF35C8E7029BAB4208D01846019398
:10C23000FFF75AF9019B06461D4600289ED1B4F926
:10C240000C304FF0FF35C8E7089D00205CF3FFFF7E
:10C250000CB40029214B10B51C689CB038DB4FF0A2
:10C2600000034FF4027202901B931FAB0690ADF8CF
:10C27000142018D001394FF6FF701E9A04910791CF
:10C2800002A9ADF816002046019303F0A1FA421C62
:10C2900001DA8B232360029B00221A701CB0BDE8D8
:10C2A000104002B070474FF6FF700491079102A949
:10C2B000ADF8160020461E9A019303F089FA431C3C
:10C2C00001DA8B2323601CB0BDE8104002B0704738
:10C2D0008B234FF0FF302360F5E700BF089D00205F
:10C2E00010B50C46B1F90E10FBF726FE002803DB53
:10C2F000236D0344236510BDA38923F48053A381D8
:10C3000010BD00BF002070472DE9F0410C46B1F987
:10C310000C101F460546CB0516460BD421F4805160
:10C320003B4632462846A181B4F90E10BDE8F041E3
:10C33000FBF707BEB4F90E1002230022FBF7F2FD53
:10C34000B4F90C10EAE700BF10B50C46B1F90E10B5
:10C35000FBF7E8FD421CB4F90C3004D043F48053E1
:10C360002065A38110BD23F48053A38110BD00BFBD
:10C37000B1F90E10FBF7C6BD2DE9F04F0C4697B092
:10C3800090461E46054618B1436B002B00F03381E2
:10C39000626EB4F90C30D70702D4980540F10781DA
:10C3A00003F48473B3F5847F00F00C81D4F82890F3
:10C3B000B9F1000F00F05A81012E56D036F0020775
:10C3C0000FD0636E1622D9072A6005D4A3899F0572
:10C3D00002D4A06D01F0D8FA4FF0FF3017B0BDE8DD
:10C3E000F08F2269BA46002A63D0B4F90C3040F6C7
:10C3F0001A02134207D15A0578D4A04A91455DD05C
:10C4000043F40063A38121462846FFF727FC002858
:10C4100040F0278133464246E1692846C84701304B
:10C4200000F01F81216B41B104F14003994202D019
:10C430002846FBF7A8FD00232363A3890021206978
:10C44000082223F40263C4E90001A38104F15C0023
:10C450001DF046FC636EDA0703D4A3899B0540F107
:10C46000CD80002017B0BDE8F08F21462846FFF7A9
:10C47000F5FBB4F90C3013F4805240F08A80334657
:10C48000E1692846C847421C074600F0EA80B4F933
:10C490000C3022695E0740F181806368FF1A236BCC
:10C4A0000BB1E36BFF1AB8444FF0010A0026002AD3
:10C4B0009BD12146284605F0F7FA96E7B4F90E100D
:10C4C00000299DDB6A462846FBF71FFDB4F90C30B6
:10C4D000002895D1019A02F47042B2F5004F8FD135
:10C4E00043F48063A3814FF48063E364002E6ED134
:10C4F000C346BAF1000F79D1A389DB0440F18980EA
:10C50000206D6268216B871A00297BD0E36BFF1ACC
:10C5100017442069A26B121ABF1A1344BB4502DBF1
:10C52000FA185A457ED8E76C0023E16928467F4215
:10C5300007EA0B073A46C84701303FF464AF0023CF
:10C54000216B63602369236041B104F14003994288
:10C5500002D02846FBF717FD00232363A389BBEB1A
:10C56000070B23F02003A38110D02146284605F0B5
:10C5700041FB00287FF447AF63685B45FFF443AF9E
:10C580002268A3EB0B035A44C4E9002308220021CC
:10C590005CE75E07276D22693FF57FAF180782D5FC
:10C5A0002368002B3FF47FAF9B1A1F447BE7A06DED
:10C5B00001F0E6F9B4F90C3003F48473B3F5847F29
:10C5C0007FF4F4AE21462846FFF748FBEEE66A46C4
:10C5D000B4F90E102846FBF798FC00287FF413AF3F
:10C5E000049B08EB030BBAF1000F85D0216B626846
:10C5F00041B1E36B8CE7FFF79BFCC9E6A06D01F04E
:10C60000C3F92EE72368002120691B1AFF1A13447F
:10C6100084E752460123E1692846C847471C7FF456
:10C6200070AFF0E6ABEB07073844DB1BC4E900034F
:10C6300041B104F14003994202D02846FBF7A3FC24
:10C6400000232363A3890021082204F15C0023F066
:10C650002003A3811DF044FB636ED9073FF501AFB2
:10C66000FBE6636EDB073FF5B7AEAFE6636E1D22F8
:10C67000D9072A603FF5B0AEA8E600BF49C304124F
:10C68000032A30B412D941EA000484460B46A407B9
:10C6900021D11946604653F8044B5CF8045BA5426F
:10C6A00019D1043A032AF4D860461946541E7AB1C7
:10C6B000431E0139021901E09A4209D013F8010F13
:10C6C00011F801CF6045F7D0A0EB0C0030BC7047EB
:10C6D000002030BC7047541EEAE700BF830710B546
:10C6E000044610D10268A2F1013323EA020313F0D9
:10C6F000803F08D150F8042FA2F1013323EA02034E
:10C7000013F0803FF6D003781BB110F8013F002BE7
:10C71000FBD101F019FA204610BD00BF11F0FF0156
:10C72000034600F0030239D08ABB10B501EB012E9D
:10C7300002680EEB0E4EA2F101338EEA020423EAE8
:10C740000203A4F1013222EA0402134313F0803FF2
:10C750000FD150F8044F84EA0E0CA4F10133ACF170
:10C76000013223EA040322EA0C02134313F0803F50
:10C77000EFD0037823B936E010F8013F002B32D018
:10C780009942F9D110BD8A4228D09A0729D01A7847
:10C7900018460133002AF6D110467047CAB902681C
:10C7A000A2F1013323EA020313F0803F08D150F8CD
:10C7B000042FA2F1013323EA020313F0803FF6D0E5
:10C7C00003785BB110F8013F002BFBD1704799074C
:10C7D00005D0184613F8012B002AF8D170471846E7
:10C7E000DDE71846A1E7184610BD00BF70B5044646
:10C7F00008460D4601F07CFA0646204601363146D1
:10C80000FBF7A4FB044618B13246294601F0FAF9B9
:10C81000204670BD82B30B4630B540EA010486461F
:10C82000A40717D1032A07D814E0043A22D01CF039
:10C83000803F1FD1032A23D9DEF80040194653F860
:10C84000045B7046A4F1013C0EF1040EAC422CEAEC
:10C85000040CEAD00378013A0C78A3420ED10244CA
:10C8600006E03BB110F8013F11F8014FA34205D19A
:10C870009042F6D1002030BD10467047181B30BDE5
:10C8800070461946E6E700BF40EA01039B0730B552
:10C8900001D1032A17D8844601F1FF3E07E01EF8B4
:10C8A000011F541E03F8011B29B122469C46634612
:10C8B000002AF4D130BD002CFCD0944403F8011BB5
:10C8C0006345FBD130BD0C468446256821460434BF
:10C8D000A5F1013323EA050313F0803FDCD1043ACC
:10C8E0004CF8045B032AF0D82146D5E738B511F09F
:10C8F000FF040CD00346002501E0431C05462146F9
:10C900001846FFF70BFF0028F7D1284638BD21460F
:10C91000BDE83840FFF702BF01292DE9F0415DD99C
:10C920004FF0010800244FF0FF35C646434608E0AB
:10C93000A3EB05081C464FF0010E04EB0E039942D1
:10C9400010D900EB050CC75C1CF80E60B742EFD3A2
:10C9500032D04FF001082546C646444404EB0E038E
:10C960009942EED8012700244FF0FF36C2F800802C
:10C97000BE463B4607E09F1B1C464FF0010E04EBF2
:10C980000E03994210D900EB060C10F803801CF836
:10C990000EC0E045EFD814D001272646BE463C44E1
:10C9A00004EB0E039942EED80136681C864201D38F
:10C9B00030461760BDE8F081C64507D00EF1010E84
:10C9C000BBE7BE4506D00EF1010ED8E774444FF028
:10C9D000010EB2E774444FF0010ED0E701270026A4
:10C9E000E6E700BF2DE9F04FADF21C4D93468046BF
:10C9F0008A4605AD194658461C462A46FFF78CFF65
:10CA00002B4681460DF2144243F8044F9342FBD16A
:10CA100074B1601E0BF1FF32584412F8011F06AECC
:10CA2000A31A824203F1FF335B4446F82130F4D16C
:10CA30002B684A4658460BEB03010193FFF720FE93
:10CA4000002877D144F400630746AAEB040E661E63
:10CA500005460293AE4510D308EB050C06AA1CF858
:10CA6000063052F82330BBB11FB1019A9A4288BFF9
:10CA7000A31A1D440027AE45EED208EB0A00029926
:10CA800005F0E4F98244AAEB040EAE45E4D200209E
:10CA90000DF21C4DBDE8F08F4F453B4638BF4B466D
:10CAA0009E4218D9591EEA1800955944424402E0A2
:10CAB00001339E420ED012F8010B11F8015F85423E
:10CAC000F6D09E42009D06D9C9F1010200272A44F2
:10CAD000D518BFE7009D4F4509F1FF3380F08180F5
:10CAE00005EB09020BEB090100954244CDF80C90CF
:10CAF00002E09F4213D04B4611F8015D03F1FF396C
:10CB000012F8010D8542F4D0009D0133DDF80C9040
:10CB100001379F4209D8019B1D44E71A9AE7013764
:10CB2000009DDDF80C909F42F5D960460DF21C4D3A
:10CB3000BDE8F08FA4EB0903AAEB040E661E4B457B
:10CB400038BF4B4601332B600025019344F400634A
:10CB50000093AE4509D308EB050006AA835D52F8A1
:10CB600023306BB11D44AE45F5D208EB0A000099A5
:10CB700005F06CF98244AAEB040EAE45EBD286E7D1
:10CB8000B14517D209F1FF3105EB09024B46594473
:10CB9000424402E00133B3420CD012F8017B11F899
:10CBA00001CFBC45F6D09E4204D9C9F101022A4406
:10CBB000D518CEE7B9F1000F3FF46AAF05EB0901D4
:10CBC0000BEB0902414402E05B453FF461AF12F810
:10CBD00001CD11F8017D1346BC45F5D0019B1D44E4
:10CBE000C1E74B4694E700BF2DE9F0410D460978B7
:10CBF00090B0044600294AD06A78002A6BD0AB78FE
:10CC0000002B48D0E878002879D02B79002B67D00A
:10CC1000284601F06DF80646204646F4007105F0FE
:10CC200015F9864246D8FE2E00F28780801B4022EE
:10CC3000711C271868461DF053F86EB16A1E5FFA22
:10CC400086FC901912F8013F03F03F03A91A9042A5
:10CC50006B4461441970F5D1013CA35D03F03F03BF
:10CC60006B441B781C44A74203D228E04444A742EB
:10CC700025D314F806C03246294620460CF03F0C56
:10CC8000EC449CF80080FFF7FBFC0028EED1204626
:10CC900010B0BDE8F081007842EA014250B140EAAC
:10CCA0000343214614F8010F9A4241D00028F6D1DF
:10CCB0009A423DD00024204610B0BDE8F081BB5D13
:10CCC000B819002BF6D04FF4006105F0BFF8074407
:10CCD000A742C1D2EEE710B0BDE8F041FFF71EBD9C
:10CCE0002278002AE6D0296809BA42EA03232046BE
:10CCF00014F8012FF2B19942F7D1C41EC7E712040C
:10CD000042EA0162217842EA03230029D2D0024696
:10CD100000E049B141EA0200254614F8011FB3EBD7
:10CD2000002F4FEA0022F4D19342C3D1AC1EAEE7EC
:10CD30004C1EACE79942BDD1DFE7014633462A4697
:10CD4000204610B0BDE8F041FFF74CBE08B5FBF738
:10CD50006BF8BDE8084005F091B800BF01683B29B9
:10CD6000F0B5044683B000F2C38041683B2900F26D
:10CD7000B280A168172900F2A18021690B2900F275
:10CD8000908063699A0739D17448754A754D00FBE4
:10CD90000326B5EBB60F6FD2E3681D20002B31DC04
:10CDA0006E4D6F4E6F4F013980F0CE8061694A1E23
:10CDB00012F0030F62616AD105FB0262B7EBB20F9A
:10CDC000C0F0A38001F26B71674A05FB0161B2EB11
:10CDD000311F2CBF1D201C2003F11F02002A5BDC29
:10CDE00003F13D02002A00F3AD8009215F4B53F8A7
:10CDF00021301344002BD6DD1A464EE01C20E36898
:10CE0000002BCDDD0226594D012905D1984231DA9A
:10CE10001B1A0221C4E9033655F8212001319A4238
:10CE2000A3EB020326DA0C29C4E90331ECD16769CC
:10CE30004FF0000E49491C207A1CDFF824C1C4F8C9
:10CE400010E012F0030F626101FB02C20AD107F287
:10CE50006D771D2001FB07CC01F180410139B1EB59
:10CE6000B20F54D2002155F8212001319A42A3EB90
:10CE70000203D8DB03B0F0BD03F26C7300FB0322A6
:10CE8000394BB3EB321F2CBF1D201C20B7E703F139
:10CE90001F021C20002AA3DD0B21C4E9032103B0DB
:10CEA000F0BD0C22684600F0A9FF6369DDE90021AE
:10CEB00013440029636140DB216163E7182268465F
:10CEC00000F09CFFE368DDE900120B44002AE360F8
:10CED00024DBA26051E73C22684600F08FFFA16886
:10CEE000DDE900231144002BA16021DB636041E7F1
:10CEF0003C22684600F082FF6168DDE900231144AE
:10CF0000002B61600FDB236030E71D2064E7164AC9
:10CF10000021B2EB3C1F38BF1C20A4E71832013BB4
:10CF2000C4E9022329E73C330139C4E900311DE794
:10CF30003C330139C4E901311CE70C31013BC4E940
:10CF400004131FE70A21A8E701291A467FF44EAF10
:10CF50000244002AA1DC002148E700BF295C8FC2FF
:10CF600050B81E05285C8F020AD7A300842B061236
:10CF70002DE9F04F064683B004F0AEFF8046304600
:10CF8000FFF7ECFEC449B2687769D6E90053C3EBFA
:10CF9000031305EB8305D6E9034351F82310013C45
:10CFA000012B0C444FF4616101FB025502DDB8070F
:10CFB00000F09B8042F2107344F62062F4613B441F
:10CFC000934200F29781462F4FDD462340F26D1ABF
:10CFD000B248DFF8D8E2DFF8D89213F0030F00FB75
:10CFE00003FC40F26D120CD103F26C71BEEBBC0F6E
:10CFF0004FF4B77200FB01F103D3B9EB311F38BF17
:10D00000524601331444BB42E7D1A54B4FEAE579C0
:10D01000C4FB035900F056FA00F060FAA14BD3F8B4
:10D0200000B0BBF1000F00F0EF80D6F820A07069CF
:10D030005246D8F8043000F26C70012AA8BF0122D1
:10D040008342019268D000F067F9002864D1DDF8CE
:10D0500004B0BBF1010F40F0D780D8F850704FF00A
:10D06000010B7D1949EBE777D3E0CED0442F00F3D5
:10D07000FA80452340F26D1A8849DFF82CC2DFF8A8
:10D080002CE2DFF82C9213F0030F01FB03C040F2F7
:10D090006D120CD1BEEBB00F03F26C704FF4B7728F
:10D0A00001FB00C003D3B9EB301F38BF5246013B30
:10D0B000A41ABB42E7D1B90740F0CC80774A7A4B3B
:10D0C0007A4902FB0730B1EBB00FC0F0C98007F21C
:10D0D0006C7102FB0133764AB2EB331F40F26D13E1
:10D0E00028BF4FF4B773E41A8FE76C4A6E4B6F4951
:10D0F00002FB0730B1EBB00F80F0A280013442F2A6
:10D10000107344F62062F4613B44934200F2F280D3
:10D11000462F3FF75AAFA9E7D8F84820D8F828108B
:10D12000D8E913E3B2EB010C4FEAE37B6EEBE1705D
:10D13000D21A6EEBE37E954279EB0E0E03DA65456B
:10D1400079EB000283DAD8F82020B2EB030ED8F88E
:10D15000242062EB0B02754579EB0202D8F800201F
:10D16000ACBF4FF0010E4FF0000E654579EB0000AB
:10D17000B4BF01200020002A6FD00EEA0002BAF1ED
:10D18000000F9346FFF665AF019A8BEA020ABAF1E7
:10D19000010F7FF45EAFF26830680192BBF1000FBF
:10D1A00065D15B1A18445D193060304649EBE3796C
:10D1B000FFF7D4FDF368019A9B1A25D0012B65DD9A
:10D1C0004FF0FF3AF1691AEB010175D4BB0740F04B
:10D1D0008B80324B3448354A03FB070EB2EBBE0F4F
:10D1E000C0F08C8007F26C7703FB0700304BB3EB89
:10D1F000301F40F26D1328BF4FF4B7739942A8BF98
:10D20000C91A5444F16124E7D8F828707D1949EB14
:10D21000E777043400F05CF9264981FB0431E31719
:10D220002144C3EBA103C3EBC303E31A00D50733C7
:10D23000C6F820B0B3612846394603B0BDE8F08F88
:10D2400007F26C7102FB0133194AB2EB331FFFF492
:10D2500056AF53E740F26D1345E74EEA00028EE702
:10D260004FF4B7733FE7452740F26D133BE7C91A08
:10D2700008444D193060304649EBE179FFF76EFD07
:10D28000F368019A9B1A3FF4E8AE97E7B3F1FF3FCA
:10D29000A8BF9A4696E700BF542B0612295C8FC29E
:10D2A00080510100A4D2002050B81E05285C8F02D6
:10D2B0000AD7A30093244992781E820717D1124BF4
:10D2C0001249134A03FB0010B2EBB00F19D307F257
:10D2D0006B7703FB07110F4BB3EB311F40F26D115E
:10D2E00038BF4FF4B6718CE740F26D1386E74FF408
:10D2F000B67186E74FF0FF352F469CE74FF4B773C2
:10D300007CE740F26D117CE7295C8FC250B81E05A6
:10D31000285C8F020AD7A3002DE9F047044604F0E9
:10D32000DBFD40F2B1739C4240F3AA806FF4F66CCF
:10D3300086465C4AA4F26D73A444A4F2B2714460C0
:10D3400040F26D104FEAAC0C6FF4C8690EF1500555
:10D3500000FB01CC82FB0301DB175348A3EB6113F5
:10D360009C4404EB0903A2FB032372460CEBD31C81
:10D37000117A53694A2922D044293DD163449169E5
:10D3800028321768CE17C3FB0016C91946EBE7769B
:10D39000AA4242E90216EBD1DEF82000DEF848107E
:10D3A000DEF824308842DEF84C204FF00100934133
:10D3B000B4BF03460023CEF80030BDE8F087A707CE
:10D3C0000CEB03060CD1394F394901FB0471394F7D
:10D3D000B7EBB10F04D23B2BC8BF0136731ECEE7AB
:10D3E000324F334901FB0471334FB7EB311FF5D393
:10D3F0003B2BC8BF0136F1E7A10744D0294E86FB7D
:10D400000416E117C1EBE6114FF4C87606FB114193
:10D4100000290CBF4FF030084FF00008274988441E
:10D42000D16801293CDD4FEA810A6646A8F1040172
:10D43000AAF10809C14451F8047F49453E44FAD194
:10D44000AAF104018844311D1D4F87FB0179CF17D4
:10D450008944C7EBA907C7EBC707C91BD8F80070F9
:10D46000591A136903F1FF3348BF0731C3EBC303F4
:10D470000B44BB4202DB073BBB42FCDA33447EE792
:10D480000020BDE8F0870A4E084906FB041106F1AA
:10D490008046013EB6EBB10FB0D24FF03008BDE789
:10D4A0006646D0E71F85EB518051010050B81E053C
:10D4B000295C8FC2285C8F020AD7A300782E06123F
:10D4C00093244992014800F059BA00BFA8D2002025
:10D4D000014800F057BA00BFA8D20020014B1868DD
:10D4E00000F002B8089D00202DE9F04F05468FB0EE
:10D4F000BF4E04F0F1FCBF490446284600F0D4FCBE
:10D5000031688046002800F0428121B100F03EFAE7
:10D51000002841D031680846FDF7EEFF404600F094
:10D52000E7FB014628460131FAF710FD306010B1E3
:10D53000414600F009FBB04A0023B04DB04EB14F58
:10D540003360A36223653B60C5E900224A22C4E937
:10D550000333C4E90533C4E90D33C4E90F33227240
:10D56000002384F830200022C4E90823C4E91223F0
:10D5700098F800303A2B12D03C2B16D00DF1300B1E
:10D58000A14AA24940465B4600F096FC002803DD14
:10D590000C9AD11E07291ED90FB0BDE8F08F98F85C
:10D5A000013008F101083C2BE8D108F101090DF127
:10D5B000300B954A96495B46484600F07DFC0028B2
:10D5C000EADD0C9AD11E0729E6D819F802103E2987
:10D5D000E2D108F1020818F8021008EB02092D291F
:10D5E00000F0FB802B294FF0010808BF09F1010969
:10D5F0000AAB00228749484602930DF12603ADF895
:10D60000262000935B46ADF8282009AACDF80CB07F
:10D61000CDF804B000F050FC0028BDDDBDF8262098
:10D620004FF4616CBDF82400C2EB0211BDF8282054
:10D6300002EB81020C990CFB002208FB02F319F8A3
:10D64000012089443C2A059300F0EA805B46724A37
:10D650006E49484600F030FC002840F3FC800C9AEC
:10D66000D11E072998D819F8021009EB02082D29B4
:10D6700000F0B8802B294FF0010908BF08F101081C
:10D680000AAB002263494046ADF82420ADF82620BD
:10D69000ADF828200C9209AACDF80CB0CDE901B361
:10D6A0000DF1260300935B4600F006FC002840F3D2
:10D6B000E680BDF826204FF46160C2EB0211BDF890
:10D6C000282002EB8102BDF8241000FB012209FB97
:10D6D00002F306930C9A0023CDF81CB0A2469044A6
:10D6E0009B4698F80090B9F12C0F03D198F801905F
:10D6F00008F10108B9F14D0F00F0C680B9F14A0FE9
:10D700004FF00A020DA90CBF08F101084FF04409BF
:10D710004046FEF7B7F80D9BADF82E00434500F0EC
:10D72000A18080B28AF80890CAF8140098464FF099
:10D7300000094FF00203ADF82690ADF82430ADF8A3
:10D740002890CDF8309098F800302F2B00F0C8804A
:10D750004FF4E153CAF818300BF101030AF1280A1B
:10D760004FF0010B022BBCD1059B6068A362069BA6
:10D770002365254B2B60284B6B60FFF7CDFDA26A1C
:10D78000236D32609B1A18BF01233B6004E71C4BDA
:10D790000846224AC3F800801A4BC4F82880C3F810
:10D7A0000080164BC4F85080C3E900224A230022AF
:10D7B000237284F830300023C4E90388C4E9058863
:10D7C000C4E90D88C4E90F88C4E90823C4E9122319
:10D7D000FDF792FEC6F80080DEE609F101094FF080
:10D7E000FF3805E708F101084FF0FF3948E700BFAF
:10D7F00084D20020B42B0612C42D0612009D0020F6
:10D80000A0D20020A4D2002094D20020D02B061257
:10D81000BC2B0612E02B061288D20020B82B061271
:10D8200009F1010A5B464E4A4E49504600F044FB5E
:10D8300000280CDD0C9AD11E07293FF6ADAE1AF870
:10D8400002103E297FF4A8AE09F102090BE799F80E
:10D8500001203E2AEED1444BC5E90033059BA3626B
:10D86000336099E6BBF1000F5AD04D220B2184F8AA
:10D8700030200122C4E90D120022E26356E7059B25
:10D88000A3F56163069325E70DF12E03079A374947
:10D89000404602930BAB03920192009313460DF1A5
:10D8A0002A0200F009FB03287FF476AEBDF82A3087
:10D8B0005A1E0B2A3FF670AEBDF82C20511E0429CB
:10D8C0003FF66AAEBDF82E1006293FF665AE8AF81F
:10D8D0000890CAF81410CAE903320C9B984426E752
:10D8E000079B0AAA224940460393CDE901320DF174
:10D8F0002602009209AA00F0DFFA484519DDBDF8BA
:10D9000026304FF46161C3EB0312BDF8283003EBFE
:10D910008203BDF8242001FB02330C9A904419E7DE
:10D920004D220320C4F814B022720222C4E903027B
:10D93000FCE64A2100220023C4F82890217284F8D2
:10D940003010C4F85090C4E90399C4E90599C4E9BA
:10D950000823C4E90D99C4E90F99C4E912231BE611
:10D9600088D20020BC2B061294D20020F42B061281
:10D97000082C0612704700BF704700BF704700BFF9
:10D98000704700BF704700BF704700BF80EA010CBE
:10D990001CF0030F37D110F0030C20F0030021F02E
:10D9A000030150F8042B08BF51F8043B0ED08CF053
:10D9B000030C6FF07F434FEACC0C23FA0CFC51F8B8
:10D9C000043B42EA0C0243EA0C0300BFA2F1013C13
:10D9D0009A4201BF2CEA020C1CF0803F50F8042B45
:10D9E00051F8043BF2D04FEA02604FEA12220128BC
:10D9F00028BFB0EB036F08BF1B0AF4D003F0FF038E
:10DA0000000EC01A704710F0030F0AD010F8012B57
:10DA100011F8013B012A28BF9A42F4D0A2EB03007F
:10DA200070474DF8045D50F8042B01F0030521F018
:10DA3000030151F8043B022D26D04DD822F07F453A
:10DA4000B5EB132FA2F1013C2CEA020C0DD11CF016
:10DA5000803C08BF51F8043B0AD185EA0205B5EBCA
:10DA6000036F0CD150F8042BE8E74FEA13235BE077
:10DA70003CF07F4C54D10B784FEA126554E04FEAEA
:10DA8000126503F0FF034FE04FEA0245A2F1013CAB
:10DA90004FEA15452CEA020CB5EB134F18D11CF0D8
:10DAA000803C08BF51F8043B07D185EA0205B5EB7D
:10DAB000034F09D150F8042BE6E75FEA0C4C2FD155
:10DAC0000B884FEA12452FE04FEA03434FEA124515
:10DAD0004FEA134328E000BF02F0FF05B5EB136FD8
:10DAE000A2F1013C2CEA020C0DD11CF0803C08BFD5
:10DAF00051F8043B0AD185EA0205B5EB032F0AD1A0
:10DB000050F8042BE8E74FEA13630DE012F0FF0F23
:10DB100006D051F8043B4FEA122523F07F4303E07F
:10DB20004FF0000020BC704705F0FF0203F0FF003B
:10DB3000012828BF904204BF2D0A1B0AF4D0A2EB93
:10DB4000000020BC704700BF80EA0102844612F04A
:10DB5000030F4FD111F0030F32D14DF8044D11F0E6
:10DB6000040F51F8043B0BD0A3F101329A4312F099
:10DB7000803F04BF4CF8043B51F8043B16D100BF72
:10DB800051F8044BA3F101329A4312F0803FA4F103
:10DB900001320BD14CF8043BA24312F0803F04BF8A
:10DBA00051F8043B4CF8044BEAD023460CF8013BF7
:10DBB00013F0FF0F4FEA3323F8D15DF8044B7047A1
:10DBC00011F0010F06D011F8012B0CF8012B002ADF
:10DBD00008BF704711F0020FBFD031F8022B12F0CE
:10DBE000FF0F16BF2CF8022B8CF8002012F47F4F89
:10DBF000B3D1704711F8012B0CF8012B002AF9D191
:10DC0000704700BF844641EA000313F0030349D183
:10DC1000403A23D30B6803604B6843608B68836092
:10DC2000CB68C3600B6903614B6943618B69836196
:10DC3000CB69C3610B6A03624B6A43628B6A83627E
:10DC4000CB6AC3620B6B03634B6B43638B6B836366
:10DC5000CB6BC36340304031403ADBD230320BD320
:10DC60000B6803604B6843608B688360CB68C3605C
:10DC700010301031103AF3D20C3205D351F8043B76
:10DC800040F8043B043AF9D2043208D0D2071CBF52
:10DC900011F8013B00F8013B01D30B88038060467B
:10DCA000704700BF082A13D38B07B1D010F00303CD
:10DCB000AED0C3F10403D21ADB071CBF11F8013B3D
:10DCC00000F8013BA4D331F8023B20F8023B9FE768
:10DCD000043AD9D3013A11F8013B00F8013BF9D2DB
:10DCE0000B7803704B7843708B7883706046704775
:10DCF00020F0030110F00300C0F1000051F8043BD4
:10DD000000F1040C4FEACC0C6FF000021CBF22FAA9
:10DD10000CF213434FF0010C4CEA0C2C4CEA0C4C67
:10DD2000A3EB0C0222EA030212EACC1204BF51F860
:10DD3000043B0430F4D0C2F1000102EA0102B2FA5D
:10DD400082F2C2F11F0200EBD2007047F8B555EC29
:10DD5000104BC5F30A522F460646A2F2FF33132B8F
:10DD600017DC002B3CDB244A42FA03F305EA0302EA
:10DD700052EA040117D020462946002425EA03056B
:10DD800022462B46C6E9002308F0C2FE41EC100BE8
:10DD9000F8BD332B14DCA2F213424FF0FF33D34013
:10DDA00013EA040107D107F000430A46C6E900451B
:10DDB00043EC102BF8BD2046294624EA0304DFE794
:10DDC00086ED000B04F0D6F880B922462B4620469B
:10DDD000294608F09FFE41EC100BC6E90001F8BD92
:10DDE000002205F00043C0E90023F8BD002205F041
:10DDF000004343EC102BF8BDFFFF0F0010B491FB64
:10DE0000F2F402FB1411C0E900415DF8044B7047C5
:10DE10000148FFF7B5BD00BFACD200200148FFF7B5
:10DE2000B3BD00BFACD200202DE9F047DFF87490FD
:10DE300080460E461746FFF7EBFFD9F800504DB16C
:10DE40003378344663B13D2B0AD014F8013F3BB11F
:10DE50003D2BFAD14046FFF7E1FF0020BDE8F087F7
:10DE60003D2BF7D02868A41B0028F3D0224631466A
:10DE7000FEF7D0FC28B92868035D00EB040A3D2BAF
:10DE800004D055F8040F0028F0D1E3E7D9F80030AA
:10DE90004046ED1AAD103D60FFF7C0FF0AF10100EA
:10DEA000BDE8F087509E002000B583B001AAFFF7BF
:10DEB000BBFF03B05DF804FB0EB470B59DB0002548
:10DEC0004FF4017221AC1B95ADF8142054F8046B8B
:10DED00002900690FFF70CFF0B4903464FF6FF70C8
:10DEE00032460A910949ADF8160003930793234679
:10DEF000086802A90E951395019400F099F81DB0D9
:10DF0000BDE8704003B0704705C30412089D0020AF
:10DF100038B54B1C1AD0938914465268CDB223F001
:10DF20002003A381236BA3B1636B934209DD2368B4
:10DF30005A1E226003F8015C63680133636028465F
:10DF400038BD214603F048FF0028F0D04FF0FF35E0
:10DF5000F5E7236921682BB18B4203D211F8013C0C
:10DF6000AB420ED0234604F14000C4E90E12032157
:10DF7000012220632846616303F8425FC4E900324E
:10DF800038BD01390132C4E90012D8E72DE9F04F5C
:10DF9000834685B002FB03F00E9C0193A0B3884634
:10DFA0000646D4E90015A84223D94FF0000904F130
:10DFB000400ACDE9020240462A46FFF723FE2168C7
:10DFC000236B58464F19A8441946C4F8049027609B
:10DFD0003746761BDBB1534501D0F9F7D4FFE06B30
:10DFE000C4F83090606090B1A16BB04205462160EA
:10DFF000E1D332464046FFF705FE0198D4E90032EE
:10E00000921B3344C4E9003205B0BDE8F08FDDE96E
:10E010000202A389284443F02003C01BA3810023EC
:10E02000B0FBF2F02269C4E9002305B0BDE8F08F2F
:10E030002DE9F04FE5B091468A4602AF4A6E7B6209
:10E04000B1F90C30F8639C0400F1058143F40053EE
:10E0500022F400528B814A660822002107F1480011
:10E060001BF03EFE4FF0000E0AF14003F346C7F8E6
:10E070002CE0C7F810E0C7E90CEEC7E9053E994B64
:10E08000D3F8E45003F02CFF07F14802034607F1F0
:10E09000440100924A46F86BA8470028C0F2AE80BF
:10E0A0007B6C81440146002B00F0B580012800F014
:10E0B000C280252B40D00028E1D0A9EB0108DAF876
:10E0C0000430404408F1FF361A46451E002A16DD8A
:10E0D000DAF800301878711C72780133904240F001
:10E0E0009A80DAF80420A942CAF8003002F1FF321F
:10E0F000CAF8042000F0AA80002A0E46E8DCDAF80C
:10E100003030F86B1946002B00F035857A69934260
:10E1100001D0F9F738FFDAF83C300022CAF80430B1
:10E12000CAF83020002B00F02685DAF83830CAF81B
:10E130000030CFE701200146002699F800C03246A2
:10E14000ACF1250309F10104552B64D8DFE813F085
:10E15000E70463006300630063009A0363006300E5
:10E16000630063006300EC00EC00EC00EC00EC00EA
:10E17000EC00EC00EC00EC00EC00630063006300DA
:10E180006300630063006300630063007101E803E0
:10E190006300630063006300630063006300870043
:10E1A00063006300D90463006300630070046300CC
:10E1B000630063006300F9006300630058026300BA
:10E1C0006300630063006300630063008704C803A7
:10E1D000630063006300A203AF0387006300430191
:10E1E00050015E013C0262036300630070038F0014
:10E1F000820363006300F90063008F004FF6FD7334
:10E200000822002107F148007B641BF069FD7B6C4C
:10E2100009F101097BB9FB6A3BB1FB6A18683B6BEA
:10E22000013369D008B1FDF767F9386B07F5C67798
:10E23000BD46BDE8F08F2C4AD25C11071DD4252BBA
:10E240003FF478AF09F1FF38012038E702365E4429
:10E25000A6EB080B13E7900400F1A384FCE6350756
:10E26000D9D199F801C046F00206A14668E7330704
:10E27000D1D199F801C0A14662E7DAF804200AF189
:10E2800040060025FC6B11E0DAF800301A78013303
:10E2900015498A5C12077FF5F2AEDAF804200BF11B
:10E2A000010BCAF80030013ACAF80420002AEBDC5E
:10E2B000DAF8303020461946002B01F0C180B34215
:10E2C00001D0F9F760FEDAF83C30CAF83050CAF8ED
:10E2D0000430002B01F0B480DAF83830CAF800308E
:10E2E000D4E700BFB09E0020512A06123B6B1BB141
:10E2F000BAF80C305B0690D5FB6ADE8818687EB1F0
:10E300000024051F8146A04655F8043F01341868D3
:10E31000FDF7F2F82B68B442C3F80080F4D1484608
:10E320004FF0FF333B637DE716F08F0F7FF473AF41
:10E3300002EB82020CEB420299F801C0A146303A8E
:10E34000FEE6DAF8043046F400763C62002B40F337
:10E350006982DAF800C0DFF8A4829CF8000018F89F
:10E36000005060462D0741F1BF81A3490325B961E3
:10E37000102179630AF14009BD63002419464D4616
:10E38000914609E0CAF80000017818F801100A0760
:10E3900040F10C84DAF8041001390BF1010B013063
:10E3A0000029CAF80410EDDCDAF83030F86B1946B1
:10E3B000002B00F0E083AB4201D0F9F7E4FDDAF87E
:10E3C0003C10CAF83040CAF80410002900F0D3838A
:10E3D000DAF83800D6E735077FF41DAF99F801C0A9
:10E3E000BCF16C0F00F0DC8746F00106A146A7E601
:10E3F00016F08F037FF40FAFFD6A002D01F04B8004
:10E4000099F801C046F08006A14699E63C62F40600
:10E4100000F1B3807A6A300752F8043B7A6200F167
:10E42000DB87710741F14381D7F82090A3F800B052
:10E4300025E6DAF8043046F041063C62002B40F352
:10E44000DE85012A38BF0122154616F01003BB6293
:10E4500040F0C0867B6A340653F8042B7A607B62F6
:10E4600041F10380002A3FF4D6AE8020FDF73CF84E
:10E470008146002801F014817B681860FB6ADE8801
:10E48000B3F80480464580F03E8718687B68FA6AD6
:10E4900040F82630731C0120C7F81C90D38020233D
:10E4A000C7E90203002607F160083B69BB6303F07C
:10E4B00017FDB04200F06A83BB6B07F15804DAE93C
:10E4C0000021032B12F8010B01F1FF3108F80600BF
:10E4D00006F10106CAF80410CAF8002002D1236828
:10E4E000042B04D00822002120461BF0F9FB0094E5
:10E4F000334649464246F86B05F054FC411C03463E
:10E5000000F04483002840F00D83BA6AB344013D13
:10E51000DAB9C9F80020F869FE68A9EB0004B6EB87
:10E52000A40F10D8BA6872B1F100BB6305F000FA0D
:10E53000F861002801F0B480720000EB0409BB6BA5
:10E54000FA607A68106009F10409DAF804200026FC
:10E55000002A19DD002DA9D13B61FB69A9EB03015C
:10E56000FB68B3EBA10F03D9BB68002B40F03887E1
:10E57000BB6A13B93B6B01333B63D7F820907EE550
:10E58000DAF80420002A91DCDAF83010002901F0D2
:10E5900011800AF14002914204D0F86BBB63F9F795
:10E5A000F2FCBB6B0022CAF83020DAF83C20CAF833
:10E5B0000420002A00F0FE87DAF83820CAF800208C
:10E5C000002D7FF473AFC7E7DAF804303C62002B0C
:10E5D00040F39F82DAF800C0DFF820809CF800004A
:10E5E00018F8005060462C0741F18380024903254A
:10E5F000B96108217963BDE681B80412512A061277
:10E60000214607F18800BA6303F096FBDAF804307C
:10E6100046F04006BA6B002B386240F35B87002A55
:10E6200006F0100308BF4FF0FF3216F00108FB613F
:10E6300000F04A83002B40F0C3857B6A300653F814
:10E64000041B39607B6240F11D87BA6300293FF4E7
:10E65000E2AD8020FCF748FFBA6B8146002801F04C
:10E660001F803B681860FB6ADD889E88B54280F099
:10E67000098618683B680121C7F80C9040F82530DE
:10E680000135FB6ADD802023C7E90113C7F838B0E4
:10E690004FF000083C69934603F022FC404500F02F
:10E6A0007582032C07F15006DAE9003202F1FF32DD
:10E6B00013F8011BCAF8042007F16002CAF8003001
:10E6C00002F8081008F1010802D13368042B04D0C5
:10E6D0000822002130461BF003FB0096434607F159
:10E6E00060024946F86B05F05DFB431C044600F0F0
:10E6F0004D82002840F026820546C9F8000007F147
:10E700005803082200211846BB621BF0E9FA804931
:10E710002A46BB6AD1F8E05007F14001F86BA847E0
:10E7200001280CBF97F84050002507F188035B5D76
:10E73000002B00F0B786BB6B032C4344BB6300F097
:10E740000A82FB690BF1FF3BBBB909F10409F868C8
:10E75000BE68A9EB0005B6EBA50F0ED87B6863B1C8
:10E76000F10005F0E5F8F860002800F099877200E4
:10E7700000EB0509BA603A681060DAF804304FF02F
:10E780000008002B27DDBBF1000F85D1D7F838B08A
:10E790003C61FB69002B7FF4F0AEC9F80030FB68E8
:10E7A000BA68A9EB03018B1001339A427FF6E2AEFF
:10E7B0007B68002B3FF4DEAE3C680431206805F036
:10E7C000B7F800283FF4D6AE2060D3E6DAF804307C
:10E7D000002B3FF761AFDAF83010002900F0048712
:10E7E0000AF14003994202D0F86BF9F7CCFB002301
:10E7F000CAF83030DAF83C30CAF80430002B00F0A8
:10E80000F386DAF83830CAF80030BBF1000F7FF435
:10E8100043AFBBE7DAF8043046F408763C62002BDD
:10E820003FF797AD3B4B0325BB6110237B6383E030
:10E83000DAF804303C62002B40F35686DAF8000028
:10E84000DFF8D880057818F80550290740F19B803B
:10E8500002258FE5DAF804303C62002B40F33D8658
:10E86000DAF800C0DFF8B4809CF8000018F8005017
:10E8700060462D0740F1428726490325B9610A21E8
:10E88000796377E532437FF4C6AC99F801C010266E
:10E89000A14655E433077FF4BEAC99F801C0BCF142
:10E8A000680F00F0758546F00406A14648E4DAF8E2
:10E8B00004303C62002B40F31E86DAF800C0DFF81B
:10E8C0005C809CF8000018F80050604615F00805C0
:10E8D00000F0198710490325B9610021796349E5E2
:10E8E000DAF804303C62002B21DDDAF800C0DFF8F2
:10E8F0002C809CF8000018F800506046290740F171
:10E90000EB8605490325B9610A21796332E500BF29
:10E91000B09E002081B8041211B70412512A0612C9
:10E92000DAF8043046F001063C62002BDDDCA14B36
:10E930000325BB610A237B63DAF83010002900F05D
:10E940001A810AF14003994204D0F86BBA63F9F7CF
:10E950001AFBBA6B0023CAF83030DAF83C30CAF838
:10E960000430002B00F00781DAF838007406CAF88A
:10E97000000040F11A87012D3FF451AE002D76D0F2
:10E98000022D40F05082002A06F0100308BF4FF01D
:10E99000FF3216F00109BB6300F01281BB6B002B44
:10E9A00040F006847B6A310653F8044B7B6240F1E9
:10E9B0005685BA62002C3FF42EAC8020FCF794FD03
:10E9C000BA6A8146002800F06B86FB6A2060DD8809
:10E9D0009E88B54280F06A841868FB6A494640F810
:10E9E00025404FF0200C0135DD80DAF80030DFF8EB
:10E9F000CC811B7818F8035015F0080500F0098346
:10EA0000BB6B002B7FF4B9ADA9EB0101C9F8003055
:10EA10008B1001339C457FF6ADAD002C3FF4AAADC1
:10EA20000431206804F084FF00287FF4CDAEA1E516
:10EA3000DAF8043046F001053C62002B40F35785BC
:10EA4000DAF80000DFF8748190F800C018F80CC004
:10EA50001CF0080F00F06B862E4602258AE4DAF8D7
:10EA6000043046F040063C62002B40F3C882012A85
:10EA700038BF0122F30715463FF5E7ACF30600F176
:10EA8000B1837B6A340653F8048B7B6240F1AA821F
:10EA9000B8F1000F3FF4BFAB1046FCF725FD06466A
:10EAA00000287AD0FB6AC8F80000B3F806909A886C
:10EAB000914580F07D841868FB6A314640F82980D2
:10EAC00009F101090122A3F806902B46CDF800A018
:10EAD000F86BFFF75BFA064600283FF407AC854267
:10EAE00007D90146D8F8000004F022FF08B1C8F8A1
:10EAF00000003B6BB344D7F8209001333B63FFF732
:10EB0000BEBADAF8043046F001063C62002B3FF74B
:10EB100061AD294B0325BB6108237B630CE7A1464C
:10EB2000FFF7C9BA821C3FF42BAD0328B34403D1CD
:10EB30002268042A00F05181BA6A013D002A3FF49C
:10EB4000EAAC02E5851C3FF441AED9F80050681CE0
:10EB50007FF4D5ADE9E53368042B7FF4F2ADFB69B2
:10EB6000002B3FF4F2ADDAF804304FF00008002B30
:10EB70003FF792AD2FE6BAF80C300022DAF8101009
:10EB800043F02003CAE90012AAF80C303B6B23B112
:10EB9000BAF80C305A067FF53EABFB6A002B7FF4C7
:10EBA000ABAB4FF0FF333B63FFF73FBBBD6B4A4658
:10EBB000E1E600BF11B7041281B80412512A06120F
:10EBC00006F01003002B40F0BB84796A16F0800534
:10EBD00051F8043B1C46BB63796200F0C283BA6201
:10EBE000002B3FF418AB2020FCF77EFC05460028E4
:10EBF000D3D0FB6ABA6ADE88B3F8049020604E4531
:10EC000080F082821868BB6B4FF0200940F82630F4
:10EC10000136FB6ADE800123DAF800C0DFF83885B0
:10EC20009CF8000018F80000010700F1BF821446AC
:10EC300042462E46984661465B469346DAF80420E3
:10EC4000013ACAF804204A1CCAF800200A7805F8DC
:10EC5000012BAA1B4A45BA6211D3B8F1000F0ED09E
:10EC60004FEA49093046FB61494604F061FE064619
:10EC7000002892D0BB6BBA6A18608518FB69013C0A
:10EC80000BD0DAF80420002A40F33C84DAF80010B4
:10EC90000A781BF802201207D0D59B46A91B4346D1
:10ECA0008B440131002289452A7006D92BB1BC6BF7
:10ECB000206804F03DFE00B120603B6BD7F8209047
:10ECC00001333B63FFF7DBB9FB69002B40F0328275
:10ECD000796A16F0800651F8043B796200F0CE8321
:10ECE000BA62BB63002B3FF496AA2020FCF7FCFB22
:10ECF000054600283FF451AFF96ABB6BCE88B1F8E6
:10ED00000480BA6A4645186080F0E5820868F96AAE
:10ED10004FF0200940F826300136CE8007F18801F7
:10ED2000DAF800000C460178615C00293FF473AA10
:10ED3000B3F100080AF14001C7F81CB02E4618BF15
:10ED40004FF001089346B962BB631BE0B8F1000FB6
:10ED500027D04FEA49093046494604F0E9FD064606
:10ED600000283FF41AAFBB6B05441860BBF1010BE0
:10ED70003FD0DAF80410002915DDDAF80000017838
:10ED8000615CB1B32946DAF80450013DCAF8045079
:10ED9000451CCAF80050007801F8010B8D1B4D4549
:10EDA000D4D20D46E2E7DAF83010002900F04184B1
:10EDB000BB6A994202D0F86BF9F7E5F80023DAF85C
:10EDC0003C10CAF83030CAF80410002900F0318431
:10EDD000DAF83800CAF80000D1E7BA6A002A3FF42E
:10EDE0009AABDAF804200026002A3FF75FABFFF762
:10EDF000CBBBAE1BD7F81CB0BB6B3FF40CAA711C8D
:10EE0000002289452A707FF674AEB8F1000F3FF4F6
:10EE100070AE1868BB6304F08BFD00283FF469AE48
:10EE2000BB6B186065E6D7F82090DAF800C0531E77
:10EE3000262B40F2C580A2F1270327223B62002344
:10EE40000AF1400407F1600846F45865BB63BB62F1
:10EE50002346464614464A4699469CF80000A0F1CF
:10EE60002B014D292FD8DFE801F0802E802E2E8532
:10EE70006C6C6C6C6C6C6C27272E2E2E2E2E2E2E0E
:10EE80005656565656562E2E2E2E2E2E2E2E2E2EB2
:10EE90002E2E2E2E2E2E2E742E2E2E2E2E2E2E2E4C
:10EEA0005656565656562E2E2E2E2E2E2E2E2E2E92
:10EEB0002E2E2E2E2E2E2E747B6BA64931F913107A
:10EEC000082979632ADC9146E80505D5464500F214
:10EED000988046453FF49FA915F0100214D17B6B32
:10EEE0004146BC69F86B3270A0477B6AA90603F102
:10EEF000040469D42A0740F11B827B6A1B681870DE
:10EF00003B6B7C6201333B63A6EB0806BB6B1E4484
:10EF1000B344FFF7B4B87B6B0A2BD4DD25F4386516
:10EF200006F8010BDAF8041001390029CAF80410B8
:10EF30002DDD0CF10101013CCAF80010C3D08C4654
:10EF40008BE77B6B25F43865824931F913307B639D
:10EF5000E6E705F4C061B1F5007FB4D125F4007592
:10EF6000102345F4A0657B63DAE72B06ABD525F0CB
:10EF70008005D5E72B05D3D57B6B1BB9082345F45A
:10EF800000757B63690522D525F4B065C8E7DAF81A
:10EF90003010002900F03E83494504D0F86BFA6137
:10EFA000F8F7F1FFFA69BB6ADAF83C10CAF83030BA
:10EFB000CAF80410002900F02D83DAF83810BAE7F7
:10EFC00000233B623BE77B6A1B68186098E73B6A5B
:10EFD00025F4607513B1013B01343B62BB6B013317
:10EFE000BB639FE7CDF800A0134641460122F86BB2
:10EFF000FEF7CCFF064600287FF47BADC6E5002572
:10F000009AE416F8011C5246F86B013EFEF780FFA9
:10F010005FE73E69C7F810809046FC60F961C7F869
:10F0200028C002F05DFFA8423FF4B0AD032E07F107
:10F030005804DAE9003202F1FF3213F8011BCAF872
:10F04000042007F16002CAF80030515505F10105AE
:10F0500002D12368042B04D00822002120461AF094
:10F060003FFE009407F160022B464946F86B04F01E
:10F0700099FE421C06463FF489AD002840F0768197
:10F08000C9F8000004F0EAFE002840F0B781AB4464
:10F0900008F1FF38BD6B002D40F0D08109F1040963
:10F0A000F869BB6AA9EB0004B3EBA40F00F2C681B8
:10F0B000FA68002A00F0C281D90004F039FC014648
:10F0C000F861002800F0EC82BB6A00EB04095800EC
:10F0D000FB68B8621960DAF80430002B40F3C6828E
:10F0E000DAF800301B783A69D35CC3F3C00383F0CD
:10F0F0000103D80702D5B8F1000F92D1FC68F96975
:10F10000D7F828C03E617BE44FF6F673BA629945A2
:10F110003FF6F2A809F10809FC6A4FEA8901206864
:10F1200004F006FC00283FF4E7A8BA6AA4F80490AB
:10F13000206068E5DAF8001007F188000B78C35CFE
:10F14000002B3FF468A80AF1400645461446814664
:10F150000AE000BFF82D0612512A06120B7819F8A2
:10F160000330002B00F08980DAF8043008F1010840
:10F170000131013B4445CAE900137ED0002BEDDC90
:10F18000DAF8301000296BD0B14202D0F86BF8F7F2
:10F19000FAFEDAF83C30CAF83050CAF80430002BD6
:10F1A0005ED0DAF83810CAF80010D7E7012179E507
:10F1B0004FF0000C07F1440361469946644614E49D
:10F1C000002307F144017B6089463B60C7E90233B5
:10F1D000FFF75CBA00239946FB617B60C7E9023305
:10F1E000FFF760B9DAE900239D4240F3F6811A4443
:10F1F000DAF830101E46A5EB0308CAF800200029F3
:10F2000000F053820AF14003994202D0F86BF8F7FC
:10F21000BAFE0023CAF83030DAF83C30CAF80430BD
:10F22000002B00F04282DAF838209845CAF8002016
:10F2300040F3D4819D19BAF80C3043F02003AAF8AA
:10F240000C30DAF81030CAF800300023CAF8043065
:10F25000002D3FF49BACAB44D7F82090FEF70FBFD6
:10F26000BAF80C3043F02003AAF80C30DAF810306A
:10F27000CAF800300023CAF80430C344D7F82090FD
:10F28000FEF7FDBE4FF6F673BA639E4200F20882A7
:10F290000836FC6AB100206804F04AFB002800F040
:10F2A000FF81BA6BA6802060FFF7E4B94FF6F673D2
:10F2B000BA629E4200F2F4810836FB6AB100186817
:10F2C00004F036FB002800F0EB81FB6ABA6A9E80EE
:10F2D0001860FFF782BB4FF6F671BB62BA638845D0
:10F2E0003FF60AA808F10808FC6A4FEA880120687E
:10F2F00004F01EFB00283EF4FFAFBB6ABA6BA4F813
:10F300000480206003E54FF6F673984500F2C8814B
:10F3100008F10808FC6A4FEA8801206804F008FB3D
:10F32000002800F0BD81A4F804802060FFF7AEB88B
:10F330006B075FD415F001027FF445AEA9077FF596
:10F3400042AEC74BB969F86B99427B6B414600F0FE
:10F35000F78104F05FFC0B467A6A1168C1E900038B
:10F36000CEE52B46BD6B9946BB6355E4831C3FF449
:10F37000B2AED9F8000004F071FD00283ED1032E92
:10F38000AB447FF485AE2368042B7FF481AE81E625
:10F3900099F802C046F0080609F10209FEF7D0BE4E
:10F3A00099F802C046F0020609F10209FEF7C8BE4C
:10F3B0004FF6F6739A423EF69FAF02F10804FB6ADD
:10F3C000A100186804F0B4FA00283EF495AFFB6A77
:10F3D0009C801860FFF770BB83F800B0FFF7CDB8D2
:10F3E0007C68206804F0A4FA00283FF4C1A82060DB
:10F3F000FFF7BEB87B6A1B68188081E507F16003E0
:10F40000FC68F969D7F828C03E615E19C7F82890F2
:10F410008946FC613446D7F83C806646013D524639
:10F4200014F8011D4046FEF773FD002DF6D1494644
:10F43000FC69D7F82890B446FFF7E2BA00254AE6FF
:10F44000BAF80C3043F02003AAF80C30DAF8103088
:10F45000CAF800300023CAF80430FEF710BEA146F7
:10F46000BC6BA4462146FFF7C0BABB6AD7F804902C
:10F47000FB617B60C7E90233FFF714B81D46B14654
:10F4800033464BE4FB69D7F80090FB603B60C7E96B
:10F490000133FFF7FBB882B0CDE9023302ABFB6268
:10F4A000FEF7AEBFD7F838B03C61B8F1000F3FF4BB
:10F4B00070A907F160034546FE6B03EB0804013DAC
:10F4C000524614F8011D3046FEF722FD002DF6D1FC
:10F4D000FFF75FB90125FFF72FBA614B0325BB6129
:10F4E0000A237B63FFF728BA0225FFF725BA2E46C9
:10F4F0000225FFF721BA5B4B0325BB6100237B6329
:10F50000FFF71ABADAF83010002900F023810AF167
:10F510004002914204D0F86BBB62F8F734FDBB6A3D
:10F520000022CAF83020DAF83C20CAF80420002A69
:10F5300000F01081DAF83810CAF80010FFF7A8BB05
:10F54000DAF80000DFF82081037818F80330190793
:10F550003FF513A80AF140064D46144605E003782E
:10F5600018F803301B0700F1B080DAF8043009F115
:10F5700001090130013B4C45CAE9000300F0A280BB
:10F58000002BECDCDAF83010002900F0C080B1422A
:10F5900002D0F86BF8F7F7FCDAF83C30CAF83050D4
:10F5A000CAF80430002B00F0B280DAF83800CAF84C
:10F5B0000000D4E73B61BAF80C3043F02003AAF80E
:10F5C0000C30DAF81030CAF800300023CAF80430E2
:10F5D000002E3EF4C2AFFFF7D9BAA846A3EB08034A
:10F5E0004244CAE9002336E6BAF80C30D7F838B0FE
:10F5F00043F020033C61AAF80C30DAF81030CAF866
:10F6000000300023CAF80430B8F1000F3FF4C1A85D
:10F61000FFF7BCBABAF80C30914643F02003AAF8C1
:10F620000C30DAF81030CAF800300023CAF8043081
:10F630004AE4BAF80C20B542D7F81CB042F02002D8
:10F64000BB6BAAF80C20DAF81020CAF800204FF0A3
:10F650000002CAF804203FF499AAAE1BFFF7CFBB03
:10F6600081B8041211B70412512A0612DAF83010C8
:10F67000002900F083800AF14003994202D0F86B20
:10F68000F8F781FC0023CAF83030DAF83C30CAF8C9
:10F690000430002B72D0DAF83830CAF8003021E597
:10F6A0004FF0FF333B63FEF7B6BD3546C3E5F207C7
:10F6B0000ED4B5070CD54FEAEB72C3F800B05A6010
:10F6C000FEF75BBFA344FEF758BFCB44FEF755BF20
:10F6D000C3F800B0FEF751BF3A4BBB610A237B630E
:10F6E000D7F82090FFF7A3BB374BBB6110237B6398
:10F6F000F6E7354BBB6108237B63F1E7324BBB6117
:10F700000A237B63ECE72F4B7D63BB61E8E7BAF824
:10F710000C30CB4443F02003AAF80C30DAF8103058
:10F72000CAF800300023CAF80430FEF726BF5AB9E1
:10F7300006F010034FF0FF322E46BB63FFF72EB9E1
:10F7400004F02EFB0B4607E606F010032E46BB63C3
:10F75000FFF724B9BAF80C209B46A91B434642F098
:10F7600020028B440131AAF80C20DAF81020CAF8E4
:10F7700000200022CAF80420FFF794BABAF80C302F
:10F78000FC6843F02003F969D7F828C0AAF80C30C8
:10F79000DAF810303E61CAF800300023CAF80430AD
:10F7A000002D7FF4F3A9FFF72BB990F800C0DFF824
:10F7B0001C8018F80CC01CF0080F7EF4DBADFFF7BE
:10F7C000DAB800BF11B7041281B80412512A061228
:10F7D0002DE9F04FDBB00C4682460A910DF1A808E6
:10F7E00007920E9302F082FB036818461693FEF709
:10F7F0007FFA08221590002140461AF071FAA38979
:10F800001F0603D52369002B01F05C810023CDF88E
:10F8100010A09E46CDE92F3331ABCDF85CE0CDF89A
:10F8200060E01C462E93CDF820E0CDF844E09FED3B
:10F83000727BCDE919EE8DED127B079E049F704B14
:10F84000D3F8E45002F04CFB3246034626A9384672
:10F85000CDF80080A8470028034600F09B80C0F246
:10F860009180269A252A01D01E44E8E7079B054689
:10F87000F71A40F0938000234FF0FF32751C96F882
:10F8800001908DF88F300993069203930135A9F109
:10F8900020035A2B00F2B680DFE813F0E503B40032
:10F8A000B400DE03B400B400B400BD03B400B4007F
:10F8B000F8020A03B4000303F703B400F0035B008B
:10F8C0005B005B005B005B005B005B005B005B0060
:10F8D000B400B400B400B400B400B400B400250116
:10F8E000B40042023A04250125012501B400B40008
:10F8F000B400B4003204B400B4008603B400B40011
:10F90000B4007802B4001404B400B4009C08B4003D
:10F91000B400B400B400B400B400B400B4002501D5
:10F92000B400420268012501250125011003680188
:10F930006D00B4002A03B4001B03560335036D00A9
:10F94000B40078026A00AD02B400B400C908B40083
:10F950006A00A9F13003002202EB820215F8019B34
:10F9600003EB4202A9F13003092BF5D909928EE786
:10F9700095F800908AE7039B95F8009043F02003E8
:10F98000039383E70822002140461AF0A9F90123D6
:10F990001E4454E7079B0546F71A11D0079B2F9A80
:10F9A000C4E900370132309B072A3B442F92309341
:10F9B00017DC0834089B3B440893002D7FF45BAFB1
:10F9C000309BDDF810A0002B41F0E0830A9B9B895F
:10F9D00003F04003002B41F0628708985BB0BDE85C
:10F9E000F08F2EAA0A99049801F0C2FF0028EDD1E9
:10F9F00031ACDFE7AFF30080000000000000000042
:10FA0000B09E00200795B9F1000FD9D00023012244
:10FA100041AF8DF804918DF88F300B930C920693C3
:10FA200014930592CDE90F33039B309D13F08403AB
:10FA3000AE4600F0D5809DF88F20EAB12F980026C1
:10FA4000013001220135626007280DF18F02CDE9F6
:10FA50002F05226000F3C38408346EB12F98013063
:10FA600024AA0235226007284FF00202CDE92F05B3
:10FA7000626000F3A6840834802B00F0E183069BCB
:10FA80000C9A9E1A002E00F3BC80039BDE0500F149
:10FA9000F0800C9B27601D4463602F9B30950133E1
:10FAA000072B2F9300F33A840834039B5A0705D59C
:10FAB000099B059A9E1A002E00F39F840599DDE9A3
:10FAC00008328A42ACBF9B185B180893002D40F0A7
:10FAD000F38300232F930B9B1BB10B990498F8F72A
:10FAE00052FA31ACA9E60E9B4FF0FF32079507336F
:10FAF00023F00701A04BB1EC027B57EC176B0E9182
:10FB000027F000418DED1C7A1D91DDE91CAB8DEDD8
:10FB1000127B5046594607F04DFC002840F06086A5
:10FB20004FF0FF32944B5046594607F025FC0546EE
:10FB3000002840F05586039B00223046394623F0CA
:10FB400080030393002307F00DFC002841F0B682E8
:10FB5000B9F1470F9DF88F30CCBF884F884F002BED
:10FB600041F05F8503220B930C9258E703990795A8
:10FB7000880640F123860E9B0391073323F0070389
:10FB80001A465B6852F8085B1E460E92002BC0F2C4
:10FB9000D182069A002AC0F24381039B23F080039E
:10FBA000039355EA060340F03B81131E18BF01235F
:10FBB000002A40F035811A460B939DF88F305AAFDA
:10FBC000309D191E039BAE46069218BF012113F00B
:10FBD00084030C9205911492CDE90F227FF42BAF90
:10FBE000099A0599561A002E00F30C859DF88F206E
:10FBF000002A7FF423AF069B0C9A9E1A002E7FF7F3
:10FC000044AF102E2F9ADFF87CA123DD2946102364
:10FC1000DDF810B00A9D02E0103E102E19DD013211
:10FC200010315848072AC4E90003CDE92F2104F117
:10FC30000804F1DD2EAA2946584631AC01F098FEA1
:10FC4000002840F01484103E1023102EDDE92F21EF
:10FC5000E5DC0D4601323544C4F800A0072A666091
:10FC6000CDE92F2500F31185039B0834DE057FF5D0
:10FC700010AFB9F1650F40F35C8300220023DDE98A
:10FC8000120107F065FB002800F0FA832F9B013575
:10FC90003D4A0133309522600122072B2F93626089
:10FCA00001F382800834259B119A934280F21385D8
:10FCB000159B169A1D44C4E900232F9B30950133F0
:10FCC000072B2F9300F3F2860834119B5E1E002E43
:10FCD0007FF7EBAE102E2F9BDFF8A8A040F3148324
:10FCE0001027DDF81090DDF828B003E0103E102E4C
:10FCF00040F30A8301331035072BC4E900A7CDE98F
:10FD00002F3504F10804F1DD2EAA5946484601F0CA
:10FD10002FFE002841F02B8031ACDDE92F35E5E7DF
:10FD20000E9BB9F1430F079503F1040503D0039B24
:10FD3000DE0640F1A186082200212CA841AF19F06F
:10FD4000CFFF0E9A2CAB04981268394604F054F891
:10FD500003460C90013301F09D850C9B23EAE3736D
:10FD6000059300230E958DF88F300B930693149313
:10FD7000CDE90F3358E600BFFFFFEF7F202C0612BE
:10FD80001C2C06121C2E06125C2C06120E9E002342
:10FD9000079556F8047B8DF88F30002F00F0A18670
:10FDA000B9F1530F01F00C80039B13F010030F9374
:10FDB00041F00680069B002BC1F2F3811A460F9991
:10FDC000384602F097F89DF88F300B90002801F02C
:10FDD00090840B9AD21B0C9222EAE27205920BB12C
:10FDE000013205920F9B4FF073090E960693149300
:10FDF00010930B9318E6039907958F0640F19B84A7
:10FE00000E9B002207338DF88F20069A23F00703FC
:10FE1000002A5E6853F8085B0E9380F262840391B7
:10FE20000A2D76F1000380F09881069B30359DF80D
:10FE30008FC00DF26717012B8DF86751B8BF0123F2
:10FE4000059300230F9301230C9300230B93BCF124
:10FE5000000F02D0059B013305930F9B002B01F08F
:10FE60004685059B02330593039BDDE92F0513F0BF
:10FE70008403AE46024600F03782BCF1000F40F02A
:10FE8000F882CDF850C0CDE90FCCE8E50E9B53F8D1
:10FE9000042B002A099280F23B84099A0E93524265
:10FEA0000992039B95F8009043F004030393EDE45B
:10FEB0002B2395F800908DF88F30E7E495F80090AB
:10FEC000039BB9F1680F00F0E18543F04003039311
:10FED000DCE4039A0E9B9206079503F1040140F1BE
:10FEE0005B841B68089A1A60D2175A600E91A4E4CA
:10FEF00095F80090039BB9F16C0F00F0CF8543F0AB
:10FF000010030393C2E400220E99079547F63003CD
:10FF1000069D51F8040B9542ADF890308DF88F2076
:10FF20000346C0F28785039D25F0800545F0020554
:10FF30000395002840F08A870698002840F08687BD
:10FF40004FF078090E91D6E303980795810640F1AA
:10FF500011840E9B073323F007031A46596852F8A1
:10FF6000083B0E9200228DF88F20069A002A2DDB86
:10FF700020F490620392069A5ABB53EA010214BF1E
:10FF80000122002225D110F00101059100F0C58366
:10FF900030230DF2671706928DF867310C910B92A2
:10FFA0001492CDE90F223FE5039B07959D0643F090
:10FFB0001000CED40E9B1A1D0E9B00210E92002223
:10FFC0001B688DF88F20069A002AD1DA20F480620F
:10FFD00003925AAF03F00702DB08384643EA417345
:10FFE0003032C90807F8012D53EA0105F2D1302A51
:10FFF00003D0039BDB0700F1DE845AAB069ADB1BC0
:020000041205E3
:100000009A420C93B8BF1A46059200230B9314939F
:10001000CDE90F3308E5049F384601F067FF4368D8
:1000200018461893FDF764FE1A900646384601F00C
:100030005DFF836895F800901993002E3FF426AC7D
:10004000002B3FF423AC1B78002B3FF41FAC039B29
:1000500043F48063039319E4039B95F8009043F005
:100060000103039312E49DF88F3095F80090002B64
:100070007FF40CAC20238DF88F3007E4039B95F8B8
:10008000009043F08003039300E4294611F8019B9C
:10009000B9F12A0F01F0EC83A9F13003092B01F229
:1000A0000682002202EB820211F8019B03EB42025E
:1000B000A9F13003092BF5D942EAE2730D46069304
:1000C000FFF7E5BB039B079543F010019B063FF547
:1000D00097AE0E9B1A1D00260E9B06981B68B04219
:1000E0008DF88F601D46C0F2AC8721F080010E9222
:1000F0000391002B7FF494AE002800F0FC828FE681
:10010000039B95F8009043F008030393FFF7BEBBF1
:10011000039B07959D0643F010013FF52CAD0E9B08
:100120001A1D0E9B03911D680E92EE173346002B8D
:10013000BFF62FAD2D236D428DF88F3066EB46064E
:10014000069B002BFFF66CAE039B0A2D23F0800369
:10015000039376F10003FFF468AE039B002205943D
:100160005AA903F48063CDF82C90DFF8C8B99646FD
:100170001C46DDF8649023E0AB19AA4630463946A8
:1001800043F10003ABFB032C2CF0030202EB9C02B7
:100190009B1A4FF0CC32EB1A66F1000602FB03F219
:1001A000BAF10A0FA3FB0B530BFB06224FEA5505CE
:1001B00070F10000134445EAC3754FEA53062BD390
:1001C000AB190EF1010E01F1FF3743F10003ABFB58
:1001D000032020F0030202EB90029B1AEB1AA3FB10
:1001E0000B3266F100005B080BFB002243EAC2738E
:1001F00003EB8303A5EB4303303301F8013C002CF0
:10020000BAD099F80030FF2BB6D07345B4D10A2D7F
:1002100076F1000381F0B68000225AAB059CDB1B0F
:100220000F92069ACDF864909A42DDF82C909DF8D2
:100230008FC0B8BF1A46CDF844E00C93059204E68F
:10024000099B059A9E1A002E7FF719AC102E2F9A43
:10025000DFF8E8A823DD294610235546DDF828B04D
:10026000DDF810A002E0103E102E16DD0132103134
:10027000072AC4E90053CDE92F2104F10804F2DD77
:100280002EAA5946504601F073FBF8B9103E31AC26
:100290001023102EDDE92F21E8DCAA460D4601329D
:1002A0003544C4F800A0072A6660CDE92F2500F385
:1002B000B2850834FFF7E3BB2EAA0A99049801F02F
:1002C00057FB00283FF405ACDDF810A00B9B002B7A
:1002D0003FF47CAB0B995046F7F755FE0A9B9B8980
:1002E00003F04003FFF776BB099E05991493761A35
:1002F000002ECDE90F3300F33E81BCF1000F3FF437
:10030000AEAB0226FFF79CBB01333544C4F800A016
:10031000072B6660CDE92F357FF7C6AB2EAA0A9969
:10032000049801F025FB0028CED1309D31ACFFF7B9
:10033000BCBB119B01352F9E04F10809012B06F16E
:10034000010640F361810123072E27606360CDE938
:100350002F6500F3B381159B0136169A1D44072EB5
:10036000C9E90023CDE92F6500F39B8109F1080954
:10037000119B00225C1E0023DDE9120106F0E8FF5C
:10038000002840F05A81013601372544C9F804405D
:10039000072EC9F80070CDE92F6500F3418109F1FE
:1003A0000809179B01361D44C9F80430072E28ABF5
:1003B000CDE92F65C9F80030B0DC09F10804FFF77A
:1003C00074BB2EAA0A9904981B9301F0D1FA002855
:1003D0007FF47AAF309D31AC1B9BFFF74DBB2EAA4B
:1003E0000A9904981B9301F0C3FA00287FF46CAFBC
:1003F000309D31AC1B9BFFF730BB102E2F9BDFF8DD
:1004000040A720DD1027DDF81090DDF828B002E0CD
:10041000103E102E17DD01331035072BC4E900A75D
:10042000CDE92F3504F10804F2DD2EAA59464846DD
:1004300031AC01F09DFA002840F09984103E102E56
:10044000DDE92F35E7DC01333544072BC4E900A68D
:10045000CDE92F357FF732AB2EAA0A99049801F027
:1004600087FA00287FF430AF309DFFF727BBDA46CC
:100470002CE7002202261492CDE90F22FFF7E0BA02
:100480002599002940F320840F9B119A9342A8BF1D
:100490001346002B99460ADD1D44C4E900732F9BC7
:1004A00030950133072B2F9300F34B8708340F9EB1
:1004B000B9F1000FA8BFA6EB0906002E00F32183B7
:1004C000039A0F9B52053B4400F15683259E119AD7
:1004D000964203DB0399C80740F12886159A1699BE
:1004E0001544C4E900122F9A30950132072A2F9241
:1004F00000F396870834119A1744961BFF1AB742E7
:10050000A8BF3746002F0ADD23603D442F9B67605C
:1005100001333095072B2F9300F3BA870834002F4F
:10052000A8BFF61B002E7FF7C0AA102E2F9BDFF866
:100530000CA67FF7E9AE1027DDF81090DDF828B0A3
:1005400003E0103E102E7FF7DFAE01331035072B8E
:10055000C4E900A7CDE92F3504F10804F1DD2EAA86
:100560005946484601F004FA002840F0008431ACB6
:10057000DDE92F35E5E70223102E7146DFF8C0A52F
:100580002ADD1B935346A446BA461025DDF810B069
:100590000A9C1F4602E0103E102E18DD0132103179
:1005A000072ACCE90075CDE92F210CF1080CF2DD0A
:1005B0002EAA2146584601F0DBF90DF1C40C0028A3
:1005C0007FF455AF103E102EDDE92F21E6DC3846D2
:1005D000644657461B9B8246501C7518C4F800A001
:1005E00007286660CDE92F0500F39E839DF88F20D4
:1005F0000834002A40F09B80002B3FF440AA1346A9
:10060000FFF72DBA2F9AB7E7039BD9073FF59BAEAB
:100610000123072E27606360CDE92F657FF7C1AE08
:100620002EAA0A99049801F0A3F900287FF44CAE91
:100630000DF1C409DDE92F65B3E6119B012B7FF7AE
:10064000B0AE112BDFF8F4A440F30A841027DDF8D4
:1006500010B003E0103C102C40F30284013610353A
:10066000072EC9E900A7CDE92F6509F10809F1DDD9
:100670002EAA0A99584601F07BF900287FF4F7AEBC
:100680000DF1C409DDE92F65E4E72EAA0A99049863
:1006900001F06EF900287FF417AE309D31ACFFF702
:1006A000F4B92EAA0A99049801F062F900287FF49F
:1006B0000BAE0DF1C409DDE92F6559E62EAA0A99A2
:1006C000049801F055F900287FF4FEAD0DF1C4093E
:1006D000DDE92F653FE6039BD8077FF5E6A9FFF725
:1006E000E7BA21F08003039355EA06037FF498AB41
:1006F000002A7FF495AB039A00239DF88FC05AAF70
:1007000002F0020205930C930F920693FFF79DBB34
:1007100095F800900E93FFF7B9B8059A5AAF069274
:100720000C9214920B92CDE90F22FFF77DB91E4671
:100730000023FFF785B903990E9A11F0100652F8BD
:10074000043B7FF4C8AC039810F0400100F0B08384
:100750009DB2069B8DF88F60002BC0F25A8220F06C
:1007600080010E920391002D7FF45AAB002BC2D072
:10077000FFF756BB03990E9A11F0100152F8043B93
:1007800041F0DE80039D15F0400000F0AA839BB28B
:1007900028460E92FFF7E6BB039BDB0600F15A8367
:1007A000039B5F0600F1CA84039B9E0540F15283C0
:1007B0000E9B089A1B681A70FFF798BB039B0E9A52
:1007C000D90652F8045B01F1CA80039B5F0640F131
:1007D0005C8345F3C0360E922DB23346FFF7D6B98F
:1007E000DDE9120102460B4606F0E4FD064600284C
:1007F00040F0DC8629F0200BBBF1410F40F08283F2
:100800003023B9F1610F8DF8903014BF582378234D
:100810008DF89130069B632B00F3DB84DDE9121227
:10082000002AC0F2B48641AF1B900B909DED127B65
:100830008DED207B25A89DED200B01F0BDFB002256
:100840004FF07F5351EC100B06F01AFB02460B469B
:10085000CDE90C230022002306F07AFD08B1012324
:100860002593B9F1610FCDF83C903E46BB460CBFD5
:10087000AC4BAD4B0593069BDDF814A0591E0694B6
:100880008946DDE90C4509E00022002309F1FF3724
:1008900006F05EFD002840F0A186B9460022A34B79
:1008A0002046294606F0ECFA0D46044606F098FD6F
:1008B000074606F07BFA02460B462046294606F01C
:1008C00027F91AF80730B9F1FF3F324604460D46C2
:1008D00006F8013BD8D19246954B0022DDF83C90BA
:1008E000CDE90C453D46069C5F4606F059FD40B9F2
:1008F00000228F4BDDE90C0106F02AFDD8B1EB0791
:1009000019D5059B3246CDF8B0A0D97B16F8013C2D
:10091000994209D1302002F8010C2C9A531E2C93D5
:1009200012F8013C8B42F6D0392B00F0D587013309
:10093000DBB202F8013C039B259A43F00201F31B52
:10094000119309F10F038DF8A030531E002B25934E
:10095000C0F21C872B22092B8DF8A12000F398846C
:100960000DF1A202303302F8013B28ABD31A1793E2
:10097000119B179A012B1A440C9240F3F7850C9B9C
:10098000159A13440C9321F4806301F0020243F49E
:1009900080730F9203930C9B23EAE37305931B9BD5
:1009A000002B00F0CE854FF02D0C00238DF88FC06A
:1009B0000693FFF74FBA30230238069A07F8013C36
:1009C0005AAB07461B1A9A420C93B8BF1A460592B7
:1009D000FFF71BBB54480795039B0E9913F02002A9
:1009E00000F01A81073121F007014A6851F8083BED
:1009F00053EA0205039E14BF01250025F60702D520
:100A0000002D40F0B78100268DF88F60069E002EE5
:100A1000C0F21181039E26F490660396069E002E76
:100A200040F0BA81002D40F0B7810E9163E63D4859
:100A30000795D1E7039894460E914FF0780940F05E
:100A400002000221039037480F915AAF03F00F01C3
:100A50001B09415C43EA0273120907F8011D53EABE
:100A60000201F3D15AAB069ADB1B9A420C93B8BF32
:100A70001A460592FFF7E9B90E9B41AF1B688DF846
:100A80000431012305930C93FFF76BB943F4007312
:100A900095F8019001350393FEF7F8BE43F020036B
:100AA00095F8019001350393FEF7F0BE2EAA0A993E
:100AB000049800F05DFF00287FF406AC309D31AC57
:100AC000FFF703B940215046F7F740FA0A9B186038
:100AD0001861002800F0048740230A9A5361FEF74A
:100AE00095BE069B3A460697062B0E96149228BF93
:100AF0000623CDE90F22CDE90B7305930E4FFEF7C8
:100B000093BF102E2F9BDFF834A040F38D82514607
:100B10002A46BA464FF01009DDF810B00F460A9D7C
:100B200014E000BF2C2C0612402C061200003040AE
:100B30000000E03FCDCCCCCC542C06121C2E06126B
:100B40002C2E0612103E102E40F36A820133103212
:100B5000072BC4E90079CDE92F3204F10804F1DD57
:100B60002EAA2946584600F003FF00287FF47FACE8
:100B700031ACDDE92F32E5E7109A14990A43119A56
:100B800000F0B286B8188B46224629461C46DFF88C
:100B900070A3DDF8649003461A9D1B97BBF1000F0C
:100BA00034DC109809F1FF39013810901898294465
:100BB000C2E900052F983091013007282F9000F3EB
:100BC000C98008321F1B99F8000006938742A8BF0E
:100BD0000746002F0CDD2F9839440130309107284B
:100BE0002F90C2E9004700F32281083299F80000F3
:100BF000002FACBFC61B0646002E28DC044410980C
:100C00000028CBDCBBF1000F40F3B4850BF1FF3BB8
:100C1000CCE70E92FFF704B9039D51F8043B15F0A1
:100C200010057FF4E5AE039A12F0400600F038811B
:100C30009BB22A46DCE6039D25F4806503950E9160
:100C40004FF0000C039901F002010F91FDE6102E08
:100C50002F9840F3F4850C94102734460F950A9E84
:100C6000049DCDF850A0199302E0103C102C17DD24
:100C7000013010310728C2E900A7CDE92F0102F1A8
:100C80000802F2DD2EAA3146284600F071FE002847
:100C900040F0C383103C31AA102CDDE92F01E7DCC2
:100CA00026460F9D0C9CDDF850C0199B0130314445
:100CB000C2F800C007285660CDE92F0100F34D832C
:100CC000083299F8000099E72F9B01358A4A0133D1
:100CD000309522600122072B2F93626000F3178268
:100CE0000834119B0B4300F0AA83159B169A1D44F0
:100CF000C4E900232F9B30950133072B2F9300F37A
:100D0000138304F108020029C0F2D683119901333C
:100D100017600D44072B5160CDE92F353FF7FEAA30
:100D200002F10804FEF7C1BE2EAA0A9904981B938B
:100D300000F01EFE00287FF4C7AA9DF88F20309D8A
:100D40001B9B002A00F099801E4631AC03462F9869
:100D5000FEF776BE2EAA0A990498069300F008FEC4
:100D600000287FF4B1AA309931AA069B2AE7CA4627
:100D7000FFF7ACBA30258DF891908DF89050002592
:100D80008DF88F50069D002DC0F2AB81039D25F498
:100D9000906545F0020503950E9103999DF88FC06B
:100DA00001F002010F9150E62EAA0A99049800F072
:100DB000DFFD00287FF488AA309D31ACFEF773BFB9
:100DC0000DF1B00A082200212797504618F088FF3D
:100DD000069B002BC0F23881002505940B969B469C
:100DE0002C46049E0EE041A9304603F005F8421C53
:100DF00005F10405204400F0BE83584507DC00F0EF
:100E000001840446279A53465259002AEBD10C9488
:100E10000B9E059C26E12EAA0A99049800F0A8FDD5
:100E200000287FF451AA309D31ACFEF728BE2EAACF
:100E30000A9904980C9300F09BFD00287FF444AAC3
:100E400099F8000031AA30990C9BD1E62B484FF05D
:100E50007809A1E70E9B089A1B681A60FFF746B84D
:100E600001362544C9F800A0072EC9F80440CDE991
:100E70002F657FF794AAFFF7D3BB002B00F05381B7
:100E800013462F9831ACFEF7EABD039B0E929E05E8
:100E900040F1728145F3C0166DB23346FEF776BE5F
:100EA000039A12F400723FF4A3ADDBB232469FE521
:100EB000039810F4007600F04B81DDB2069B0E46DD
:100EC0008DF88F10002BFFF6A4AE20F080010E925B
:100ED0000391002B7EF4A4AF002D3FF40CACFEF781
:100EE0009FBF039D15F4007100F02E810146DBB217
:100EF00028460E92FFF736B85C2C06122C2C0612F0
:100F00001C2E0612069A039B551C43F4807ADDE9D9
:100F100012010B4600F072811AB9BBF1470F00F0C5
:100F20004E84002BC0F29F8300239DED127B1B9308
:100F30008DED1E7BB9F1650F00F0948200F3758191
:100F4000B9F1450F00F08E82B9F1460F40F0718182
:100F5000069B032111932CAB119D0498019327ABA1
:100F60002A46009325AB9DED1E0B01F0F5F8BBF171
:100F7000460F0746054440F0DE833B78302B00F0F7
:100F8000CB83259B1D4400220023DDE91E0106F0D2
:100F9000DFF9002840F0BB832C9B9D4240F2AC84DB
:100FA00030215A1C2C9219702C9BAB42F9D3259AF4
:100FB000DB1BBBF1470F0F92119300F05081BBF187
:100FC000460F40F05481039B0F9903F00103069AEA
:100FD000002943EA020340F36B84002B40F039837D
:100FE0000F9B4FF066090C93039B5B0500F14C834C
:100FF0000C9B23EAE37305931B9B002B00F03782C5
:10100000059BCDF80CA00133059300231A460B93E2
:101010002D2306928DF88F3014921092FEF704BDA6
:1010200015463A465746924601333544C4F800A067
:10103000072B6660CDE92F3500F3EB800834FFF70E
:101040003FBA0E92FEF7EBBE002327AA049819467A
:10105000CDF800A002F0F6FE03460C90013300F03C
:101060007B8427970C9B002B42D0632B00F3A78037
:10107000002341AF0B9308220021504618F030FEA8
:101080000C9D27AA39462B460498CDF800A002F003
:10109000D9FE854240F03A840C9900237B5421EA22
:1010A000E1719DF88F200591002A40F02782069279
:1010B0000E961492CDE90F22FEF7B6BC2D23B9F19E
:1010C000470F8DF88F305BDD03222B46AA4F0B951F
:1010D0000C9204221493CDE90523CDE90F33FEF7DA
:1010E000A3BC039D25F4806545F002050395A6E5A4
:1010F0009DF88F300E96003B18BF012305930C9B83
:10110000069314930B93CDE90F33FEF78DBC2EAAF3
:101110000A99049800F02CFC00287FF4D5A82599A2
:1011200031AC309DDDE531ACFEF7A9BC1744961B10
:10113000FF1AB742A8BF3746FFF7F1B90E9B089ACE
:101140001B681A80FEF7D2BE03980E92FEF70ABF04
:1011500006991D468DF88F600029FFF65AAD039859
:101160000E9220F08000039000297EF459AE002BEF
:101170003FF4C1AAFEF754BEEE173346FEF706BD94
:1011800003222B467D4F0B950C92A2E70A9C2EAAB8
:101190005046214600F0ECFBA38903F04003FEF724
:1011A00019BC3846FCF7A4FD9DF88F3020EAE072A8
:1011B0000C900592002B3EF415AEFEF711BE591CA3
:1011C0000498F6F7C3FE0746002800F0BC830B9096
:1011D00051E7591C0498F6F7B9FE0746002800F0BD
:1011E0005983DDE91212002AC0F214831B960B907A
:1011F0009DED127B8DED207BFFF71CBB0029C0F21B
:10120000128306231B969DED127B06938DED1E7BAC
:1012100090E62EAA0A99049800F0AAFB00287FF411
:1012200053A8309D31ACFFF74BB9B9F1660F3FF4CD
:101230008FAE2CAB069A02210498019327AB9DED4B
:101240001E0B009325AB00F087FF039B0746DE07CC
:1012500000F168812C9B1B1A1193259B0F930F9B08
:10126000DD1C02DB069A9A4242DAA9F102090F9BC1
:101270008DF8A090013B002B2593C0F2D7812B2243
:10128000092B8DF8A12040F3DA81002203990B92FB
:101290000DF1B70CDFF8E8E06546AEFB032A1E4609
:1012A0002846013D4FEADA0A632E0AEB8A02A3EBD5
:1012B0004202534602F1300200F8012CEDDC3033DB
:1012C00005F8013C831E634580F0EE820DF1A1021A
:1012D00013F8015B634502F8015FF9D103F5B473BC
:1012E00028AA6B44C43B1B1A9B1A1793FFF740BBF9
:1012F0000F9B119A9342C0F20B81039B13F0010FD5
:101300000F9B00F0AE81159A13440C93039B590573
:1013100003D50F9B002B00F3B5810C9B4FF06709A1
:1013200023EAE373059367E62EAA0A99049800F06E
:101330001FFB00287EF4C8AF259931AADDE92F35BF
:10134000E1E42EAA0A99049800F012FB00287EF42A
:10135000BBAF309D31ACFFF7AAB82EAA0A9904980A
:101360000C9300F005FB00287EF4AEAF99F8000066
:1013700031AA30990C9B41E4202C06121C2C061239
:10138000CDCCCCCC1A9A1899A7EB020A5046FBF7A1
:101390007BFA99F801300BB109F10109AB19B64A92
:1013A0004FF0CC314FF0010E43F100030AF1FF374B
:1013B000A2FB030C2CF0030000EB9C001B1AEB1AA1
:1013C00066F1000603FB01F1A3FB023002FB0611EC
:1013D00023FA0EF3014443EAC17521FA0EF6AB1964
:1013E00043F10003A2FB031020F0030101EB900185
:1013F0005B1AEB1AA3FB023166F1000023FA0EF32D
:1014000002FB001243EAC27303EB8303A5EB430321
:1014100030330AF8013CFEF7F4BEAA46FEF756BF89
:101420002EAA0A990498069300F0A2FA00287EF4E6
:101430004BAF259E31AC309D069BFFF75CB8039BFC
:10144000D9077EF532AB159B169A1D44C4E90023DB
:101450002F9B30950133072B2F933FF765AF04F196
:10146000080253E4069B02210133119373E59DF8B2
:101470008F30002B00F0E781059A1B9B0132CDF8DD
:101480000CA00B930592069314931093FEF7CCBA1D
:101490002EAA0A99049800F06BFA00287EF414AF83
:1014A000259E31AC119B309D9E1BFFF738B8002361
:1014B0000D460693FEF7EBB94E421031DFF8C0A19E
:1014C00047DAB9461024574602E0103E102E3EDDA2
:1014D00001331035072BC2E90074CDE92F3502F135
:1014E0000802F2DD2EAA0A99049800F041FA0028B9
:1014F0007EF4EAAE31AADDE92F35E6E7059A0693D8
:1015000001320E9614930592CDE90F33FEF78CBA93
:10151000119B159A9A180F9B002B0C9277DD4FF0B8
:10152000670961E5069B0022C5180023DDE91E015D
:1015300005F00EFF002834D12C9B9D423FF630ADC4
:1015400035E51B9B9DF88FC00693FEF780BCBA461D
:101550004F4601333544C2F800A0072B5660CDE951
:101560002F3500F337810832FFF7D0BBC8077FF56E
:101570000AAAFFF704BAB2460A9B0022B3F90C305C
:101580000B9243F040030A9A9381FEF79FBE02F14B
:10159000004341AF209121932D230B901B93FFF724
:1015A00049B9259B0F93069B119358E6039B23F0A3
:1015B00080030393139B13F000430F9300F01781F4
:1015C0002D230322B9F1470F8DF88F304FF0000320
:1015D000CDE90B3240F34081284F7AE54946069C1D
:1015E000DDF83C905F460029FFF6A5A94A1C33466A
:1015F0003020324403F8010B9342FBD131444E1C9E
:10160000FFF799B9069B059C0B9E0C932AE5C3F145
:1016100001034FF067091A4422EAE2730C92059322
:10162000EAE400230322CDE90B3252E50F9B2D2281
:10163000C3F101038DF8A120092B3FF726AE30221C
:1016400003998DF8A22000220B920DF1A302FFF75F
:1016500089B91346159A4FF0660913440B440C934D
:10166000C2E40C9352E6DDE9121202F100431E912E
:101670001F932D231B935DE4CDCCCCCC282C0612DC
:101680001C2E06124FF0670919990B78FF2B00F0FA
:10169000398100250F9A284603E001300131FF2BE4
:1016A00008D0934206DAD21A4B78002BF5D10B788A
:1016B0000135F4E71991109014950F92149A109B2C
:1016C0001A9913440C9A01FB03230C9323EAE37346
:1016D00005931B9B002B63D0059BCDF80CA0013319
:1016E00005932D238DF88F3000230B930693FEF77F
:1016F0009BB90E96002B32D0069B4FF073090690D3
:101700005A1C0C93149005921090FEF78DB9EB1BA8
:101710001193259B0F9356E400220023DDE91E015F
:1017200005F016FE002800F0AF80259B0F93EB1804
:10173000DB1B119347E400220023DDE91E0105F0C5
:1017400007FE28B92C9B9D423FF62AACDB1B119368
:10175000259BBBF1470F0F937FF489AD7FE5069B77
:101760004FF073090C9305930B9B149310930693FE
:10177000FEF75AB923461B9F14460D46CDF86490D8
:10178000069A934228BF1346FEF7A0BEC2F101039A
:101790002D22092B8DF8A1203FF77AADFFF7E0B895
:1017A0009DF88F30002B00F0B980059A1B9B013209
:1017B000CDF80CA00B9305920693FEF735B90029DE
:1017C0004CDB01231B969DED127B06938DED1E7B5A
:1017D000FFF7B0BB2EAA0A99049800F0C9F80028B8
:1017E0007EF472AD31AADDE92F35FFF78FBAB9F17A
:1017F000470F9DF88F30CCBF5A4F5B4F002B40F006
:1018000094800322069314930C9210930B930592E9
:10181000FEF70AB902F1004320910B9021932D238A
:101820001B93FFF707B8DDE9121202F100431E9186
:101830001F932D231B9306230693FFF77BBBDFF833
:101840002CC1FFF733BA1B9BCDF80CA00B9306936A
:1018500014931093FEF7E8B8434F3AE401F10043C4
:101860001E901F932D231B9301230693FFF762BB4A
:101870000E9B95F801900D4653F8042B42EAE27254
:101880000E930692FEF702B8119BC3F10103259354
:10189000FFF778BB0A9A938943F0400393814FF096
:1018A000FF330893FEF799B802231793FFF760B848
:1018B00033B901234FF0660905930C93FFF79CBBE6
:1018C000159B4FF06609069A01331A4422EAE27327
:1018D0000C920593FFF790BB059B9B7AFFF729B805
:1018E0000C23CAF80030DAE7BA18069248E70F9BD3
:1018F00014931093FEF798B8DB1B1193259B0F935D
:10190000FFF761BB002314931093D7E60A9BDDF821
:1019100010A0B3F90C3043F0400334E61B9BCDF824
:101920000CA00B930693FEF77FB8032200230C92C2
:10193000042206930592149310930B93FEF774B848
:101940000398FEF739BB0A9BDDF810A0B3F90C3001
:101950000B9043F0400316E6DDF810A00CE61946A4
:10196000FEF7DFBB282C0612242C06121C2E0612B2
:101970002DE9F843154692682C68FAB180468946ED
:10198000083401E00834CFB16B681746591E002BAC
:10199000696013DD54F8046C002EF3D0334654F81C
:1019A000082C4946404603F0BBFB431C07D0AA68FD
:1019B0000834921B1746AA60002FE5D100200023AF
:1019C000C5E90133BDE8F88310B50B78722B36D02A
:1019D000772B06D0612B2BD00446162300202360E2
:1019E00010BD4FF4C0644FF0010C08204B7801315A
:1019F0006BB916E02B2B20F01C0E2CF0030303D147
:101A00004EF0100043F0020C11F8013F4BB1622B75
:101A10000BD0782BEED111F8013F4CF4006C002B69
:101A2000F5D144EA0C04146010BD4CF4803CEBE7A3
:101A30004FF402744FF0010C4FF48470D6E7002489
:101A40000420A446D2E700BF38B505460C4608B1CD
:101A5000436B2BB3636ED80702D4A38999051BD5BA
:101A60006368013B002B63600BDB23685A1C226018
:101A70001D78636EDA0702D4A3899B0507D5284633
:101A800038BD2846214600F031F90546F1E7A06D42
:101A9000FBF77AFF284638BDA06DFBF771FFDFE743
:101AA000FAF746FAD6E700BFB1F90C3070B50C462C
:101AB000990796B007D504F1430301222360C4E9D6
:101AC000043216B070BDB4F90E10054600292BDBA8
:101AD0006A46F6F71AFA002824DB4FF4806128469C
:101AE000019EF6F733FAB4F90C30A0B306F4704651
:101AF00043F080034FF480622060B6F5005F206100
:101B0000A381626135D1B4F90E102846F6F702FAC6
:101B1000B4F90C3068B323F003034FF4006243F0D0
:101B2000010314E0B4F90C3013F0800F28460CBF09
:101B30004FF4806540252946F6F708FAB4F90C30D1
:101B400048B143F0800300222060C4E90405134338
:101B5000A38116B070BD9A05B3D423F0030304F13A
:101B60004302012143F002032260C4E90421A3815E
:101B7000A7E74FF40062EAE770B50C46B1F90E1022
:101B800096B0154600291E4614DB6A46F6F7BDF9E5
:101B900000280FDB01994FF480634FF4006001F4DB
:101BA0007041A1F50051B1FA81F1490931602B6012
:101BB00016B070BDA18911F0800106D0002140232C
:101BC000084631602B6016B070BD4FF48063084644
:101BD00031602B6016B070BD8B8903F00903092BAF
:101BE00001D000207047024B1868FAF737B800BFE1
:101BF000089D002070B505460C4610B1436B002BC4
:101C000056D0B4F90C3000229E06626058D45807B2
:101C100019D4D9064FD51A0739D443F00403A38148
:101C20002369002B3FD0B4F90C60B3071ED12269A1
:101C30002846266A6369E1692260B047002860602F
:101C400041DD002070BD216B0029E9D004F1400383
:101C5000994202D02846F6F796F90022E36B2263F8
:101C60006360002BDCD0A36B2360EAE701231C4AEE
:101C70001C49A3811C48FAF7EFF906F00903A68175
:101C8000092BD4D121462846F9F74EFFCFE721464C
:101C90002846F9F7E3FF98B9B4F90C30A06023F0B7
:101CA0000803A061B9E721462846FFF7FDFEBAE721
:101CB000FAF73EF9A5E7092243F040032A60A38121
:101CC0004FF0FF3070BDB4F90C3003D143F0200366
:101CD000A381F5E7002243F040036260A381EFE7B0
:101CE000F49C0020D91B0512109D002038B5054634
:101CF0000C4608B1436BE3B1B4F90C30626E990441
:101D000012D443F4005322F40052A38162662146A8
:101D10002846FFF76FFF48B9D4E90023511C013B67
:101D2000C4E90013107838BD9304F0D54FF0FF30AC
:101D300038BDFAF7FDF8DFE770B50C7884465E2C05
:101D400024D00023481C9E4600220CF5807163F3CA
:101D5000070263F30F2263F3174263F31F626346C4
:101D600043F8042B8B42FBD174B18EF00101451C6A
:101D70000CF8041015F8013C2D2B0ED05D2B0AD069
:101D80001BB11C462846F2E7013870BD0123881CB0
:101D90004C789E46D8E7284670BD90F801E0BEF129
:101DA0005D0F15D0744513DC661C02300CEB060287
:101DB00002F8011BA2EB0C03013B9E45F8DCAEEBE5
:101DC00004030235013B7445A8BF00239C19D1E7E9
:101DD0002D242846CBE700BF2DE9F0410C46096BC6
:101DE00004F14003994214D0666B77003A46F6F747
:101DF000B6F8054630B300EB0608014632464046C9
:101E0000FBF700FFC4F80080C4E90C570020BDE8D0
:101E1000F0814FF48061F6F799F898B194F8422078
:101E20004FF48061206300F2FD33616380F8FF238B
:101E300094F8412080F8FE2394F8402080F8FD2398
:101E40002360E3E74FF0FF30E1E700BF99B10346BD
:101E500001EB000C10B401E09C4508D01A46013398
:101E60001478002CF8D1101A5DF8044B704708461E
:101E70005DF8044B70470846704700BF024B196875
:101E8000543100F003B800BF089D002030B58569CB
:101E900087B00E4A0C4605EB450501690C4B2A44F8
:101EA000456901EB410105F26C750B440949049544
:101EB000056803954568029585680195C06800909E
:101EC000204602F0BBF8204607B030BD602E061257
:101ED0003C2E0612602C061200487047589E0020C7
:101EE000014B93F828017047B09E002000487047CE
:101EF000A09F002030B586468007CCB215D00EEBEF
:101F00000205F44606E013F8011BA14207D0990729
:101F100006D09C46654563466046F4D1002030BD3E
:101F2000013A72449E46A2EB0C02032A0CD8002A06
:101F3000F4D07346724401E09A42EFD0184613F889
:101F4000011BA142F8D130BD04EB0425714605EB1D
:101F500005458E4651F8043B6B40A3F1013020EA61
:101F6000030313F0803FE4D1043A032AF1D88E46EC
:101F7000DDE700BF51EC100B21F000430A4650EAA8
:101F800003010ED0A3F5801C09498C450DD90949E0
:101F90000A4208D0002808BF8B420CBF0120002055
:101FA000704702207047032070470420704700BF2D
:101FB000FFFFDF7F0000F07F002170B555EC104B74
:101FC000064625F000430160114883421DD8204693
:101FD00018431AD00F482A46284058B900220E4B01
:101FE0002046294604F04CFF0A4621F000430446EF
:101FF0006FF035016FF31E521B1542F07F55A3F2AF
:10200000FE3345F400150B44336045EC104B70BDB6
:10201000FFFFEF7F0000F07F000050432DE9F04FFD
:10202000036985B00C69A342C0F29080013C01F1C4
:10203000140500F11408814655F824304FEA840C49
:1020400058F8242005EB8407013308EB840B9A42EF
:10205000B2FBF3F642D30020AA46C646CDF80C8068
:1020600003468846CDE901C505465AF8042BDEF83B
:10207000001090B257454FEA124C06FB00508AB24E
:102080004FEA104580B206FB0C55A2EB00021A4441
:10209000ABB24FEA1545C3EB224392B203EB1143B7
:1020A00042EA03424FEA23434EF8042BDDD2414675
:1020B000DDF80C80DDE901C558F80C3073B9ABF1DF
:1020C000040BD84504D307E0D84504F1FF3403D20C
:1020D0005BF80439002BF7D0C9F81040484601F0EE
:1020E000EFFA00282EDB00224146944655F8040BF7
:1020F0000B681FFA80FEAF429AB24FEA1040A2EB83
:102100000E026244C0EB224092B200EB134042EA5E
:1021100000424FEA204C41F8042BE7D258F8242023
:1021200008EB84036AB9043B434504D807E09845AB
:1021300004F1FF3403D253F80429002AF7D0C9F878
:1021400010400136304605B0BDE8F08F002005B0E4
:10215000BDE8F08F000000002DE9F04F9FB004466D
:102160000091816B289D57EC106BCDE909328DED04
:10217000040B41B1C26B012393404A608B6001F0B4
:1021800025F80023A363B7F10009C0F2A88000235B
:102190002B60734B33EA090300F0AC80002200236C
:1021A0009DED047B51EC170B8DED027B05F0D0F813
:1021B000824668B10123099A1360299B13B1694BC8
:1021C000299A1360684B069306981FB0BDE8F08FFC
:1021D0009DED020B1CAA1DA9204601F04BFBDDF86A
:1021E00070805FEA19550B9040F09A801D9D454420
:1021F00005F23243202B40F3CC81C3F1400309FAAE
:1022000003F905F2124326FA03F349EA030004F046
:10221000BDFD013D0122A1F1F8731492194600227F
:10222000524B04F075FC48A3D3E9002304F028FEC8
:1022300047A3D3E9002304F06DFC06460F46284669
:1022400004F0B4FD44A3D3E9002304F019FE0246D0
:102250000B463046394604F05DFC06460F4605F055
:10226000BFF800228146079000233046394605F02A
:1022700079F8002840F07481A8EB0508079D08F163
:10228000FF36162D089600F25881394B03EBC50333
:10229000DDE90201D3E9002305F064F8002840F0ED
:1022A0007F81B8F1000F40F30E862E4412901195F5
:1022B00008960C9000231093009B092B60D8052BE7
:1022C00040F36C81043B00250093009B023B032BF1
:1022D00058D8DFE813F0870284027A026F010123E5
:1022E00029F000492B601E4BCDF8149033EA090306
:1022F0007FF454AFC9F3130942F20F73099A59EAF4
:102300000609136017D1299B002B00F01287194B87
:1023100006930833299A069813601FB0BDE8F08F22
:10232000DDE90201144BA5F2FF35C1F31302CDF82C
:1023300050A0134372E7299B002B40F037810F4BCD
:10234000069341E7AFF3008061436F63A787D23FF5
:10235000B3C8608B288AC63FFB799F501344D33F94
:102360000000F07F5D2C06125C2C06120000F83F86
:10237000102F0612C82C06120000F03FD42C0612B3
:102380000023009300212046E16300F0F9FE06904F
:10239000002800F06686069BA3631D9B002B03DBD1
:1023A000079A0E2A40F3E4854FF0FF3200210D9288
:1023B0000A911392149A002A40F017821C9BC3F1D1
:1023C0003603089A109D1A4408920C9A90461A44B3
:1023D0000C920121204600F0BFFF0646B8F1000F25
:1023E00000F07A85089B002B40F37685089A0C99BB
:1023F00042451346A8BF4346C91AA8EB0308D31A9F
:102400000C910893109BC3B1002D00F0D685314686
:102410002A46204601F082F80B9F064620463A469F
:10242000314600F0C7FF39460746204600F0CEFE91
:10243000109B0B975D1B40F08485012310930121B5
:10244000204600F089FF119B0746002B40F00683D1
:10245000009B012B40F35D83012308990B4413F08B
:102460001F0300F05482C3F12002042A40F3F384D6
:10247000C3F11C030C9A19441A4498440C92089115
:102480000C9B002B05DD1A460B99204601F0A6F89F
:102490000B90089B002B05DD39461A46204601F0BB
:1024A0009DF80746009B022B129BD4BF4FF0000AF9
:1024B0004FF0010A002B40F0E6820D9B002B00F349
:1024C0002F82BAF1000F00F02B820D9B002B40F001
:1024D000AE8239460522204600F082FE07460B9860
:1024E000394601F0EDF8002840F3A182079BDDF8A2
:1024F00018B003F1010A31230BF8013B394620469D
:102500000AF1010A00F062FE1EB13146204600F0D9
:102510005DFE0B99204600F059FE00238BF8003039
:10252000099BC3F800A0299B002B3FF44DAE0698F1
:10253000C3F800B01FB0BDE8F08F01231293089BD1
:10254000002B20DB00230C93079B002B16DA0C9A40
:10255000079BD21A5B42109300230C921193ABE6B7
:10256000484604F023FC32463B4604F0F1FE0028C6
:102570007FF482AE09F1FF3307937DE6089A119349
:102580001A44089296E6C8F101030C9300230893BD
:10259000DAE7C3F1200306FA03F038E6012594E6F2
:1025A000079B013B079300231293C8E7B74B0693A1
:1025B0000333AFE64FF0010A0A9B079A13441393C3
:1025C0000133012B1E460D93B8BF0126172E40F391
:1025D000A585012204235B001146013203F114009A
:1025E000B042F8D9E163204600F0CAFD0690002809
:1025F00000F03785069BA3630D9B0E2B00F2238111
:10260000002D00F02081079A002A40F3E581A049BF
:1026100002F00F03151101EBC303D3E90067D305E3
:1026200040F154829B4B05F00F054FF00309D3E9AD
:102630000823DDE9020104F04DFDCDE90E0185B16D
:10264000DFF85082E80740F1D3803046394609F17F
:102650000109F8E8022304F013FC06466D100F464A
:10266000F0D132463B46DDE90E0104F033FDCDE901
:102670000E01129B53B10022874BDDE90E673046F5
:10268000394604F06FFE002840F0EE83484604F01F
:102690008DFBDDE90E2304F0F3FB804B002204F0F8
:1026A00039FA0D9B0646A1F15077002B00F0B2805D
:1026B000079B1A930D9B1593754B15991B9303EB71
:1026C000C103DDE90E8913ED027B49464046CDE9A1
:1026D00016678DED187B04F083FE0746069E04F016
:1026E00065FB303702460B4640464946751C04F0F0
:1026F0000FFA80468946FFB2DDE91823BAF1000FD0
:1027000000F028820020664904F0E4FCDDE916238D
:1027100004F0FEF9377042464B4606460F4604F079
:102720003FFE002840F04C844FF0000ADDF854B022
:102730000E942BE00AF1010ADA4580F2CE81304690
:1027400039460022574B04F09BFB0022554B0646AE
:102750000F464046494604F093FB8946804604F004
:102760003FFE044604F022FB02460B46303440464E
:10277000494604F0CDF932463B4605F8014B804608
:10278000894604F0EFFD002840F0198442464B468C
:102790000020414904F0BCF932463B4604F0E2FD1A
:1027A0000028C7D0069A0E9C02E0954200F0FF83F5
:1027B000AB4615F8013D392BF7D001330692DBB259
:1027C0002B701A9B03F1010AA3E64FF0010A0A9B42
:1027D000002B40F33C810A9E13960D96F6E64FF0CF
:1027E000000AE9E64FF0000AF1E703F23343E8E5B7
:1027F0006D1008F1080825E7484604F0D7FADDE92E
:102800000E2304F03DFB0022244B04F083F906461E
:10281000A1F150770022244BDDE90E0104F078F994
:1028200032463B468046894604F0BAFD002840F017
:10283000598340464946324607F1004304F092FD71
:10284000002840F0FA801D9B002B02DB079A0E2A1D
:102850002CDDBAF1000F40F048810C9B002B00F0FA
:10286000F382089B002B00F0EF820C9A0899134624
:10287000109E8A42A8BF0B46D21ACB1A0C9208931C
:10288000002E40F03D839046D9E500BFD42C0612BF
:10289000102F0612E82E06120000F03F00001C4028
:1028A0000000E03F0000244000001440A64B1B93B2
:1028B0001B9B079A03EBC20393ED007B0A9B002B43
:1028C0008DED007B80F25F830D9B002B00F35B831B
:1028D000002B40F0B28000229C4BDDE9000104F0A7
:1028E000CFFA02460B46DDE9020104F045FD0D99E1
:1028F000002840F0A3803123DDF818B020460BF803
:10290000013B00F063FC079B03F1020A01E61C2374
:102910000C9A98441A440C92089A1A440892AFE50B
:10292000109B002B40F0DF81079B03F1010ADDF8CB
:1029300018800125DDF834B0DDF82C9007E0494619
:1029400000230A22204600F04BFC0135814639461F
:102950004846FFF763FB5D4500F1300308F8013B93
:10296000EDDB0D9A0025CDF82C9002F1FF38002AFE
:10297000069AD8BF4FF00008013290440B9901220B
:102980002046009300F02AFE39460B9000F098FE96
:10299000002840F3FB82069A02E0904500F0018394
:1029A00018F8013CC34608F1FF38392BF5D0013344
:1029B00088F800303946204600F008FC002E3FF42D
:1029C000A8AD002D3FF4A1ADB5423FF49EAD294620
:1029D000204600F0FBFB98E500F06D82079B5A4A09
:1029E0005D4205F00F0302EBC303DDE90201D3E909
:1029F000002304F045FA2D11CDE90E0100F08A8381
:102A0000534E4FF00209E9070ED509F10109DDE93E
:102A10000E01F6E8022304F033FA6D10CDE90E0141
:102A20003FF427AEE907F0D46D100836EBE70A9BB8
:102A3000DDF818B06FEA030A60E50021204600F0D7
:102A4000C5FB0A9BDDF818B0C3F1000A61E501235C
:102A500000211393E1630D930A93C4E51A460146DE
:102A6000204600F05BFD009B0746012B40F373827C
:102A7000002311933B6907EB8303186900F002FC04
:102A8000C0F12003E9E439460B9800F019FE002854
:102A9000BFF613AD00230B990A222046079D00F0D4
:102AA0009FFB139B05F1FF390B90002BCCBF00253A
:102AB0000AF00105109B002B40F00781002D40F02B
:102AC0001183139BDDF81CA00D9330E79DED027B75
:102AD0004FF002098DED0E7BB1E51D9B0E9C002B86
:102AE00003DB079A0E2A7FF7E3AE009A012A7FF7ED
:102AF00061AC0D9B109A5D1EAA42C0F20E82002BA3
:102B0000A2EB050580F2F682DDE90C32A3EB0208A8
:102B10005FE4049B002B7FF49FAC059BC3F313037E
:102B2000002B7FF499AC059B23F000431B0D1B0584
:102B3000002B3FF491AC0C9B01330C93089B0133A9
:102B400008930123119388E4102F0612000014400B
:102B5000E82E0612DDE9160104F092F9069B1F70BB
:102B6000159B012BCDE90E0100F0C282069BAA46FF
:102B7000159A03EB020B0022B94B4046494604F07C
:102B80007FF98946804604F02BFC064604F00EF9D6
:102B900002460B4630364046494603F0B9FF0AF874
:102BA000016BD34580468946E5D16E1E159B1E44B8
:102BB0000022AC4BDDE90EAB5046594603F0AAFFAC
:102BC00042464B4604F0CEFB002840F0FF815246BF
:102BD0005B460020A34903F09BFF42464B4604F0AE
:102BE000DFFB00286AD11D9B002BFFF636AE079B4A
:102BF0000E2B3FF732AE1B9B079A03EBC20393EDFC
:102C0000007B8DED007BDDE9009ADDE902674A4635
:102C100053463046394604F05DFA04F0E1FB804645
:102C200004F0C4F84A46534604F02AF902460B461B
:102C30003046394603F06CFF08F13003069A1370F2
:102C40000D9B012B00F0DE81C5F1010902944FF0CC
:102C5000000A4FF0000B4C46DDF834901CE0DDE933
:102C600000233046394604F035FA04F0B9FB8046BB
:102C700004F09CF8DDE9002304F002F90B4602465B
:102C80003946304603F044FF08F1300305F8013BB4
:102C90002B194B4500F0B5810022714B04F0F0F880
:102CA00052465B4606460F4604F052FB0028D6D03B
:102CB000079BAB46029C03F1010A2AE416F8013C8B
:102CC000B346013E302BF9D07BE5314600230A2282
:102CD000204600F085FA139B0646CDF81C900D9314
:102CE000002D7FF4F2ABB8F1000F05DD314642460E
:102CF000204600F073FC0646119B002B40F06A81D1
:102D0000B146069D0D9A6B1E02970B9F1A44049BB9
:102D100003F001030A920C9302993846FFF77EF9FB
:102D200031468246384600F0CBFC029980464A463E
:102D300020460AF1300B00F0E5FCC3680146B3BB46
:102D40000890384600F0BCFC08990890204600F036
:102D50003DFA009B089A13435FD10C9B002B00F0B7
:102D6000B781B8F1000FC0F2AF810A9BA846AB4211
:102D700008F801BB00F07C81394600230A22204676
:102D800000F02EFA4E45074631464FF000034FF053
:102D90000A0220463BD000F023FA494606460023AB
:102DA0000A22204600F01CFA45468146B4E7204638
:102DB0000B97CDF820B0029F00F008FAB8F1000F91
:102DC000089B08DB049A009902F0010248EA010816
:102DD00052EA080232D10B9901222046009300F0FA
:102DE000FDFB39460B9000F06BFC0028009B40F384
:102DF0008B81392B00F045810AF13103AB460BF88A
:102E0000013B3546079B4E4603F1010AD2E500F02F
:102E1000E7F94546064681467EE7B8F1000FC0F265
:102E20003B81009B48EA03080C9B53EA080800F02A
:102E30003381002A99DD0B975B46029F392B00F006
:102E40002081AB460133DAE7109E002E58D1DDF821
:102E50003080FFF7F4BA3FF413ABC3F13C0357E5FE
:102E6000000024400000E03F0D9B002B3FF4C4AC69
:102E7000139D002D7FF7E7AC079B304639460022B3
:102E8000013B1A93AD4B03F0FBFF02460F4609F1DD
:102E900001001646CDE90E6703F088FF32463B4637
:102EA00003F0EEFF0022A64B03F034FE1595064614
:102EB000A1F1507700E49DED027B4FF002098DED0A
:102EC0000E7BFFF7D6BBC8F1010312900C93079B52
:102ED00008931193FFF7EEB9109B002B3FF4ADAAB6
:102EE000FFF792BA3123DDF818B0002120460BF825
:102EF000013B00F06BF9079B03F1020AFFF709BBE6
:102F0000109A20460B9900F009FB0023DDF8308071
:102F10001E460B901093FFF792BA109B0121119A55
:102F20002046EB1A0D9F1A44089B3B4411920893CC
:102F300000F012FA0C9B0646002B40F08380984666
:102F40000C972A460B99204600F0E8FA01230B90D3
:102F50001093FFF774BA049B002B7FF489ADDDE971
:102F60000412C2F31303002B00F09D80119181E540
:102F7000079A744B03EBC2034FF0FF3293ED007BD3
:102F80000D928DED007B069B5D1C3CE603D1009B02
:102F9000DB073FF500ADC34618F8013D302BFAD0F2
:102FA00008E53123069A0AF1010A137002E51A9B1B
:102FB000069201331A93312302E4109DC1E70E9C5F
:102FC0001A9BAB4603F1010AFFF7A3BA3546069AEE
:102FD000FFF7EEBB7168204600F0D2F805460028E6
:102FE00000F0A080336906F10C010C3002339A0026
:102FF000FAF708FE29460122204600F0EFFA814642
:103000007FE6029C02460B4603F084FD079B0646C2
:103010000F4603F1010ADDE9002304F0C1F948B9C4
:1030200030463946DDE9002304F092F938B118F052
:10303000010F04D0079B069A1A93FFF7B9BBAB4662
:10304000FFF767BA0C99089A8A421346A8BF0B4645
:10305000D21AA1EB030808920D9A8A18D31A0C937E
:103060006FE7394B002240F2AF11384802F036F9D1
:10307000079A35460B975B46029F02F1010A4E46BE
:103080007CE4079BA846069A354603F1010A3923DA
:103090004E4608F8013B83E4002A0B975B46029FEB
:1030A0003FF799AEAAE6059B23F000431B0D1B05D5
:1030B000002B3FF4DEAC0C9B01330C93089B0133D7
:1030C000089301231193D5E40B975B46029F95E685
:1030D0005B460B97029F392BD3D0B8F1000F3FF717
:1030E0008BAE8BE6139BCDF81C900D93FFF7EDB9DB
:1030F0002E465DE5089B0D9A134408930C9B984659
:1031000013440C93FFF765B97FF478AEDA077FF5C7
:1031100075AE6EE64FF00209FFF7ABBA0021E1632E
:10312000FFF761BA0246084B40F2EF21074802F070
:10313000D5F8074B0693FFF747B800BF00002440BF
:1031400000001C40102F0612D82C0612EC2C061280
:10315000C82C061282B049B15AB16BB113780B601A
:103160001278101E18BF012002B0704701A9002A72
:10317000F3D1104602B070476FF00100F4E700BFD2
:1031800038B5436C05460C464BB153F8240080B16A
:10319000026843F824200023C0E9033338BD21220C
:1031A0000421F4F7E6FE034668640028EDD1002010
:1031B00038BD0121284601FA04F56A1D9200F4F792
:1031C000D8FE0028F3D0C0E90145E4E731B1436CF3
:1031D0004A6853F82200086043F82210704700BF85
:1031E0002DE9F04107460E461C460D6901F1140E0B
:1031F0000020DEF8001001308BB285424FEA114109
:1032000002FB03434FEA134C9BB202FB01CC03EBDE
:103210000C434FEA1C444EF8043BEADC3CB1B36873
:10322000AB4207DD06EB850301355C613561304655
:10323000BDE8F081716838460131FFF7A1FF804693
:10324000A8B1326906F10C010C3002329200FAF793
:10325000D9FC7B6C726853F82210316043F822600D
:10326000464606EB850301355C613561DFE70246C2
:10327000024BBA21024802F031F800BFD82C0612E6
:10328000482D0612B0F5803F034610D203041020EB
:10329000B3F1807F01D208301B02B3F1805F08D305
:1032A000B3F1804F10D29A0013D40330704700203E
:1032B000EEE71A010430B2F1804F06D29B0108D428
:1032C0005B00F2D4202070471A46002AFBDB013055
:1032D00070470230704700BF03680246590707D0A5
:1032E000D8071DD499072AD55B08012013607047C1
:1032F00099B279B91B0CD9B2A1B11020190701D12B
:1033000004301B09990712D0D90701D401305B089A
:1033100013607047D9B241B1180718D10420F0E703
:103320000020704718201B0AE8E70820FBE713F08D
:10333000040F4FEA930106D002300B46E8E79B08E2
:10334000022013607047DB0804D120207047DB089F
:103350000320DDE70330DBE738B5436C04460D4658
:103360004BB15868B0B102685A6000220123456130
:10337000C0E9032338BD21220421F4F7FAFD0346F6
:1033800060640028EDD1094B002240F24511084845
:1033900001F0A4FF1C2201212046F4F7EAFD0028D9
:1033A000F1D001220223C0E90123DEE7D82C061266
:1033B000482D06122DE9F04FD1F8108085B015691F
:1033C0000E469246A84505DB2A46534645468A46A0
:1033D00090461E4605EB0804DAE90113A342B8BF84
:1033E0000131FFF7CDFE002800F08C8000F11407BA
:1033F00007EB840E774505D23B46002243F8042BA9
:103400009E45FBD814360AF1140906EB880809EB2F
:103410008505464569D2A5EB0A030AF1150ACDF8E0
:1034200008E0AE46153B039423F00303AA4594BF7E
:103430009B464FF0000B824605E0090C2DD1B045AC
:1034400007F104074ED956F8041B8DB2002DF4D0B5
:10345000CC463C46002301965CF8040B216886B2FA
:10346000E6458AB24FEA104005FB06224FEA1141B9
:103470001A4405FB001101EB124192B24FEA1143CD
:1034800042EA014244F8042BE6D8019E07EB0B0206
:10349000536056F8041C090CD1D03B680022484602
:1034A0003D461C46944602889BB201FB02C202EBD9
:1034B000144243EA024345F8043B50F8043B2C68AD
:1034C0004FEA134C8645A3B201FB0C3303EB1243C6
:1034D0004FEA134CE7D807EB0B02B04507F104079E
:1034E0005360B0D85046DDE902E4002C02DC05E070
:1034F000013C03D05EF8043D002BF9D0046105B017
:10350000BDE8F08F0246034B4FF4B171024801F061
:10351000E5FE00BFD82C0612482D061212F0030358
:103520002DE9F0411446074632D10E46A4102CD0A6
:103530003D6C002D35D004F001034FF000086410FD
:103540003BB92868B8B1054604F001036410002BAC
:10355000F7D02A4631463846FFF72CFF36B17B6C50
:10356000716853F82120326043F8216074B1064637
:1035700028680028E7D12A4629463846FFF71AFF6F
:1035800028600546C0F80080DEE73046BDE8F081DF
:10359000013B0F4A52F823200023FFF721FE064685
:1035A000C4E701213846FFF7EBFD054640B1012392
:1035B00040F27122C0E90432002338640360BAE7A4
:1035C0000246044B40F24511034801F087FE00BF5C
:1035D000D82E0612D82C0612482D06122DE9F047D7
:1035E0000C46904606464FEA62192769A36807EB26
:1035F000621749687D1C9D4203DD5B0001319D42DD
:10360000FBDC3046FFF7BCFD00284DD0B9F1000FC0
:1036100000F1140C0BDD09F105026346002100EBFB
:10362000820243F8041B9342FBD10CEB890C04F19A
:103630001403216918F01F0803EB81012BD0C8F196
:103640002009E6464FF0000A1A6802FA08F242EA38
:103650000A024EF8042B53F8042B994222FA09FA75
:10366000F2D80B1B04F11502153B23F00303914222
:1036700038BF002304334CF803A0BAF1000F00D187
:103680003D46736C6268056153F82210216043F86F
:103690002240BDE8F087ACF1040C53F8042B9942AA
:1036A0004CF8042FF9D8EBE70246034B4FF4EF71C7
:1036B000024801F013FE00BFD82C0612482D061256
:1036C00084460B690069C01A16D10CF1140C143130
:1036D0000CEB830201EB830310B401E0944508D2A4
:1036E00052F8044D53F8041D8C42F7D005D24FF028
:1036F000FF305DF8044B7047704701205DF8044BC4
:10370000704700BF2DE9F04F136983B00E698946F9
:103710001546F61A002E14D101F1140702F1140116
:1037200001EB830107EB830301E09F427ED253F854
:10373000044D51F8042D9442F7D080F08280012688
:1037400003E0FCDB00260D4691466968FFF718FD93
:10375000002800F083802F6905F1140B05F1100299
:10376000D9F8103009F1140500F114010BEB870EA4
:10377000944605EB830A88460023C660CDF804B062
:1037800055F8046B5CF8042F1FFA86FBAA4594B227
:10379000A4EB0B041C444FEA1643C3EB124303EBA8
:1037A0002443A4B244EA03444FEA234348F8044BB9
:1037B000E6D8AAEB090209F11509DDF804B026469E
:1037C000153A22F00302CA4538BF00220BEB02086B
:1037D0000A4408F10408141DC645454635D9A1EB35
:1037E0000B0105EB010C55F8042B1FFA82F9D618D2
:1037F000120CAE454B44B6B202EB234246EA0246F7
:103800004FEA2243CCF80060EBD80EF1FF33A3EB74
:10381000080323F00303234426B953F8042D013F82
:10382000002AFAD0076103B0BDE8F08F0021FFF74E
:10383000A7FC60B101220023C0E9042303B0BDE866
:10384000F08F2B464D4699467FE71346E4E7024644
:10385000064B40F23721064801F040FD0246034B7B
:1038600040F24521024801F039FD00BFD82C061274
:10387000482D06122DE9F0430E4683B0012115466E
:1038800059EC108BFFF77CFC0446002844D0C9F3A8
:103890000A57C9F313030FB143F480130193B8F12E
:1038A000000313D101A8FFF717FD019B0121203070
:1038B000636121610FB3A7F233470744C0F13500BC
:1038C00037602860204603B0BDE8F0836846009367
:1038D000FFF702FDDDE9002330B1C0F1200103FA5A
:1038E00001F1C3400A430193002B6261A3610CBF45
:1038F000012102212161002FDDD104EB8103A0F21F
:10390000324030601869FFF7BDFCC0EB4110286001
:10391000204603B0BDE8F0830246034B40F20F316E
:10392000024801F0DBFC00BFD82C0612482D06121D
:10393000024B0A4601461868F4F711BB089D0020A7
:10394000034649B1FF2A02D801200A7070478A2233
:103950004FF0FF301A607047084670472DE9F04F6E
:103960001F4685B08B460D46A84B039000922A4611
:1039700015F8014B1E5D16F00806F8D12D2C27F026
:10398000100900F090802B2C1AD0B9F1000F1DD136
:10399000302C00F0E980002F00F0DB804FF01008A1
:1039A000B2466FF0784C4FF0FF364FF00F094746A4
:1039B00000224FF0FF336FF0004ECDE9012321E0EC
:1039C0002C78951CB9F1000F00F0A1804FEAE77A3E
:1039D0003A464FF0FF306FF000415346B84603F0CF
:1039E00077FD534691464FF0FF303A466FF0004165
:1039F00003F06EFD4FF0FF3301968C4606466FF0E4
:103A0000004E029300221046114613E0A4F1370342
:103A1000BB421FDA013209D086427CEB010205D39A
:103A2000614508BFB04227D14B4525DD4FF0FF323D
:103A300015F8014BA4F13003092BE9D9A4F1410396
:103A4000192BE3D9A4F16103192B03D8A4F157036F
:103A5000BB42DFDB531C1BD0019B13B1404261EB27
:103A60004101009B2BB1002A40F09080009BC3F8DD
:103A700000B005B0BDE8F08F00FB0AF208FB0122A0
:103A8000A0FB08010A44181842EBE3710122CFE7BA
:103A90002223039A1360009B002B7AD005F1FF3B91
:103AA00002987146E2E72C78951CB9F1000F14D109
:103AB000302C73D0002F40F08B804FF00A08012388
:103AC000BA460296DFF848C14FF0CC364FF00809ED
:103AD00047464FF0004E019394E74FEAE77A3A46A3
:103AE00000204FF000415346B84603F0F1FC534626
:103AF000914600203A464FF0004103F0E9FC0123D3
:103B000002968C4606464FF0004E01937AE7302C21
:103B10007FF441AF937803F0DF03582B30D14FF09F
:103B20001008CA46D478151D4746424653464FF002
:103B3000FF306FF0004103F0CBFC534691464FF04D
:103B4000FF3042466FF0004103F0C2FC06468C464F
:103B50002EE74FF00A08BA464FF0CC36DFF8B0C077
:103B60004FF00709474623E72B7803F0DF03582B74
:103B700006D14FF010086C78CA46D51C4746D4E7EA
:103B8000D7BB4FF00808BA464746CEE78E460290AC
:103B900084E70298714605B0BDE8F08F937803F092
:103BA000DF03582B21D067B34FF01008CA464746B1
:103BB0005346424600204FF0004103F089FC0023A9
:103BC0008C46012106464FF0004ECDE9011319E75E
:103BD0004FF0100801234E464FF0006CCA4647468E
:103BE0004FF0004ECDE901390CE74FF01008D478C2
:103BF000151DCA464746DBE74FF01008CA46474640
:103C000093E74FF00808BA464746D1E7512A061213
:103C1000CCCCCC0CFFF7A2BE2DE9F04F85B08B4683
:103C20001E460D4601925C4A0390294615F8014B49
:103C3000135D13F00803F8D12D2C00F08C802B2C91
:103C400052D0029336F0100A55D04FEAE67A324647
:103C50004FF0FF304FF0FF315346B14603F038FCD0
:103C600032460746884653464FF0FF304FF0FF314B
:103C700003F02EFC944600221046114613E0A4F1F6
:103C800037039E421FDD013209D0874278EB0102E3
:103C900005D3414508BFB8423BD1634539DD4FF0FC
:103CA000FF3215F8014BA4F13003092BE9D9A4F137
:103CB0004103192BE3D9A4F16103192B03D8A4F113
:103CC00057039E42DFDC531C3AD0029B13B14042A3
:103CD00061EB4101019B23B1002A39D1019BC3F85B
:103CE00000B005B0BDE8F08F36F0100A2C780293D2
:103CF00001F10205A9D1302C32D0BEB94FF00A092A
:103D0000B2464FF0050C4FF09937DFF890804E46E1
:103D1000B1E700FB0AF209FB0122A0FB09010A44FA
:103D2000181842EBE3710122BBE756B34FF01009BC
:103D30004FF00F0C4FF0FF376FF070484E469AE788
:103D40002223039910460B601146019B002BC8D01B
:103D500005F1FF3BC2E701232C788D1C029371E72C
:103D60002B7803F0DF03582BDFD14FF010096C786C
:103D70004FF00F0C02354FF0FF376FF070484E4692
:103D800079E74FF00809B2464FF0070C4FF0FF37C4
:103D90006FF060484E466EE7512A061299999919BC
:103DA000FFF73ABF70B582B00446069D55B1104882
:103DB000D0F8E4606AB120460095B047431C10D0AB
:103DC00002B070BD00F1F4050948D0F8E460002AA3
:103DD000F1D1012311462046064A0095B047431C05
:103DE000EED100228A232A60236002B070BD00BF9A
:103DF000B09E0020C42D061270B5054684B05BB19C
:103E00001C460F4BD3F8E060234669B12846B04703
:103E1000431C0FD004B070BD094B00F58274D3F879
:103E2000E06023460029F1D10A46284601A9B0479F
:103E3000431CEFD100228A2322602B6004B070BDA6
:103E4000B09E002010B582B0049C00934FF0FF3369
:103E5000019401F0DBFA02B010BD00BF002100F0B8
:103E600001B800BF10B500F0B7F8044601F0E0FA61
:103E7000A0F11A03DBB2022B01D8012010BDA4F17E
:103E8000090004288CBF0020012010BD0229C0F3C6
:103E900007235FFA80FC25D0032903D083F0800339
:103EA0008CF0800C03F15002D2B21F2A0BD903F11F
:103EB0003002D2B2242A3BD84FF2A64290422CD9EB
:103EC0004FF0FF3070474CF6D3729042F8D8B03BB9
:103ED000ACF1A10C384AC3EBC3130CEB430332F82B
:103EE00013007047BCF19E0F11D90CF1230C8022F6
:103EF0005FFA8CFC9F2B94BF703B503302EB430264
:103F0000D3B203F15002D2B21F2AD0D8DBE7ACF112
:103F10007E0C7F225FFA8CFCECE7D03BACF1A10C6D
:103F2000264AC3EBC3130CEB430332F8130070476C
:103F3000A13B072BC4D8DFE803F0382E241D17124D
:103F40000D04BCF1C00FBBD81D4AACF1A10332F87F
:103F500013007047BCF1F10FB2D81A4A1CE0BCF153
:103F6000D80FADD8184A17E0BCF1F60FA8D80CF559
:103F700040507047BCF1F30FA2D842F6A0706044E5
:103F80007047124B634413F8A13C002B98D04FF6B6
:103F90006060604470470E4AACF1A10332F8130030
:103FA000002808BF4FF0FF3070470A4AACF1A10368
:103FB00032F81300704700BF544A0612D82F061279
:103FC00080610612C061061264620612D462061293
:103FD00030630612EC63061238B50546B9B101F537
:103FE000957412492046F9F7D1FC28B928460121D9
:103FF000BDE83840FFF74ABF0D492046F9F7C6FC37
:1040000038B928460221BDE83840FFF73FBF094CC8
:10401000E7E709492046F9F7B9FC28B92846032102
:10402000BDE83840FFF732BF284638BDA42D061240
:10403000A82D0612DA9F0020B02D06120EB430B55E
:104040006FF000449CB001460B4D1FAB04940794E5
:104050000A4C53F8042B029128680193CDE90541DD
:10406000002402A91B9400F00BF8029B1C701CB0EA
:10407000BDE8304003B07047089D00200802FFFFF4
:104080002DE9F04FC5B00C46834614AF0B93CDE934
:10409000052138460822002115F022FEA3891806C2
:1040A00003D52369002B00F06B861BAA0023DFF8E1
:1040B000509A92460D9318920793CDE91933CDE9A2
:1040C0000E33059DD9F8E440FDF70AFF2A46034662
:1040D00012A958460097A0470028034600F0A48084
:1040E000C0F29A80129A252A01D01D44EAE7059B66
:1040F0000446EE1A40F09C8000234FF0FF326C1C07
:1041000019468DF8433008936B780492029101347C
:10411000A3F120025A2A00F2B780DFE812F0C302AE
:10412000B500B500BD02B500B500B5009E02B500F2
:10413000B5009402E802B5007700CD02B5008E020A
:104140005B005B005B005B005B005B005B005B0097
:104150005B00B500B500B500B500B500B500B50011
:10416000B500B500C1012D02B500B500B500B50020
:10417000B500B500B500B500B500B500FA01B50051
:10418000B500B5006201B5006502B500B500B40523
:10419000B500B500B500B500B500B500B500B50077
:1041A000B500B500C1013101B500B500B500F101A0
:1041B00031016D00B500E801B500670351031D032F
:1041C0006D00B50062016B00ED02B500B500F405AD
:1041D000B5006B00A3F130020023194601EB810109
:1041E00014F8013B02EB4101A3F13002092AF5D991
:1041F00008918DE723788AE7029B43F0200302931E
:10420000237884E7089A0B9352420892029B43F06A
:104210000403029323787AE708220021384615F038
:104220005FFD01231D444DE7059B0446EE1A12D0A5
:10423000059BCAE900361A9B33441A93199B013334
:10424000072B199316DC0AF1080A079B33440793DE
:10425000002C7FF451AF1A9B002B40F08E86069BFA
:104260009B8903F04003002B40F01787079845B067
:10427000BDE8F08F18AA06995846FDF779FB00288B
:10428000EDD10DF16C0AE0E70594002BE3D001229B
:104290008DF8AC302BAD00230A928DF84330099392
:1042A000CDE90323029CDDE9193014F084080146AE
:1042B0001A462ED1089C039EA41B002C00F3ED830C
:1042C0009DF843304BB34FF00008CDF830800132F9
:1042D00001230131CAF80430072A0DF14303CDE967
:1042E0001921CAF8003000F370830AF1080A0C9B08
:1042F0007BB1013211AB0231CAF80030072A4FF00E
:104300000203CDE91921CAF8043000F352830AF1FF
:10431000080AB8F1800F00F07882049B0A981C1AF2
:10432000002C00F3AF820A9B0132CAF800501944F6
:10433000072ACAF80430CDE9192100F3D2820AF124
:10434000080A029B5B0705D5089B039A9C1A002C60
:1043500000F347830398DDE907328242ACBF9B1824
:104360001B180793002940F0C68200231993099B6C
:104370001BB109995846F3F706FE0DF16C0AA0E649
:10438000029B05949E0640F16C840B9B073323F03F
:1043900007031A465B6852F8084B9E460B92002BA7
:1043A000C0F2FD80049B002BC0F20681029A22F02D
:1043B00080020292002B40F0FF8054EA0E0314BFEB
:1043C0000122002240F0F8809DF84330002B00F0DD
:1043D0002E81012144AD099203910A92049200F0CA
:1043E0000BBC0022DDF82C8005948DF8432058F892
:1043F000042B0992002A00F05485532B04D0029B11
:1044000013F0100400F09F84099B0822002116A8D5
:10441000139315F065FC049E002EC0F26D850024F8
:1044200025460DE02BA95846FFF7E6FC421C04F197
:104430000404284400F02C86B04206DC06D0054671
:10444000139A16AB1259002AECD10495049B002B49
:1044500000F06385632B00F39B8500232BAD09934C
:104460000822002116A815F03BFC049C16AB13AAE9
:104470002946584600932346FFF7E4FC844240F067
:1044800038860499002321EAE1706B549DF843209B
:104490000390002A40F0F3850492CDE90A1801E761
:1044A0000B9A432B059402F1040403D0029BD90616
:1044B00040F13F840822002116A82BAD15F010FC16
:1044C0000B9A16AB584612682946FFF795FC03462F
:1044D0000A90013300F0DC850A9B23EAE37303931F
:1044E00000230B948DF8433009930493DAE6237884
:1044F0006C2B00F0BB84029A42F01002029206E696
:104500002378682B00F0AA84029A42F040020292BB
:10451000FDE5029B05949C0643F0100040F1978353
:104520000B9B073323F0070319465A6851F8083BE1
:104530000B9100218DF8431004990029C0F28B8261
:1045400020F49061029153EA020140F08782049CBA
:10455000211E18BF0121002C40F0808210F00102C2
:10456000039200F03A8330230DF20F1504918DF879
:104570000F310A92099195E6029A059442F01003D0
:10458000920600F16B830B9A111D0B9A029314682B
:104590000B914FEAE47E7346002BBFF603AF2D2349
:1045A00064428DF843306EEB4E0E049B002B03DB10
:1045B000029B23F0800302930A2C7EF1000380F01B
:1045C0008F82049A30349DF84330012A8DF80F41D0
:1045D000B8BF01220392002B40F006830993012308
:1045E0000DF20F150A935DE6029B059443F010024D
:1045F0009B0640F162820B9B002107338DF843102C
:1046000023F00703D3F804E053F8084B0B93049B03
:104610008B42C0F25F8222F080030293049B002B46
:10462000CAD154EA0E0314BF01230023C4D144AD00
:10463000099304930A93039334E6029B43F08003A7
:104640000293237863E50B9B53F8042B002A08920E
:10465000FFF6D8AD0B93237859E55846FDF746FC95
:10466000436818460E93F9F743FB0F9005465846EA
:10467000FDF73CFC826823780D92002D3FF447AD96
:10468000002A3FF444AD1278002A3FF440AD029A6C
:1046900042F4806202923AE5029B43F001030293E6
:1046A000237834E59DF843202378002A7FF42FAD4A
:1046B00020228DF843202AE5204610F8013B2A2BC2
:1046C00000F00785A3F13002092A00F2D38400210B
:1046D00001EB810110F8013B02EB4101A3F1300233
:1046E000092AF5D941EAE1720446049210E52B2328
:1046F0008DF8433023780AE5029A059496063FF533
:104700007AAF029B0B9913F0100351F8044B0393FB
:1047100040F0ED84029B13F0400300F04083049BC3
:10472000A4B2DDF80CE0002B8DF843E0C0F2438327
:10473000029B23F080030293049B002B40F03B83F9
:10474000231E18BF0123002C40F0358344AD049391
:104750000B91CDE90933A5E500210B9B059447F6A4
:104760003002049C53F8040B8C42ADF844208DF8C1
:1047700043100246C0F26A83029C24F0800444F095
:1047800002040294002840F0AF84049C201E18BF4D
:104790000120002C40F0A88444AD04900B930390BA
:1047A0000A90039B029C023314F084080393DDE912
:1047B00019210846134600F0B3800023099398E5B9
:1047C0000298059481063FF5ABAE029A0B9912F060
:1047D000100251F8043B40F09A84029C14F040000F
:1047E00000F080839BB220460B91A2E6029B0594C9
:1047F0009A0640F112820B9B079A1B681A60D21727
:104800005A600B9B04330B935BE4089B03981C1AC0
:10481000002C7FF782AD102CB84E20DD0C954FF0A8
:104820001008069D02E0103C102C17DD01321031FB
:10483000072ACAE90068CDE919210AF1080AF2DD60
:1048400018AA294658460DF16C0AFDF791F8002880
:1048500059D1103C102CDDE91921E7DC0C9D013207
:104860002144CAF80060072ACAF80440CDE919219A
:1048700000F30483049B0AF1080A0A981C1A002C0E
:104880007FF751AD102C9D4E1DDD4FF0100802E05A
:10489000103C102C17DD01321031984B072ACAE961
:1048A0000038CDE919210AF1080AF1DD18AA0699A4
:1048B00058460DF16C0AFDF75BF820BB103C102C3C
:1048C000DDE91921E7DC01322144CAF80060072A3A
:1048D000CAF80440CDE9192100F3E2800AF1080A80
:1048E00021E518AA06995846FDF742F858B91A99D1
:1048F0000DF16C0A25E518AA06995846FDF738F817
:1049000000283FF432AD099B002B3FF4A8AC099975
:104910005846F3F738FB069B9B8903F04003A2E45B
:10492000089C039ECDF82480A41B002C7FF7E1ACEB
:1049300002220C92102C1A46DFF8C88121DD46466F
:104940001023DDF8188002E0103C102C18DD013235
:104950001030072ACAE90063CDE919200AF1080AD4
:10496000F2DD18AA414658460DF16C0AFDF700F831
:104970000028C8D1103C1023102CDDE91920E6DCFA
:10498000B04601322118CAF80080072ACAF804404C
:10499000CDE9192100F331829DF843300AF1080A6C
:1049A000002B40F036810C9800283FF4B6AC9846B6
:1049B0009FE418AA06995846FCF7DAFF0028A2D10E
:1049C0000DF16C0ADDE91921A3E418AA06995846ED
:1049D000FCF7CEFF002896D10DF16C0ADDE9192114
:1049E00085E4102C199BDFF81C8121DD464610253B
:1049F000DDF8188002E0103C102C18DD0133103176
:104A0000072BCAE90065CDE919310AF1080AF2DD80
:104A100018AA414658460DF16C0AFCF7A9FF002878
:104A20007FF471AF103C102CDDE91931E6DCB046A3
:104A300001332144072BCAE90084CDE919317FF7FE
:104A400089AC18AA06995846FCF792FF00287FF413
:104A50005AAF1A997EE420F48061029144AD03F0CC
:104A60000701DB08284643EA42733031D20805F8D3
:104A7000011D53EA0204F2D1302903D0029BD90769
:104A800000F1DC8044AB5B1B0A9300220992049A7C
:104A90009A42B8BF1A46039204E400220C9249E7F6
:104AA00018AA06995846FCF763FF00287FF42BAF3D
:104AB0000DF16C0ADDE9192135E40B9B191D0B9BE7
:104AC0004FF0000E0B911C68049B8DF843E073457A
:104AD000BFF6A1AD0A2C02927EF10003FFF471AD86
:104AE000029B764644A9DFF8208003F4806500230A
:104AF000CDF80CA09E46CDF824B02BE0A864061299
:104B0000B09E0020B8640612CDCCCCCCA319A3462D
:104B10003046514643F10003A8FB032C2CF003025E
:104B200002EB9C029B1A4FF0CC32E31A66F10006AE
:104B300002FB03F2BBF10A0FA3FB084308FB0622AA
:104B40004FEA540470F10000134444EAC3744FEA7E
:104B500053062BD3A3190EF1010E01F1FF3A43F1D5
:104B60000003A8FB032020F0030202EB90029B1A33
:104B7000E31AA3FB083266F100005B0808FB002281
:104B800043EAC27303EB8303A4EB4303303301F81E
:104B9000013C002DBAD00D9B1B787345B6D1FF2B7D
:104BA000B4D00A2C76F1000380F00882554644AB5D
:104BB00004995B1BDDF80CA0DDF824B01A460A93BB
:104BC0009DF843309142B8BF11460391002B00F08D
:104BD0008780039B0133039382E0039A44AD0492E0
:104BE0000A920992FFF75EBB013201230DF20F1505
:104BF00003920022CDE90923029CDDE9192114F07A
:104C00008408084613463FF455AB00230C93FFF786
:104C10005EBB4FF00008FFF75ABB029BDB0600F1BA
:104C20003B81029B5E0600F1A381029B9D0540F142
:104C300033810B9B079A1B681A70E2E53023023818
:104C400005F8013C44AB05461B1A0A931DE70B9B74
:104C5000191D0B9B00220B911B686AE40293FFF75E
:104C600094BB029B0B99DD0651F8044B3FF58DACCC
:104C7000029B580640F1218144F3C03E0B9124B2BF
:104C80007346FFF78CBB029AAD4812F020010594E1
:104C90003FD00B9A073222F007021446516854F8AD
:104CA000082B0B9452EA0104029D14BF0124002436
:104CB000ED0702D5002C40F0B78000238DF843307B
:104CC000049B002B029B79DB23F490630293049BEB
:104CD000002B76D1002C74D144AD04940A94039433
:104CE000029CDDE9192114F084080846134600F0FF
:104CF0000A829DF84330002B00F00B8200230993B9
:104D00000C93FFF7E4BA029A8E4812F02001059442
:104D1000BFD10B9C54F8042B0B94029C14F010048C
:104D2000C0D1029911F0400100F0D18092B2214629
:104D3000B8E70B9B2BAD1B688DF8AC3001230393B8
:104D40000A93FFF7CDBB049A002AC0F28181214665
:104D50000998FDF7CFF89DF84320099D002800F041
:104D60002181431B0A9323EAE3730393002A00F093
:104D7000998101330494CDF82C80039309943BE787
:104D800040215846F3F7E2F8069B186018610028A6
:104D900000F0B5814023069A5361FFF786B9029A65
:104DA00012F4007240F0D280049B96468DF84320A6
:104DB000002BBFF6BDAC0B91FFF7FEBB23F4806365
:104DC0000293029B03F0020444AD02F00F031209A8
:104DD000C35C42EA0172090905F8013D52EA010388
:104DE000F3D144AB049A5B1B9A420A93B8BF1A46AC
:104DF0000392002C7FF4D5AC72E718AA06995846A6
:104E0000FCF7B6FD804600287FF47DAD9DF8433069
:104E1000DDE91921002B61D10C9B0DF16C0A002BEF
:104E20007FF467AAFFF779BA8DF8453030238DF803
:104E3000443000238DF84330049B002B79DA029B29
:104E400023F4806343F002030293BAE7029802243A
:104E50000B9340F0020002903A48B5E7029B013400
:104E600043F4007302932378FFF751B9029B013496
:104E700043F0200302932378FFF749B918AA069953
:104E80005846FCF775FD00287FF43DAD0DF16C0A26
:104E9000DDE91921FFF741BA0B9B079A1B681A60DD
:104EA000AFE4049B284D062BCDF82C80049228BF3C
:104EB000062303930A93FFF7F5B9029B0B9199051B
:104EC00051D544F3C01E64B27346FFF768BA029C22
:104ED00014F4007414BFD2B22146E3E60DF16C0A5B
:104EE000FFF7F5B9029C14F4007238D00246DBB229
:104EF00020460B91FFF71DBB16AB13AA5846009333
:104F000000231946FEF79EFF03460490013300F08C
:104F1000BF80099B1393FFF799BA9DF84330099D11
:104F2000003BCDF82C8018BF01230393049B0A9308
:104F3000D6E6029B23F4906343F00203029340E71A
:104F4000402C06122C2C0612542C06129E468DF86C
:104F50004330049BE4B2002BBFF6EAAB2BE7029888
:104F60000B91FFF7E6BA4FEAE47E7346FFF717BAF4
:104F70000B9B079A1B681A8043E4069C18AA5846A4
:104F80002146FCF7F5FCA38903F04003FFF76BB95A
:104F9000591C5846F2F7DAFF0546002878D00990E8
:104FA000FFF75EBA002A00F08B80049ACDF82C80BF
:104FB000511C0A920490039109901DE60F9A0E99D4
:104FC000AAEB020B5846F7F75FFC0D9A53780BB12A
:104FD00001320D92A319504A4FF0CC314FF0010E1F
:104FE00043F100030BF1FF3AA2FB030C2CF003008A
:104FF00000EB9C001B1AE31A66F1000603FB01F1AB
:10500000A3FB023002FB061123FA0EF3014443EA2C
:10501000C17421FA0EF6A31943F10003A2FB031099
:1050200020F0030101EB90015B1AE31AA3FB0231AC
:1050300066F1000023FA0EF302FB001243EAC2738A
:1050400003EB8303A4EB430330330BF8013CA2E5ED
:10505000099D2846F8F74CFE9DF8433020EAE0729F
:105060000A9003922BB301320494CDF82C80039262
:105070000994C1E5002204460492FFF749B8049A56
:10508000CDF82C800A92039A049301320392B3E57F
:10509000069A938943F0400393814FF0FF330793BF
:1050A000FFF7E4B8099D0492CDF82C800992FFF730
:1050B000F9B8099D0493CDF82C800993FFF7F2B855
:1050C000049B0992CDF82C800A9303930492FFF776
:1050D000E9B80B9A6378044652F8041B41EAE1717F
:1050E0000B920491FFF713B80C480B9369E6029AF0
:1050F000E5E4069A938943F04003938103E40C238B
:10510000CBF80030C9E7CDF82480FFF7D3B8029878
:105110009FE50993FFF7FDB8CDCCCCCC2C2C061223
:105120002DE9F0478E6881460C461D469E4290460A
:10513000086836D8B1F90C3013F4906F0DD13546AC
:105140002A46414600F04CF8A26823680020921BD2
:105150002B44A2602360BDE8F0876769096917EBFB
:105160004707A0EB010A05F1010048BF0137504491
:105170007F10B8423A4601D9074602465B0512D570
:1051800011464846F2F7E2FE0646F8B1524621695A
:10519000F8F738FDA38923F4906343F08003A381DB
:1051A00006E01E46CCE74846F2F7D9FE064648B16F
:1051B00006EB0A00A7EB0A0326612E466761A3608F
:1051C0002060BDE721694846F2F7DDFEA3890C2285
:1051D0004FF0FF3043F04003C9F80020A381BAE745
:1051E00088420DD98B1883420AD900EB020C5AB3BE
:1051F000624613F801CD994202F801CDF9D170470A
:105200000F2A0DD802F1FF3CF2B10CF1010C431E44
:105210008C4411F8012B614503F8012FF9D1704737
:1052200040EA01039B07F0B50C460ED002F1FF3CAB
:1052300003460CF1010C013B8C4411F8012B614534
:1052400003F8012FF9D1F0BD7047A2F1100501F16B
:10525000200E01F1100300F1100C25F00F05AE44F3
:1052600053F8106C10330CF1100C4CF8206C53F800
:105270001C6C4CF81C6C53F8186C73454CF8186C8B
:1052800053F8146C4CF8146CEAD101EB050C12F0D5
:105290000C0F05440CF1100105F1100302F00F058D
:1052A0000E4618D0043DA0EB040E25F00304A444E0
:1052B0000CF1140C0F6801EB0E0504312F606145F1
:1052C000F8D1043402F00302A119234402F1FF3C97
:1052D000002AAED1F0BD2A46F8E700BF0A4D1446B9
:1052E0001A4603462E680D4600B5F06885B044B1F5
:1052F00006490095CDE90114054900F0C9F8F2F717
:1053000045FE04490C46F4E7089D0020B82D06121E
:10531000C82D0612C42D06122DE9F04F8BB01C4685
:10532000DDE91478DDF858900290B8F1000F50D004
:1053300000291668C3464FF0000508BF4FF0FF373D
:10534000924688460196039107E0019B013C53F881
:10535000040B019300284AD06546AF4235D9002C92
:1053600033D0DBF8003006A9019A0493DBF804304F
:10537000126805935B460298D9F8E060B047431C79
:105380001CD000EB050CBC4526D8039B002BDCD0C1
:1053900000280DDD08F1FF3206A9019E02EB000E88
:1053A00011F8013B02F8013F7245F9D180440196A2
:1053B000DAF800200432CAF80020C6E78A21002269
:1053C000029B05461960CBF8002028460BB0BDE8CB
:1053D000F08F00F58678ABE7D846DDF810A0DDF851
:1053E00014B02846C8E900AB0BB0BDE8F08F0399B4
:1053F000D84609B1CAF800000CF1FF350022284652
:10540000C8F800200BB0BDE8F08F00BF10B584B025
:10541000054C069800900798019004480068029493
:10542000FFF77AFF04B010BDB09E0020089D002059
:10543000154B984226D840F6F90C70B54FF0000E87
:10544000124D03E004F1010EF44519DB1EEB0C02D2
:1054500048BF013222F00103541003EB620305EB55
:1054600043015B004A784E88898842EA062211444B
:105470008842E7D8904204F1FF3CE5D3E85C70BD78
:10548000FF2070BDFF207047EF010E00C8640612B8
:105490000EB410B583B0074C014605AB206853F835
:1054A000042B019300F008F803B0BDE8104003B0EE
:1054B000704700BF089D00202DE9F04FC5B083461E
:1054C0009246082214AF049100211C4638460B93E3
:1054D00014F006FCBBF1000F04D0DBF83430002BD5
:1054E00000F06187049A536EB2F90C20D90740F19D
:1054F0003A81960400F1538542F40052049923F452
:1055000000538A8112B24B66130740F1B980049BA5
:105510001B69002B00F0B48002F01A030A2B00F084
:10552000BE801BAA002391460D9318920793CDE9E4
:105530001933CDE90E335546954BD3F8E440FCF7CB
:10554000CFFC2A46034612A958460097A0470028D8
:10555000034600F0C380C0F2B980129A252A01D018
:105560001D44E9E7B5EB0A06044640F0BB80002382
:105570004FF0FF3205F1010A19468DF843300893C8
:105580006B78069203910AF1010AA3F120025A2ACC
:1055900000F20081DFE812F08E03FE00FE008703B8
:1055A000FE00FE00FE006703FE00FE00240236023D
:1055B000FE002F02A003FE0099035B005B005B006E
:1055C0005B005B005B005B005B005B00FE00FE00BD
:1055D000FE00FE00FE00FE00FE00FE00FE00ED01EB
:1055E0002603FE00FE00FE00FE00FE00FE00FE00A0
:1055F000FE00FE00FE003C02FE00FE00FE00BD01BB
:10560000FE009C02FE00FE00D805FE00FE00FE002B
:10561000FE00FE00FE00FE00FE00FE00FE00ED01AA
:105620008301FE00FE00FE005D0383016D00FE00AD
:105630001C03FE000E03F902C6026D00FE00BD0150
:105640006A006E02FE00FE001B06FE006A00A3F167
:105650003002002101EB81011AF8013B02EB41010C
:10566000A3F13002092AF5D908918EE79AF80030A3
:1056700089E7039B43F0200303939AF8003082E705
:10568000049D5846294601F0BFF9002840F0D08714
:10569000B5F90C2002F01A030A2B7FF442AF0499EB
:1056A000B1F90E30002BFFF63CAF4B6EDD0702D494
:1056B000900540F11887234652460499584600F059
:1056C000DFFF0790079845B0BDE8F08F0822002162
:1056D000384614F005FB01231D442DE7B5EB0A06FF
:1056E000044611D01A9B33441A93199B0133072B9C
:1056F0001993C9E900A611DC09F10809079B334495
:105700000793002C7FF433AF1A9B002B40F03F87A8
:105710000022049B1992B3F90C3019E018AA0499DD
:10572000584600F0EFFF80B90DF16C09E6E718AAC2
:105730000499584600F0E6FF002800F09B80099B82
:105740001BB109995846F2F71EFC049BB3F90C30C3
:10575000049A526ED00740F198805B0614D40798E3
:1057600045B0BDE8F08F900540F1298191047FF5A7
:10577000C3AE9E047FF5C8AE049B9B899A0503D4F3
:10578000049B986DF8F700F94FF0FF330793E6E7B5
:10579000B09E0020002BB7D001228DF8AC302BAD8D
:1057A00000230A928DF843300993CDE90523039C29
:1057B000DDE9193014F0840801461A462ED1089C00
:1057C000059EA41B002C00F392839DF843304BB33D
:1057D0004FF00008CDF83080013201230131C9F8C3
:1057E0000430072A0DF14303CDE91921C9F800302F
:1057F00000F3158309F108090C9B7BB1013211AB51
:105800000231C9F80030072A4FF00203CDE919210F
:10581000C9F8043000F3F68209F10809B8F1800FE5
:1058200000F07582069B0A981C1A002C00F3AD82CA
:105830000A9B0132C9F800501944072AC9F80430FC
:10584000CDE9192100F3D28209F10809039B5C0715
:1058500005D5089B059A9C1A002C00F3ED8205984B
:10586000DDE907328242ACBF9B181B180793002961
:105870007FF45DAF00231993099B1BB1099958462A
:10588000F2F781FB0DF16C0955E69A053FF565AF1E
:10589000049CA06DF8F778F8B4F90C305DE7039B31
:1058A0009B0640F12E840B9B073323F007031A4617
:1058B0005B6852F8084B9E460B92002BC0F2A48105
:1058C000069B002BC0F2AD81039A22F08002039266
:1058D000002B40F0A68154EA0E0314BF01220022DF
:1058E00040F09F819DF84330002B00F0158101218D
:1058F00044AD099205910A920692039CDDE91921B3
:1059000014F08408084613463FF459AF00230C9363
:1059100062E70022DDF82C808DF8432058F8042B34
:105920000992002A00F05885532B00F09084039BC5
:1059300013F0100440F08B84069A002AC0F2BA8556
:1059400021460998FCF7D6FA9DF84320099D0028C6
:1059500000F04E86431B0A9323EAE3730593002A63
:1059600000F0388601330694CDF82C800593099415
:10597000C3E70B9A432B02F1040403D0039BD9061F
:1059800040F147840822002116A82BAD14F0A8F995
:105990000B9A16AB584612682946FEF72DFA0346B5
:1059A0000A90013300F007860A9B23EAE37305930C
:1059B00000230B948DF8433009930693F7E6049D7A
:1059C000A86DF7F7DDFFB5F90C206B6E95047FF538
:1059D00093AD98047FF598ADD9077FF5CDAED3E6AA
:1059E0000B9B53F8042B002A089280F2D382089A6A
:1059F0000B9352420892039B43F0040303939AF8DB
:105A00000030C0E52B238DF843309AF80030BAE51A
:105A1000039B9D0643F0100040F1D4820B9B07339B
:105A200023F0070319465A6851F8083B0B910021EF
:105A30008DF8431006990029C0F2388220F4906155
:105A400003910699002940F0348253EA020114BF01
:105A50000121002140F02D8210F00102059200F09A
:105A6000938230230DF20F1506918DF80F310A92B3
:105A700009919CE6039A960630D4039B0B9913F088
:105A8000100351F8044B059340F0F385039B13F08A
:105A9000400300F02F84069BA4B2DDF814E0002B35
:105AA0008DF843E0C0F23284039B23F0800303931C
:105AB000002C40F02B84069A131E18BF0123002AE5
:105AC00040F0248444AD06930B91CDE909336EE692
:105AD000039B43F010029B0640F188820B9B002140
:105AE00007338DF8431023F00703D3F804E053F88D
:105AF000084B0B93069B8B42C0F2858222F08003F9
:105B00000393069B002B40F08C8054EA0E0314BFD5
:105B10000123002340F0858044AD099306930A9346
:105B2000059344E600210B9B069C47F6300253F890
:105B3000040B8C42ADF844208DF843100246C0F2AD
:105B40004883039C24F0800444F00204039400285A
:105B500040F08A85069C201E18BF0120002C40F0D2
:105B6000838544AD06900B9305900A90059B039C9A
:105B7000023314F084080593DDE919210846134621
:105B800000F0C6830023099338E6039884063FF5A6
:105B900045AF039A0B9912F0100251F8043B40F004
:105BA0006685039C14F0400000F034849BB22046CC
:105BB0000B913CE7039B990640F1B5820B9B079A3A
:105BC0001B681A60D2175A600B9B04330B93B2E424
:105BD0009AF800306C2B00F02683039A42F01002F2
:105BE0000392D0E4039A42F01003920600F1E88198
:105BF0000B9A111D0B9A039314680B914FEAE47EE4
:105C00007346002BBFF65CAE2D2364428DF8433003
:105C10006EEB4E0E069B002B03DB039B23F08003F1
:105C200003930A2C7EF1000380F0F381069A30344E
:105C30009DF84330012A8DF80F41B8BF012205922B
:105C4000002B40F0B181099301230DF20F150A9347
:105C5000ADE59AF80030682B00F0EF82039A42F02D
:105C6000400203928FE45846FCF740F94368184617
:105C70000F93F8F73DF80E9004465846FCF736F9B6
:105C800082689AF800300D92002C3FF47CAC002A18
:105C90003FF479AC1278002A3FF475AC039A42F4D1
:105CA000806203926FE4039B43F0010303939AF82D
:105CB000003068E49DF843209AF80030002A7FF411
:105CC00062AC20228DF843205DE4039B43F0800307
:105CD00003939AF8003056E4504610F8013B2A2B03
:105CE00000F09A84A3F13002092A00F24B840021CB
:105CF00001EB810110F8013B02EB4101A3F13002FD
:105D0000092AF5D941EAE172824606923DE4089BF0
:105D100005981C1A002C7FF785AD102CB14E21DDA3
:105D20000C954FF01008049D02E0103C102C18DD7B
:105D300001321031072AC9E90068CDE9192109F1BA
:105D40000809F2DD18AA2946584600F0DBFC0028B5
:105D50007FF4F5AC103C0DF16C09102CDDE9192134
:105D6000E6DC0C9D01322144C9F80060072AC9F81D
:105D70000440CDE9192100F31B83069B09F10809B2
:105D80000A981C1A002C7FF753AD102C954E1FDD7E
:105D90004FF0100802E0103C102C19DD01321031D8
:105DA000904B072AC9E90038CDE9192109F1080902
:105DB000F1DD18AA049958460DF16C0900F0A2FC17
:105DC00000287FF4BCAC103C102CDDE91921E5DC87
:105DD00001322144C9F80060072AC9F80440CDE91E
:105DE000192100F3C48009F1080921E518AA0499D2
:105DF000584600F087FC00287FF4A1AC1A990DF1F9
:105E00006C0923E518AA0499584600F07BFC002889
:105E10007FF495AC0DF16C09DDE91921FEE418AAB7
:105E20000499584600F06EFC00287FF488AC0DF110
:105E30006C09DDE91921DFE4102C199BDFF8A8813A
:105E400021DD46461025DDF8108002E0103C102CC4
:105E500018DD01331031072BC9E90065CDE919318F
:105E600009F10809F2DD18AA414658460DF16C09FE
:105E700000F048FC00287FF462AC103C102CDDE9F7
:105E80001931E6DCB04601332144072BC9E900840F
:105E9000CDE919317FF7E3AC18AA0499584600F010
:105EA00031FC00287FF44BAC1A99D8E420F48061CF
:105EB000039144AD03F00701DB08284643EA42732F
:105EC0003031D20805F8011D53EA0204F2D130291D
:105ED00002D0039BDE077CD444AB5B1B0A930022F9
:105EE0000992069A9A42B8BF1A4605925FE40022C8
:105EF0000C92102C1A46DFF8F08022DD4646102363
:105F0000DDF8108002E0103C102C19DD0132103059
:105F1000072AC9E90063CDE9192009F10809F2DD72
:105F200018AA414658460DF16C0900F0EBFB002819
:105F30007FF405AC103C1023102CDDE91920E5DCC2
:105F4000B04601322118C9F80080072AC9F8044078
:105F5000CDE9192100F3FE819DF8433009F10809CC
:105F60005BBB0C9800283FF45DAC984646E418AA49
:105F70000499584600F0C6FB00287FF4E0AB0DF111
:105F80006C09DDE9192153E4059A44AD06920A92A1
:105F900009920CE40B939AF80030FFF7F4BA9D04D1
:105FA0007FF5B2AAFFF7F0BB00250132012305926D
:105FB000CDE909530DF20F159FE44FF000080BE4F3
:105FC000039370E40B9B191D0B9B00220B911B6824
:105FD0002DE53023023805F8013C44AB05461B1A79
:105FE0000A937CE7A49A0612B49A06120B9B191D19
:105FF0000B9B4FF0000E0B911C68069B8DF843E045
:106000007345BFF67BAD0A2C03927EF10003FFF4CB
:106010000DAE039B764644A9DFF8F48303F4806554
:106020000023CDF814909E46CDE909BADDF834A0DE
:1060300023E0A319A3463046494643F10003A8FBD9
:10604000032C2CF0030202EB9C029B1A4FF0CC3283
:10605000E31A66F1000602FB03F2BBF10A0FA3FB91
:10606000084308FB06224FEA540470F10000134471
:1060700044EAC3744FEA53062BD3A3190EF1010E61
:1060800001F1FF3943F10003A8FB032020F00302D4
:1060900002EB90029B1AE31AA3FB083266F10000A0
:1060A0005B0808FB002243EAC27303EB8303A4EB03
:1060B0004303303301F8013C002DBAD09AF8003088
:1060C0007345B6D1FF2BB4D00A2C76F1000380F0D3
:1060D0000F824D4644AB06995B1BCDF834A0DDF82A
:1060E00014901A469142DDE909BAB8BF11460A93E5
:1060F0009DF843300591002B56D0059B0133059345
:1061000052E0039B0B99DE0651F8044B3FF572AD4C
:10611000039B5D0640F16C8144F3C03E0B9124B2B9
:106120007346FFF7CABB039BDA0600F14F81039B5E
:106130005B0600F1B981039B9E0540F147810B9BF3
:10614000079A1B681A703FE5AE48039A12F02001C7
:1061500000F0F0800B9A073222F0070214465168D3
:1061600054F8082B0B9452EA0104039D14BF012438
:106170000024ED0702D5002C40F0038100238DF8A8
:106180004330069B002B039BC0F2CD8023F4906329
:106190000393069B002B40F0C980002C40F0C68082
:1061A00044AD06940A940594039CDDE9192114F08A
:1061B00084080846134600F053829DF84330002BB4
:1061C00000F04482002309930C93FFF705BB8E482F
:1061D000BBE7039802240B9340F0020003908A4827
:1061E00044AD02F00F031209C35C42EA01720909CF
:1061F00005F8013D52EA0103F3D144AB069A5B1B5B
:106200009A420A93B8BF1A460592002C7FF4AEACAE
:10621000CAE70B9B2BAD1B688DF8AC3001230593AF
:106220000A93FFF7C5BB039B0AF1010A43F0200361
:1062300003939AF80030FFF7A6B9039B0AF1010A0D
:1062400043F4007303939AF80030FFF79CB9099B5D
:106250000822002116A8139313F042FD069E002E7B
:10626000C0F2ED80002425460DE02BA95846FDF72D
:10627000C3FD411C04F10404284400F09C81B04299
:1062800006DC06D00546139A16AB1259002AECD14B
:106290000695069B002B00F0E280632B40F31F81E4
:1062A000591C5846F1F752FE0546002800F083813C
:1062B00009900822002116A813F012FD069C16ABC7
:1062C00013AA2946584600932346FDF7BBFD844296
:1062D00040F0BF810699002321EAE1706B549DF8DC
:1062E00043200590002A40F05C810692CDE90A180F
:1062F000FFF75DBA039A12F4007240F0C780069B64
:1063000096468DF84320002BBFF6CEAB0B9188E468
:10631000089C059ECDF82480A41B002C7FF76EAA54
:1063200002220C92E5E523F480630393039B03F0C0
:10633000020455E70B9C54F8042B0B94039C14F0B7
:1063400010047FF410AF039911F040016CD092B2A9
:10635000214608E718AA0499584600F0D3F9804668
:1063600000287FF4ECA99DF84330DDE91921002BCA
:1063700061D10C9B0DF16C09002B7FF43FAAFFF754
:1063800051BA8DF8453030238DF8443000238DF814
:106390004330069B002B6EDA039B23F4806343F0AB
:1063A00002030393C2E75846F5F7C2FDFFF79AB818
:1063B00018AA0499584600F0A5F900287FF4BFA94F
:1063C0000DF16C09DDE91921FFF72CBA0B9B079A37
:1063D0001B681A60FFF7F8BB069B0C4D062BCDF827
:1063E0002C80069228BF062305930A93FFF7DFB996
:1063F000039B0B91980552D544F3C01E64B27346BB
:10640000FFF75BBA402C06122C2C0612542C0612F5
:10641000CDCCCCCC039C14F4007233D00246DBB25A
:1064200020460B91FFF703BB039C14F4007414BFC8
:10643000D2B2214697E60DF16C09FFF7CDB916AB44
:1064400013AA5846009300231946FDF7FBFC0346A8
:106450000690013300F0AF80099B139319E79DF874
:106460004330099D003BCDF82C8018BF01230593D4
:10647000069B0A9398E6039B23F4906343F0020380
:10648000039353E703980B91FFF7D1BA9E468DF81B
:106490004330069BE4B2002BBFF606AB36E74FEA6B
:1064A000E47E7346FFF709BA0B9B079A1B681A80B4
:1064B000FFF78ABB099D2846F7F71AFC9DF8433081
:1064C00020EAE0720A900592002B00F08A800132E7
:1064D0000694CDF82C8005920994FFF70EBA00239C
:1064E0002BAD0993E5E6886DF7F74EFAFFF7E3B8B1
:1064F0000E9A0F99A9EB020B5846F6F7C5F99AF8D0
:1065000001300BB10AF1010AA3195B4A4FF0CC31FB
:106510004FF0010E43F100030BF1FF39A2FB030C16
:106520002CF0030000EB9C001B1AE31A66F1000636
:1065300003FB01F1A3FB023002FB061123FA0EF369
:10654000014443EAC17421FA0EF6A31943F1000392
:10655000A2FB031020F0030101EB90015B1AE31A88
:10656000A3FB023166F1000023FA0EF302FB0012D6
:1065700043EAC27303EB8303A4EB430330330BF80A
:10658000013C9BE5002282460692FEF7FEBF18AA58
:106590000499584600F0B6F800283FF4B9A8FFF770
:1065A000D4B8069ACDF82C800A92059A0693013247
:1065B0000592FFF7A2B90498B0F90C30426E43F08F
:1065C0004001D20781813FF5DFA899053FF5DCA89E
:1065D000FFF75EB9099D0692CDF82C800992FFF76E
:1065E000E6B8099D0693CDF82C800993FFF7DFB834
:1065F0004AB1069ACDF82C80511C0A92069005915A
:106600000990FFF77AB9069B0992CDF82C800A937E
:1066100005930692FFF7CBB80B9A9AF801308246A1
:1066200052F8041B41EAE1710B920691FEF7ABBFF1
:10663000049A536EDF073FF5A7A893899E053FF59F
:10664000A3A8906DF7F7A0F9FFF79EB80993FFF79D
:10665000E5B8049A938943F040039381FFF76FB83C
:10666000CDF82480FFF7ABB804480B935EE603989F
:10667000AAE4039ABCE400BFCDCCCCCC2C2C0612EF
:106680002DE9F04198468B89ADF58D6D164623F0C6
:106690000203074616A80D46ADF80C301AAB6C463F
:1066A000009304934FF48063029305934B6E199308
:1066B000CB89ADF80E30CB6907934B6A0993002361
:1066C0000693F7F757F93246434669463846FEF7D0
:1066D000F3FE061E07DB69463846F5F7BFFA0028C9
:1066E00018BF4FF0FF36A3895B0603D5AB8943F093
:1066F0004003AB81A06DF7F73FF930460DF58D6D86
:10670000BDE8F081936810B514461BB91846002304
:10671000636010BD00F006F80023A36000236360EF
:1067200010BD00BF9368002B00F0B780B1F90CC01A
:106730001CF0080F2DE9F04F174683B080460C4639
:1067400027D00B692BB31CF002033D682DD04FF00E
:10675000000ADFF8B0B2B94656465E4533465246A7
:10676000404628BF5B46002E00F08680E169676ADC
:10677000B847002840F38980D9F808308244361A97
:106780001B1AC9F80830002BE7D1002003B0BDE880
:10679000F08F2146404600F037F900287AD1B4F94D
:1067A0000CC03D681CF00203D1D11CF0010976D168
:1067B0004E460097002E5BD01CF4007F2068D4F872
:1067C00008B000F0B280B3455A4600F2E0801CF4F5
:1067D000906F33D06369216913EB4303A0EB010B86
:1067E00048BF01334FEA630A0BF1010333445246B9
:1067F000534501D99A461A461CF4806F00F0E58093
:1068000011464046F1F7A2FB002800F0F4805A46FA
:1068100021690190F7F7F6F9A289019B22F49062B1
:1068200042F08002A28103EB0B0023613246AAEB07
:106830000B03B346C4F814A0A3602060494601923C
:10684000FEF7CEFCA368019AB246A3EB0B012368C6
:1068500000261344A1602360009AD1449368A3EBFF
:106860000A039360002B90D0B4F90CC0002EA3D182
:10687000D5E9009608359DE7D5E900A608356CE70F
:1068800021464046F5F7EAF970B3B4F90C3043F00D
:106890004003A3814FF0FF3078E7002070471E4689
:1068A000BA46994618461F4600955EB3002831D077
:1068B0004A46A168B2426369206828BF324603EBAA
:1068C000010B2169884201D95A4570DC934261DC91
:1068D0003A46E1694046656AA847B0F1000BD4DD4D
:1068E000B9EB0B09CCD00120DAF808305F44A6EBF5
:1068F0000B06A3EB0B03CAF80830002B3FF445AF9F
:10690000002ED3D1009A5668134608320092002E0A
:10691000F8D01F6832460A213846FBF7EBFA002808
:1069200066D00130A0EB0709C2E72369834216D382
:106930006269B24213D86FF00043E1694046676A6A
:10694000B34228BF334693FBF2F302FB03F34A46FC
:10695000B847B0F1000A98DDA6EB0A067CE7B3451C
:10696000DA46494628BFB2465246FEF739FCA368CC
:106970002268A3EB0A035244A3602260002BEBD1F0
:1069800021464046F5F76AF90028E5D07DE7B34691
:10699000324653E739460192FEF722FC019AA3687A
:1069A00093469B1AA36023681344236098E73946F3
:1069B0005A46FEF715FC2368214640465B44236097
:1069C000F5F74CF900288BD05FE74046F1F7C7FA9E
:1069D000034600287FF427AF21694046F1F7D3FA38
:1069E000B4F90C300C2223F08003C8F800204EE7E5
:1069F000721C91465DE70C22B4F90C30C8F80020F7
:106A000045E700BF00FCFF7F38B53E4B05460C460E
:106A10001B6813B15A6B002A5BD0B4F90C3019070C
:106A20000BD522699AB113F0010221D063690022CB
:106A30005B42A260A361002038BDDA0659D5580731
:106A40001BD4226943F00803A381002AEBD19905E6
:106A500029D5180603F0800125D4D80742D49D0714
:106A60003DD5A2600029E6D043F04003A38145E074
:106A70009B0716D46369A360DDE7216B51B104F174
:106A80004002914204D02846F1F77DFAB4F90C3067
:106A9000002222630021226923F02403C4E900219B
:106AA000D0E7A260C7E721462846FAF7FDFFB4F910
:106AB0000C30226913F001010FD0616900204942B6
:106AC000A060A161002AB6D103F080010029B2D0F4
:106AD000CAE71846F5F72CFA9FE7980700D46169D2
:106AE000A160EFE76069A2604042A0610029A2D0E6
:106AF000BAE7092243F040032A60A3814FF0FF3038
:106B000038BD00BF089D002081F0004102E000BFB9
:106B100083F0004330B54FEA41044FEA430594EA5D
:106B2000050F08BF90EA020F1FBF54EA000C55EA98
:106B3000020C7FEA645C7FEA655C00F0E2804FEA69
:106B40005454D4EB5555B8BF6D420CDD2C4480EA4B
:106B5000020281EA030382EA000083EA010180EA7B
:106B6000020281EA0303362D88BF30BD11F0004FC9
:106B70004FEA01314FF4801C4CEA113102D04042FF
:106B800061EB410113F0004F4FEA03334CEA13333A
:106B900002D0524263EB430394EA050F00F0A78052
:106BA000A4F10104D5F1200E0DDB02FA0EFC22FA4D
:106BB00005F2801841F1000103FA0EF2801843FA41
:106BC00005F359410EE0A5F120050EF1200E012A32
:106BD00003FA0EFC28BF4CF0020C43FA05F3C01870
:106BE00051EBE37101F0004507D54FF0000EDCF1E9
:106BF000000C7EEB00006EEB0101B1F5801F1BD392
:106C0000B1F5001F0CD349085FEA30004FEA3C0C95
:106C100004F101044FEA445212F5800F80F09A808B
:106C2000BCF1004F08BF5FEA500C50F1000041EB8F
:106C3000045141EA050130BD5FEA4C0C404141EB93
:106C40000101013C28BFB1F5801FE9D291F0000F8E
:106C500004BF01460020B1FA81F308BF2033A3F13D
:106C60000B03B3F120020CDA0C3208DD02F1140C34
:106C7000C2F10C0201FA0CF021FA02F10CE002F16F
:106C80001402D8BFC2F1200C01FA02F120FA0CFC68
:106C9000DCBF41EA0C019040E41AA2BF01EB0451B1
:106CA000294330BD6FEA04041F3C1CDA0C340EDCAF
:106CB00004F11404C4F1200220FA04F001FA02F3F2
:106CC00040EA030021FA04F345EA030130BDC4F1B0
:106CD0000C04C4F1200220FA02F001FA04F340EAA5
:106CE0000300294630BD21FA04F0294630BD94F056
:106CF000000F83F4801306BF81F480110134013D3D
:106D00004EE77FEA645C18BF7FEA655C29D094EAAD
:106D1000050F08BF90EA020F05D054EA000C04BF2B
:106D20001946104630BD91EA030F1EBF0021002016
:106D300030BD5FEA545C05D14000494128BF41F0B5
:106D4000004130BD14F580043CBF01F5801130BD19
:106D500001F0004545F0FE4141F470014FF00000A4
:106D600030BD7FEA645C1ABF194610467FEA655C55
:106D70001CBF0B46024650EA013406BF52EA0335F7
:106D800091EA030F41F4002130BD00BF90F0000FE5
:106D900004BF0021704730B54FF4806404F1320421
:106DA0004FF000054FF0000150E700BF90F0000FDA
:106DB00004BF0021704730B54FF4806404F1320401
:106DC00010F0004548BF40424FF000013EE700BFD1
:106DD00042004FEAE2014FEA31014FEA02701FBF61
:106DE00012F07F4393F07F4F81F06051704732F093
:106DF0007F4208BF704793F07F4F04BF41F40021EA
:106E0000704730B54FF4607401F0004521F0004147
:106E10001CE700BF50EA010208BF704730B54FF0D1
:106E200000050AE050EA010208BF704730B511F0D2
:106E3000004502D5404261EB41014FF4806404F10A
:106E400032045FEA915C3FF4D8AE4FF003025FEA90
:106E5000DC0C18BF03325FEADC0C18BF033202EB14
:106E6000DC02C2F1200300FA03FC20FA02F001FA6E
:106E700003FE40EA0E0021FA02F11444BDE600BF11
:106E800070B54FF0FF0C4CF4E06C1CEA11541DBFC0
:106E90001CEA135594EA0C0F95EA0C0F00F0DEF88B
:106EA0002C4481EA030621EA4C5123EA4C5350EA70
:106EB000013518BF52EA033541F4801143F48013C1
:106EC00038D0A0FB02CE4FF00005E1FB02E506F052
:106ED0000042E0FB03E54FF00006E1FB03569CF0A7
:106EE000000F18BF4EF0010EA4F1FF04B6F5007FAD
:106EF00064F5407404D25FEA4E0E6D4146EB06061F
:106F000042EAC62141EA55514FEAC52040EA5E50A7
:106F10004FEACE2EB4F1FD0C88BFBCF5E06F1ED851
:106F2000BEF1004F08BF5FEA500E50F1000041EB88
:106F3000045170BD06F0004646EA010140EA020035
:106F400081EA0301B4EB5C04C2BFD4EB0C0541EA57
:106F5000045170BD41F480114FF0000E013C00F36C
:106F6000AB8014F1360FDEBF002001F0004170BD90
:106F7000C4F10004203C35DA0C341BDC04F11404A9
:106F8000C4F1200500FA05F320FA04F001FA05F235
:106F900040EA020001F0004221F0004110EBD37002
:106FA00021FA04F642EB06015EEA430E08BF20EA2E
:106FB000D37070BDC4F10C04C4F1200500FA04F3D1
:106FC00020FA05F001FA04F240EA020001F0004163
:106FD00010EBD37041F100015EEA430E08BF20EAD6
:106FE000D37070BDC4F1200500FA05F24EEA020E1E
:106FF00020FA04F301FA05F243EA020321FA04F04D
:1070000001F0004121FA04F220EA020000EBD37003
:107010005EEA430E08BF20EAD37070BD94F0000F03
:107020000FD101F00046400041EB010111F4801F37
:1070300008BF013CF7D041EA060195F0000F18BFE8
:10704000704703F00046520043EB030313F4801F24
:1070500008BF013DF7D043EA0603704794EA0C0FDE
:107060000CEA135518BF95EA0C0F0CD050EA4106F4
:1070700018BF52EA4306D1D181EA030101F0004171
:107080004FF0000070BD50EA410606BF1046194699
:1070900052EA430619D094EA0C0F02D150EA0136A5
:1070A00013D195EA0C0F05D152EA03361CBF1046E6
:1070B00019460AD181EA030101F0004141F0FE4185
:1070C00041F470014FF0000070BD41F0FE4141F409
:1070D000780170BD70B54FF0FF0C4CF4E06C1CEA09
:1070E00011541DBF1CEA135594EA0C0F95EA0C0FBE
:1070F00000F0A7F8A4EB050481EA030E52EA033579
:107100004FEA013100F088804FEA03334FF0805599
:1071100045EA131343EA12634FEA022245EA1115C6
:1071200045EA10654FEA00260EF000419D4208BF77
:10713000964244F1FD0404F5407402D25B084FEA24
:107140003202B61A65EB03055B084FEA32024FF4D0
:1071500080104FF4002CB6EB020E75EB030E22BF2D
:10716000B61A754640EA0C005B084FEA3202B6EBED
:10717000020E75EB030E22BFB61A754640EA5C009C
:107180005B084FEA3202B6EB020E75EB030E22BF2C
:10719000B61A754640EA9C005B084FEA3202B6EB2D
:1071A000020E75EB030E22BFB61A754640EADC00EC
:1071B00055EA060E18D04FEA051545EA16754FEA4E
:1071C00006164FEAC30343EA52734FEAC2025FEA6C
:1071D0001C1CC0D111F4801F0BD141EA00014FF0FB
:1071E00000004FF0004CB6E711F4801F04BF0143CC
:1071F0000020B4F1FD0C88BFBCF5E06F3FF6AFAEE8
:10720000B5EB030C04BFB6EB020C5FEA500C50F177
:10721000000041EB045170BD0EF0004E4EEA1131FA
:1072200014EB5C04C2BFD4EB0C0541EA045170BD01
:1072300041F480114FF0000E013C90E645EA060E45
:107240008DE60CEA135594EA0C0F08BF95EA0C0F73
:107250003FF43BAF94EA0C0F0AD150EA01347FF4BB
:1072600034AF95EA0C0F7FF425AF104619462CE792
:1072700095EA0C0F06D152EA03353FF4FDAE1046F5
:10728000194622E750EA410618BF52EA43067FF446
:10729000C5AE50EA41047FF40DAF52EA43057FF4D6
:1072A000EBAE12E74FF0FF3C06E000BF4FF0010CE1
:1072B00002E000BF4FF0010C4DF804CD4FEA410C45
:1072C0007FEA6C5C4FEA430C18BF7FEA6C5C1BD012
:1072D00001B050EA410C0CBF52EA430C91EA030F93
:1072E00002BF90EA020F0020704710F1000F91EAF0
:1072F000030F58BF994208BF90422CBFD8176FEABE
:10730000E37040F0010070474FEA410C7FEA6C5C8B
:1073100002D150EA013C07D14FEA430C7FEA6C5C92
:10732000D6D152EA033CD3D05DF8040B704700BFBE
:107330008446104662468C461946634600E000BF0C
:1073400001B5FFF7B7FF002848BF10F1000F01BDDE
:107350004DF808EDFFF7F4FF0CBF012000205DF8A9
:1073600008FB00BF4DF808EDFFF7EAFF34BF01202E
:1073700000205DF808FB00BF4DF808EDFFF7E0FFC7
:1073800094BF012000205DF808FB00BF4DF808ED18
:10739000FFF7CEFF94BF012000205DF808FB00BF7F
:1073A0004DF808EDFFF7C4FF34BF012000205DF861
:1073B00008FB00BF4FEA410C7FEA6C5C02D150EA47
:1073C000013C0AD14FEA430C7FEA6C5C02D152EADD
:1073D000033C02D14FF0000070474FF001007047AE
:1073E0004FEA410212F5001215D211D56FF47873ED
:1073F000B3EB625212D94FEAC12343F0004343EA90
:10740000505311F0004F23FA02F018BF404270476A
:107410004FF00000704750EA013005D111F00040F4
:1074200008BF6FF0004070474FF00000704700BF8A
:107430007BB972B90029BEBF00204FF0004106E0C1
:1074400008BF00281CBF6FF000414FF0FF3000F074
:10745000FDB9ADF1080C6DE904CE002909DB002B64
:107460001ADB00F04DF8DDF804E0DDE9022304B09A
:107470007047404261EB4101002B1BDB00F040F8FC
:10748000DDF804E0DDE9022304B0404261EB410194
:10749000524263EB43037047524263EB430300F0F5
:1074A0002FF8DDF804E0DDE9022304B0404261EB8F
:1074B00041017047524263EB430300F021F8DDF8CD
:1074C00004E0DDE9022304B0524263EB430370475A
:1074D00053B94AB9002908BF00281CBF4FF0FF313B
:1074E0004FF0FF3000F0B2B9ADF1080C6DE904CEF9
:1074F00000F006F8DDF804E0DDE9022304B070478F
:107500002DE9F04F8C46099E04460F46002B48D1CA
:107510008A4215465ED9B2FA82F33BB1C3F120022A
:107520009F409D409C4020FA02F217434FEA154EBF
:107530001FFA85FC220CB7FBFEF10EFB117701FB55
:107540000CF042EA0742904207D9AA1801F1FF372E
:1075500002D2904200F258813946121AA4B2B2FB0C
:10756000FEF00EFB102200FB0CFC44EA0244A44592
:107570000BD92C1900F1FF322CBF01270027A4459D
:1075800002D9002F00F04381104640EA0140A4EBED
:107590000C0400211EB1DC400023C6E90043BDE815
:1075A000F08F8B4206D90EB1C6E9000100210846D2
:1075B000BDE8F08FB3FA83F1002951D16345C0F0E3
:1075C0001681824240F213810846002EE7D0C6E9B8
:1075D0000047E4E7002A00F0AF80B2FA82F3002B04
:1075E00040F0C2808A1A4FEA154EAFB20121200C3A
:1075F000B2FBFEFC0EFB1C2240EA024207FB0CF031
:1076000090420ED9AA180CF1FF382CBF4FF0010997
:107610004FF00009904203D9B9F1000F00F0F0805B
:10762000C446121AA4B2B2FBFEF00EFB102200FBFD
:1076300007F744EA0244A7420ED92C1900F1FF32A1
:107640002CBF4FF0010E4FF0000EA74203D9BEF140
:10765000000F00F0D2801046E41B40EA0C4099E78E
:10766000C1F120058B400CFA01F400FA01F922FA6D
:1076700005F72CFA05FC8A401F4320FA05F3380C65
:1076800023431FFA87FE1C0CBCFBF0F800FB18CC50
:1076900044EA0C4408FB0EFCA4450ED93C1908F141
:1076A000FF3A2CBF4FF0010B4FF0000BA44503D95C
:1076B000BBF1000F00F0B880D046A4EB0C041FFA19
:1076C00083FCB4FBF0F300FB134403FB0EFE4CEA17
:1076D0000444A6450ED93C1903F1FF302CBF4FF0EE
:1076E000010C4FF0000CA64503D9BCF1000F00F0CF
:1076F0009F80034643EA0840A4EB0E04A0FB02EC83
:1077000064457346E04602D307D1F14505D2BEEB8E
:1077100002036CEB070C0138E0465EB1B9EB0302E3
:1077200064EB080404FA05F522FA01F3CC401D438A
:10773000C6E90054002132E742082F464B08AC4608
:1077400042EAC172AE46C407110C92B241EA03414B
:1077500042EA0142B1FBF5F1B3FBF5F01F23A2EBC6
:107760000C0241EA004142E79D40C3F120029940EA
:107770009C402CFA02FC4FEA154E20FA02F2AFB2FE
:10778000BCFBFEF80A430EFB18CC110C41EA0C417D
:1077900008FB07FC8C4550D9691808F1FF302CBF55
:1077A0004FF001094FF000098C4502D9B9F1000FE3
:1077B00030D0A1EB0C01B1FBFEF808FB07FC0EFB7F
:1077C000181192B242EA0142624534D2AA1808F175
:1077D000FF312CBF4FF001094FF000096245BED2C6
:1077E000B9F1000FBBD1A8F102012A44B7E7841A0E
:1077F0006CEB030201201746E7E62C4402382BE726
:10780000ACF1020C2A440CE702392A44A5E62C44C8
:107810000238BAE6A5EB0C0CA8F102006144B1FBFA
:10782000FEF808FB07FCCAE7A8F102083C4444E75D
:10783000023B3C445EE7414691E7A1EB0C01404628
:10784000B1FBFEF808FB07FCB9E700BF704700BFBB
:107850000A434F353330305F52656164494420300C
:10786000782578200A005B492F636F353330305D0F
:1078700020004C4344206D6F64756C652075736502
:1078800020434F35333030204943200A00434F35E1
:107890003330305F52656164506978656C5B256494
:1078A0002C25645D0A00726573756C743A205B2543
:1078B000785D0A00723D25642C20673D25642C20EC
:1078C000623D2564200A0066743631343600693220
:1078D00063310052545F454F4B203D3D207265742B
:1078E000005B452F6472762E6674363134365D2027
:1078F000006674363134362069645F483D2578006F
:107900006674363134362069645F4C3D25780066F4
:1079100074363134365F636865636B006674363184
:1079200034365F636865636B5F74696D65725F6849
:10793000616E646C65006172672070617261206EB7
:10794000756D206572726F720A00616E616C6F678F
:10795000205041203831353520776F726B206D6FA4
:1079600064653D25640A00616E616C6F672050415B
:10797000206D6F6465206572726F72200A00453A4F
:107980005C73747564795C736633325C5369466CFE
:10799000692D53444B5C647269766572735C636DE8
:1079A0007369735C736633326C623532785C62740F
:1079B0005F72665F66756C63616C2E630002030321
:1079C000050506080F0005050E0A1B1F1F1F0045B1
:1079D0003A5C73747564795C736633325C536946E0
:1079E0006C692D53444B5C647269766572735C6399
:1079F0006D7369735C736633326C623532785C62C6
:107A0000745F706F7765725F636F6E6669672E6310
:107A100000453A5C73747564795C736633325C5309
:107A200069466C692D53444B5C6472697665727368
:107A30005C636D7369735C736633326C6235327884
:107A40005C6266305F6C6370755F696E69742E632B
:107A500000453A5C73747564795C736633325C53C9
:107A600069466C692D53444B5C6472697665727328
:107A70005C68616C5C6266305F68616C2E63006399
:107A80006F6E6669672041616E6C6F672044414389
:107A9000506174680A007475726E206F666620709B
:107AA0006C6C0A00636C6F73652041616E6C6F676C
:107AB00020444143506174680A007475726E206FEF
:107AC0006E2072656667656E0A007475726E206F4F
:107AD0006E20706C6C0A00636F6E6669672041618E
:107AE0006E6C6F6720414443506174680A00636C98
:107AF0006F73652041616E6C6F6720414443506134
:107B000074680A0073657420766F6C756D652072F9
:107B10006F7567683A25642C2066696E653A25643E
:107B20002C20636667303A3078257800453A5C73DC
:107B3000747564795C736633325C5369466C692D85
:107B400053444B5C647269766572735C68616C5C0B
:107B50006266305F68616C5F636F727465782E6314
:107B600000453A5C73747564795C736633325C53B8
:107B700069466C692D53444B5C6472697665727317
:107B80005C68616C5C6266305F68616C5F646D61EB
:107B90002E6300453A5C73747564795C73663332A6
:107BA0005C5369466C692D53444B5C64726976651D
:107BB00072735C68616C5C6266305F68616C5F65A3
:107BC0007069632E6300453A5C73747564795C7305
:107BD0006633325C5369466C692D53444B5C647266
:107BE00069766572735C68616C5C6266305F68615F
:107BF0006C5F6932632E6300453A5C737475647917
:107C00005C736633325C5369466C692D53444B5C3C
:107C1000647269766572735C68616C5C6266305F21
:107C200068616C5F6C6364632E6300453A5C7374D7
:107C30007564795C736633325C5369466C692D53A5
:107C4000444B5C647269766572735C68616C5C62FB
:107C500066305F68616C5F6C6370755F636F6E66E2
:107C600069672E6300453A5C73747564795C73666A
:107C700033325C5369466C692D53444B5C647269C2
:107C8000766572735C68616C5C6266305F68616CBB
:107C90005F6C7074696D2E6300453A5C7374756433
:107CA000795C736633325C5369466C692D53444B7F
:107CB0005C647269766572735C68616C5C62663084
:107CC0005F68616C5F6C72635F63616C2E63004C14
:107CD000504379636C65733A206375723D25642067
:107CE00064656C74613D25642C746D703D25640A77
:107CF000004C50206379636C65732025642C2074DC
:107D00006864302025642C20746864312025642C3C
:107D1000207363616C652025640041637475616C38
:107D200020506172613A206375723D25642C206198
:107D300076653D25642C206375725F6261636B75A7
:107D4000702025642C20616C7068612025642C20D3
:107D5000746D70282A3130293D25640D0A00736541
:107D60007420617665004C504379636C65733A20EA
:107D700025642C206176653D25642C20636F756E2B
:107D8000743D256420746D703D25640D0A00453AEC
:107D90005C73747564795C736633325C5369466CEA
:107DA000692D53444B5C647269766572735C6861DB
:107DB0006C5C6266305F68616C5F6D61696C626F9C
:107DC000782E6300453A5C73747564795C7366332E
:107DD000325C5369466C692D53444B5C647269761E
:107DE0006572735C68616C5C6266305F68616C5F71
:107DF000706D752E6300453A5C73747564795C73BD
:107E00006633325C5369466C692D53444B5C647233
:107E100069766572735C68616C5C6266305F68612C
:107E20006C5F74696D2E6300453A5C737475647998
:107E30005C736633325C5369466C692D53444B5C0A
:107E4000647269766572735C68616C5C6266305FEF
:107E500068616C5F756172742E6300453A5C73747F
:107E60007564795C736633325C5369466C692D5373
:107E7000444B5C647269766572735C68616C5C62C9
:107E800066305F7379735F6366672E630077616B3B
:107E900065757000453A5C73747564795C7366331C
:107EA000325C5369466C692D53444B5C6D69646464
:107EB0006C65776172655C73797374656D5C62661D
:107EC000305F636F6D6D6F6E2E63005B452F4442B4
:107ED000475D20004372617368207472696767654B
:107EE0007265640052545F454F4B203D3D206572E2
:107EF000720048505359530A535953434C4B3A203C
:107F0000252E32662563487A0A0048434C4B3A20B6
:107F1000252E32662563487A0A0050434C4B313A8D
:107F200020252E32662563487A0A0050434C4B3296
:107F30003A20252E32662563487A0A000A4C5053AF
:107F400059530A535953434C4B3A20252E32662538
:107F500063487A0A000A424C455359530A5359530D
:107F6000434C4B3A20252E32662563487A0A000A94
:107F70004D656D6F72790A004D5049313A20252EBA
:107F800032662563487A0A004D5049323A20252E40
:107F900032662563487A0A000A4C43440A42616EFD
:107FA0006477696474683A20252E326625636270AE
:107FB000730A0025647825642C20616C69676E3A29
:107FC00025640A00726F756E6420747970652C00E8
:107FD0007265637420747970652C0052474235369F
:107FE000350A005247423838380A004F74686572C3
:107FF00020666F726D61740A002D2D2D2D2D2D2D93
:108000002D53797374656D20696E666F726D61743E
:10801000696F6E2D2D2D2D2D2D2D2D2D0A007069A2
:108020006E5F6972715F6864725F6E756D203C206F
:108030004D41585F50494E5F494E5055545F434E35
:1080400054006974656D2D3E70696E203D3D202D94
:1080500031007062725F70696E5F6972715F68642F
:10806000725F6E756D203E2030005B492F54455382
:10807000542E4750494F5D20006770696F5F696EED
:10808000745F746573742025640A004750494F5F1C
:108090004D4F44455F494E505554004750494F5F3E
:1080A0004D4F44455F4F5554505554004750494F2C
:1080B0005F4D4F44455F4F55545055545F4F4400FA
:1080C0004750494F5F4D4F44455F49545F524953B4
:1080D000494E47004750494F5F4D4F44455F495413
:1080E0005F46414C4C494E47004750494F5F4D4F0A
:1080F00044455F49545F524953494E475F46414C9E
:108100004C494E47004750494F5F4D4F44455F49EA
:10811000545F484947485F4C4556454C00475049D5
:108120004F5F4D4F44455F49545F4C4F575F4C453F
:1081300056454C004750494F5F4D4F44455F554EA3
:108140004B4E4F57004661696C20746F2067657411
:10815000205042525B25645D206D6F64650050497C
:108160004E2025642C2046554E433D25642C205638
:10817000414C3D25642C2025732C2025732C20692F
:1081800072716864723D25782C206172673D257894
:108190000050494E2025642C2046554E433D256411
:1081A0002C2056414C3D25642C2025732C20257312
:1081B0002C206972716864723D2F2C206172673DBA
:1081C0002F0075736167653A2070696E203C6D6F92
:1081D00064657C726561647C77726974657C6D75B9
:1081E000787C7374617475733E2070696E23203CD3
:1081F00076616C75653E00202020202020202065BF
:1082000078616D706C653A2020202020202020208D
:10821000202020202020202020202020202020205E
:10822000202020202020002020202020202020206E
:108230002020202070696E206D6F646520202370DF
:10824000696E203C50494E204D4F44452056414CCC
:108250005545533E20200020202020202020202093
:108260002020202070696E20777269746520237049
:10827000696E203120202020202020202000202076
:10828000202020202020202020202070696E2072B5
:1082900065616420202370696E202020202020202A
:1082A00020202020002020202020202020202020EE
:1082B000202070696E206D75782020202370696EF3
:1082C00020302020202020202020200020202020BE
:1082D00020202020202020202070696E20737461CF
:1082E000747573202370696E2020202020202020A8
:1082F000202000202020202020202020202020209E
:1083000070696E206D75782020202370696E203F83
:10831000202020202020202020002020202020207D
:108320002020202020202070696E207374617475D5
:108330007320616C6C202020202020202020202011
:10834000000A2020202050494E204D4F4445205601
:10835000414C5545533A2020202020202020202029
:1083600020202020202000202020202020202050FD
:10837000494E5F4D4F44455F4F5554505554202052
:108380002020202020202030783030202000202085
:1083900020202020202050494E5F4D4F44455F490A
:1083A0004E5055542020202020202020202030789E
:1083B0003031202000202020202020202050494E35
:1083C0005F4D4F44455F494E5055545F50554C4C9E
:1083D00055502020203078303220200020202020CE
:1083E0002020202050494E5F4D4F44455F494E505C
:1083F00055545F50554C4C444F574E2030783033D5
:10840000202000202020202020202050494E5F4D99
:108410004F44455F4F55545055545F4F44202020E2
:108420002020203078303420200070696E004669AA
:108430006E64206465766963652070696E2066618C
:10844000696C0A007772697465006D7578003F0089
:10845000556E6B6E6F7720636D64210076616C756D
:10846000653D25640A00616C6C00496E76616C693B
:108470006420706172616D657465720A0070627269
:108480005F70696E203C3D2048414C5F5042525F16
:108490004D41580070696E5F7374617465203E3D94
:1084A00020300076616C7565203E3D2030006D6F98
:1084B000646520213D2050494E5F4D4F44455F4F3C
:1084C00055545055545F4F440048414C5F4F4B202A
:1084D0003D3D207374617475730076616C203E3D80
:1084E0002030007062725F70696E203C2033320071
:1084F000747269676765725F70696E5F6E756D2013
:108500003C204D41585F50494E5F494E5055545F95
:10851000434E54006770696F00414E415F494E0001
:108520004449475F494F004449475F494F5F5055B1
:10853000004449475F494F5F5044004449475F4FFB
:108540005554004449475F4F55545F50550073657B
:108550007269616C20213D2052545F4E554C4C0095
:108560007561727420213D2052545F4E554C4C0071
:1085700063666720213D2052545F4E554C4C005B92
:10858000452F6472762E75736172745D2000706C75
:108590006561736520696E7075743A2075617274D7
:1085A000206272205B62617564726174655D200A8D
:1085B00000652E673A207561727420627220333034
:1085C00030303030300A00687561727420213D20EF
:1085D0004E554C4C00726573756C74203D3D2052B5
:1085E000545F454F4B0075617274310074696D655D
:1085F0007220213D2052545F4E554C4C00617267F1
:1086000020213D2052545F4E554C4C005B452F6459
:1086100072762E687774696D65725D200054494DDD
:1086200032207374617274206661696C6564002520
:108630007320696E6974206661696C6564004C50D2
:1086400054494D207374617274206661696C65646D
:1086500000257320726567697374657220666169AD
:108660006C6564006C7074696D31006274696D31A1
:10867000005B452F6472762E70776D5D2000257348
:108680002074696D65206261736520696E6974206C
:108690006661696C656400257320636C6F636B2091
:1086A000696E6974206661696C6564002573207069
:1086B000776D20696E6974206661696C656400631A
:1086C0006F6E66696775726174696F6E2D3E63685F
:1086D000616E6E656C203E203000257820636861F5
:1086E0006E6E656C20256420636F6E666967206618
:1086F00061696C6564002573206572722064656130
:10870000645F74696D65206265796F6E642074685A
:10871000652072616E676520286D61783A25646E08
:10872000732920746861742063616E206265207310
:1087300065740070776D320070776D330062757309
:1087400020213D2052545F4E554C4C0052545F4501
:108750004F4B203D3D2072745F6572725F76005B07
:10876000452F6472762E6932635D20006932632082
:1087700073656D2074696D656F7574210062757322
:10878000206572723A25642C20786665723A2564F9
:108790002F25642C206932635F737461743A2578E5
:1087A0002C206932635F657272636F64653D257862
:1087B00000726573657420616E642073656E642059
:1087C0003920636C6B730048414C5F4F4B203D3D3B
:1087D00020726574006932635F73656D615B695D0A
:1087E0000069326332006932633400677061646328
:1087F000005B492F6472762E6164635D20004765DB
:10880000742041444320636F6E666967757265200A
:108810006661696C0A0064657620213D2052545FD0
:108820004E554C4C005B492F6472762E7274635D1A
:108830002000524331304B20467265713D25646BF8
:10884000487A2C206379636C653D25642C20727412
:10885000632070706D3D25640A00444956413D25F2
:10886000642C20444956415F4652413D25642C20EA
:10887000444956423D25640A007274630052545FB5
:10888000454F4B203D3D20726573756C740050530D
:10889000434C523D307825782044697641493D2546
:1088A000642044697641463D256420423D256400AC
:1088B00052544320757365204C58542C20627574B3
:1088C000204C5854206973206E6F74207265616467
:1088D000790A0052544320757365204C5854205235
:1088E00054435F43523D253038580A00496E69743D
:1088F000205254432C2077616B65203D2025640A6B
:10890000005B452F6472762E7274635D2000727472
:108910006320726567697374657220657272206383
:108920006F64653A20256400457874446D615F7317
:10893000656D6120213D204E554C4C006472765F80
:1089400065446D610074785F696E73203C20484116
:108950004C5F4155445052435F52585F434830008A
:1089600073697A65203C3D20686175647072632D7F
:108970003E627566547853697A650066616C73650A
:10898000002F64796E2F65715F64656275672E6272
:10899000696E002F65712E62696E006275696C6484
:1089A000696E20657120636F6E6669673A0D0A0013
:1089B0006C6F616420657120636F6E6669673A0D44
:1089C0000A00675F6164635F766F6C756D653D2556
:1089D000640D0A00675F6D757369635F737461741A
:1089E000653D25640D0A00675F766F6963655F7397
:1089F000746174653D25640D0A00675F6D75736968
:108A0000635F6D61785F766F6C3D25640D0A00676A
:108A10005F6D757369635F6D61785F766F6C5F6CB6
:108A20006576656C3D25640D0A006D75736963207C
:108A30006C6576656C2025643D25640D0A00675FD2
:108A400074656C5F6D61785F766F6C3D25640D0AAF
:108A500000675F74656C5F6D61785F766F6C5F6CEB
:108A60006576656C3D25640D0A00766F6963652047
:108A70006C6576656C2025643D25640D0A00617582
:108A800064707263005B492F6472762E6175647046
:108A900072635D20007461626C65202564206D65E1
:108AA000657420726571756573740A005B452F6487
:108AB00072762E6175647072635D2000415544507A
:108AC000524320444143206465737420696E76618B
:108AD0006C69642025640A0041554450524320418A
:108AE000444320736F7572636520696E76616C69AB
:108AF000642025640A006266305F617564696F5F97
:108B000073746F7020307825780A00617564707214
:108B10006320636C6F7365206164632F646163001D
:108B200061756470726320636C6F73652064616348
:108B3000006266305F617564696F5F73746F702087
:108B40003078257820646F6E650A006175647072F4
:108B50006320636C6F73652061646300617564708A
:108B60007263206368616E6E656C5F7265663D2539
:108B700064006664203E3D203000726574203D3DF7
:108B80002073697A656F6628657162696E5F696EC8
:108B9000666F5F742900696E707574207061726110
:108BA000206E756D202564203C203300675F6D7555
:108BB0007369635F73746174653D256400675F76F4
:108BC0006F6963655F73746174653D2564006172EC
:108BD00067765B325D206C656E206572726F720025
:108BE000617267765B325D202564206E6F74206948
:108BF0006E20302D390076616C75653A30782530FD
:108C000038782C3078253038782C30782530387802
:108C10002C3078253038782C307825303878006141
:108C20007072635F64656275675F766F6C5F7720F3
:108C30007375636365737300617072635F6465620B
:108C400075675F766F6C2025640A006D75736963C4
:108C500020766F6C756D655B25645D3D25640061F4
:108C60007072635F64656275675F76657273696F62
:108C70006E2025730A00617072635F7277206661EF
:108C8000696C00617072635F7277207375636365EE
:108C9000737300696E6974203030204144435F5023
:108CA0004154485F4346473020307825780A0048D1
:108CB000414C5F4155445052435F496E6974207284
:108CC00065732025640A006765745F6D69635F766C
:108CD0006F6C756D65203D20666163746F727920DD
:108CE0002D340D0A006765745F6D69635F766F6C84
:108CF000756D65203D20256464620D0A006861750C
:108D0000647072632D3E6275665B48414C5F4155ED
:108D1000445052435F52585F4348305D006861756C
:108D2000647072632D3E6275665B48414C5F4155CD
:108D3000445052435F54585F4348305D006D69634F
:108D4000206761696E3D256464620D0A006D696388
:108D5000206761696E207265673D3078253038780C
:108D60000D0A00736574206D6963206761696E2068
:108D7000746F20256464620D0A004144435F5041D2
:108D800054485F434647303D307825780D0A0070DF
:108D9000757473697A65203D3D20310073616D7093
:108DA0006C6572617465203D2025642C2073656CB0
:108DB000656374206D757369632065710A00736162
:108DC0006D706C6572617465203D2025642C207384
:108DD000656C65637420766F6963652065710A0050
:108DE00073616D706C65726174653A256420756E8F
:108DF000737570706F72742065710A002D2D2D2DA2
:108E00002D747820646D612073697A65203D20257A
:108E10006400706C6C206C6F636B206661696C2100
:108E20000A00706C6C206C6F636B210A0063616CCC
:108E30006C207061722043464731282578290D0A3D
:108E40000066632025642C207874616C2025642CD6
:108E500020706C6C2025640D0A00617564636F647A
:108E60006563005B492F6472762E617564636F647D
:108E700065635D20006461632073657420766F6CA8
:108E8000756D653A207072633D256420636F64657B
:108E9000633D25640A00636F646563206461632039
:108EA0006D757465207365743A25640A0061756494
:108EB000636F64656320636C6F7365206461630036
:108EC000617564636F646563206368616E6E656C71
:108ED0005F7265663D256400617564636F646563F8
:108EE00020636C6F7365206164630048414C5F418F
:108EF0005544434F4445435F496E6974207265731E
:108F00002025640A0073657420766F6C756D653D6D
:108F100025640A0074785F696E73203C2048414CD8
:108F20005F415544434F4445435F4144435F434899
:108F30003000287364696E203E3D203029202626AB
:108F400020287364696E203C3D20307846464646B2
:108F5000462900667265712064656C74613D256404
:108F60000A00706C6C206C6F636B206661696C2109
:108F700020667265715F747970653A25640A0070C5
:108F80006C6C206C6F636B2120667265715F747905
:108F900070653A25640A00656E61626C6520706CCC
:108FA0006C200A006E657720504C4C5F454E414264
:108FB0004C452076636F3A25642C20667265715F9C
:108FC000747970653A25640A006164635F6366675B
:108FD0002D3E73616D706C6572617465203D3D203E
:108FE0006461635F6366672D3E73616D706C65726B
:108FF00061746500706C6C20636F6E6669672073C6
:10900000746174653A25642C2073616D706C6572AF
:109010006174653A2564200A0052545F4E554C4CE9
:1090200020213D206C636463004C434443206572FF
:10903000726F7220636F646520257800556E6B6EC9
:109040006F7720636D64202564006C63646C6967CE
:10905000687400705F6472766C6364006472765F3B
:109060006C6364006472765F6C63642E6D71006C77
:1090700063645F7461736B006C63645F64726177D7
:10908000006C63645F6D73670045786974206C6F72
:1090900077706F776572206D6F64652065727220DE
:1090A00025640030203D3D20705F6472766C6364FF
:1090B0002D3E73656D2E76616C756500456E746529
:1090C00072206C6F77706F776572206D6F646520AA
:1090D000657272202564006C63645F72726567203C
:1090E0003C7265675F616464723E203C7265675FD5
:1090F000616464725F6C656E3E203C646174615FA4
:109100006C656E3E007265675F6C656E2073686F9C
:10911000756C6420626520317E34007265675F6122
:109120006464725B307825785D206F766572666C5A
:109130006F773F204D6178696D756D207265675F4F
:10914000616464725F6C656E2069732025642062BF
:109150007974652873292E006C63645F7272656789
:109160002564205B25785D20256428627974652953
:109170000052545F454F4B203D3D2072745F657235
:1091800072005350492F44424920725F66726571E4
:109190003D256400726573756C743D253038780A1E
:1091A000004552524F523D25640A005B492F44420C
:1091B000475D20006761702025303264206D732C7C
:1091C000207365745F77696E646F772078307831CB
:1091D000793079315B25642C25642C25642C256439
:1091E0005D00286E65775F7830203C3D206E6577A6
:1091F0005F78312920262620286E65775F79302018
:109200003C3D206E65775F79312900286E65775F78
:109210007831202D206E65775F7830202B20312922
:10922000203C3D206472765F6C63642E705F6472D4
:10923000765F6F70732D3E6C63645F686F72697ADE
:109240006F6E616C5F72657300286E65775F793150
:10925000202D206E65775F7930202B203129203C2E
:109260003D206472765F6C63642E705F6472765F1B
:109270006F70732D3E6C63645F76657274696361B1
:109280006C5F72657300526F746174652025642091
:10929000646567726565004572726F722C20436C5D
:1092A00065617220705F6472765F6F7073202578DD
:1092B0002C2073656D5F763D2564006972715F6572
:1092C0006E3D2578004C434443315F6972715F65A0
:1092D0006E3D25782C206163746976653D25782C78
:1092E0002070656E64696E673D257800686C636404
:1092F0006320657272636F64653D25782C206C6F06
:10930000636B3D25782C2073746174653D2578006E
:109310004C434443205354415455533D25782C54D9
:10932000453D25780048414C2064626720636E7497
:109330002025782C2025782C202578004452562092
:1093400064626720636E742025782C2025782C2099
:109350002578004C4344432043414E56415320540A
:109360004C3D25782C42523D25782C534554544988
:109370004E473D25782C4952513D2578004C4344B9
:1093800043204C4159455230204346473D25782CD7
:10939000544C3D25782C42523D25782C5352433D68
:1093A00025782C4445433D2578004C434443204CCC
:1093B0004159455231204346473D25782C544C3D78
:1093C00025782C42523D25782C5352433D25780078
:1093D00053656E644C6179657244617461204572B5
:1093E000726F72006261636B6C6967745F7365743E
:1093F000202564250070776D5F636F6E6669672056
:1094000063683D25642C7065726F69643D25642C2A
:1094100070756C73653D2564006261636B6C696790
:10942000745F67657420256425006C63645F7772E0
:109430006567203C7265675F616464723E203C72C0
:1094400065675F616464725F6C656E3E205B64613A
:109450007461305D205B64617461315D202E2E2E5D
:10946000205B64617461335D006C63645F77726577
:10947000672564207265675B25785D202564286216
:109480007974652900446F6E652E0A0073656E64F9
:10949000206D73675B25645D20746F206C636420AE
:1094A0006572723A25642C202564206D7367732ED3
:1094B000005B25645D2069643A25642C7469636BE4
:1094C0003A25642C6472763A2578004765742065E5
:1094D00072726F722025640048414C5F4F4B203DF3
:1094E0003D206572720048414C5F4C4344435F53DA
:1094F000544154455F4255535920213D20647276B2
:109500005F6C63642E686C6364632E53746174656E
:1095100000736574206272696768746E6573732086
:10952000256400485720636C6F73650048572063BB
:109530006C6F736520646F6E652E004857206F70E6
:10954000656E005B572F4442475D20004E6F204CF4
:10955000434420647269766572207265676973742A
:10956000657265642100547279207265676973744D
:1095700065726564204C4344206472697665722E7E
:109580002E2E0046726F6365204C4344206D697334
:1095900073696E672100466F756E64206C6364208A
:1095A00025732069643A25786800547279206C63C9
:1095B000642025732C20726561642069643A2578E3
:1095C000682C206578706563743A25786800756E3C
:1095D0006B6E6F77206C63642100496E6974204C58
:1095E0004344202573004857206F70656E20646FD8
:1095F0006E652E00556E6B6E6F77006472765F6CD1
:1096000063642E73746174757320213D204C434450
:109610005F5354415455535F444953504C41595F33
:1096200054494D454F5554005B25735D202D3E2018
:109630005B25735D006C63645F6374726C205B4FC9
:109640005054494F4E5D205B56414C55455D0A00D4
:10965000202020204F5054494F4E3A6F6E2C6F6699
:10966000662C62720A006C636420646576696365C7
:10967000206E6F7420666F756E640A006F66665F99
:109680006F6E00276C63646C69676874272064657B
:1096900076696365206272696768746E65737320AA
:1096A0006C6576656C3D2564005265616420276CAD
:1096B00063646C69676874272064657669636520F4
:1096C0006272696768746E657373206C6576656C29
:1096D000206661696C004E6F20276C63646C69675B
:1096E0006874272064657669636520666F756E64AB
:1096F0002E006472765F6C6364207265636F7264BF
:10970000206272696768746E657373206C65766534
:109710006C3D256400726F74617465006C63645FF6
:109720006374726C20726F74617465203138300A12
:10973000006C6F67006C6F672025640A00667265B5
:109740007100667265712025640A0074653D2025EC
:10975000640A006173736572740061737365727477
:109760003D2025640A00667073006670735F6C6F3D
:10977000673D2025640A006E6F5F64726177007335
:109780006B69705F647261775F636F72653D2025FE
:10979000640A00646973706C6179206F66660064A6
:1097A0006973706C6179206F6E00706978656C7395
:1097B00020213D204E554C4C00287830203C3D2047
:1097C00078312920262620287930203C3D20793107
:1097D000290030203D3D20705F6472766C63642DFB
:1097E0003E647261775F6C6F636B00455344206524
:1097F00072726F7220256400647261775F636F72AA
:1098000065206275663D257820646F6E652C206347
:109810006F73743D25642872745F7469636B732978
:10982000004175746F207475726E206F6E206469CC
:1098300073706C61792E00647261775F636F72651B
:109840002074696D656F75740052545F454F4B20ED
:109850003D3D2065727232006C63645F74696D65B2
:109860006F75745F6572726F722025732C2025648A
:1098700000436C65617220705F6472765F6F707315
:1098800000705F6472766C63642D3E705F64727604
:109890005F6F707320213D204E554C4C00705F640B
:1098A00072766C63642D3E705F6472765F6F707366
:1098B0002D3E705F6F70732D3E54696D656F7574CA
:1098C000526573657420213D204E554C4C006472E6
:1098D00061775F636F72652074696D656F75742061
:1098E0007265736574204C4344205354415254288C
:1098F00025642900647261775F636F726520746903
:109900006D656F7574207265736574204C434420D7
:1099100020454E44006670733D25642C666C75735B
:10992000685F74696D655B25647E25645D2C657276
:10993000725F636E743D256400436C6F7365204CE9
:10994000434420746F207361766520706F77657271
:1099500000506F776572206F6E00506F77657220D0
:109960006F6E20646F6E652E00506F776572206F8A
:10997000666600506F776572206F666620646F6E52
:10998000650069646C65206D6F6465206F6E3D25B0
:109990006400536574206C63642070726573656E37
:1099A0007420256400536574206173736572745F5D
:1099B00074696D656F7574202564002149535F4C8F
:1099C0004344435F4F46462829004261636B6772F8
:1099D0006F756E6425642C25642C256400696E66A1
:1099E0006F2D3E647261775F616C69676E203E2007
:1099F00030006172677320213D204E554C4C004F62
:109A000050454E494E47004E4F545F46494E440024
:109A1000494E495449414C495A4544004F46460035
:109A200049444C454D4F4445006472765F6C636415
:109A30005F74657374203C6C6F6F705F636E743E0F
:109A4000203C746573745F67726F75703E006C6361
:109A50006473656D004C636420696E666F20773AAD
:109A600025642C206825642C20626974735F7065FE
:109A7000725F706978656C2025640D0A006C636400
:109A8000745F61006C6364745F62006C6364745F34
:109A900063006C6364745F64006C6364745F65008E
:109AA0006C6364745F66006C6364745F67006C630E
:109AB00064745F680043616E27742066696E642079
:109AC0006C636400412E506C7567206F7574204C78
:109AD00043442E2074797065282564292E00525441
:109AE0005F454F4B203D3D2072745F64657669632E
:109AF000655F6F70656E286C63645F64657669632B
:109B0000652C2052545F4445564943455F4F464CAF
:109B100041475F524457522900422E2045786563E1
:109B2000757465204C434420617420706C75672007
:109B30006F75742073746174652E20747970652854
:109B400025642900432E20506C756720696E204CD7
:109B500043442E20747970652825642900442E2002
:109B6000526573756D6520627920646576696365F9
:109B700020636C6F7365266F70656E00442E2052F3
:109B80006573756D6520627920504F574552204F9F
:109B90004646264F4E00452E2044726177204C43A6
:109BA0004420617420706C756720696E2073746145
:109BB0007465287479706525642C206D6574686FF0
:109BC00064202564292E00746F756368001B5B3365
:109BD000316D5B452F544F5543485D2000746F75C0
:109BE00063685F696E6974206661696C65642C20C6
:109BF0006572723D25640A001B5B306D0A0074704B
:109C00005F6F6E00696E69745F7461736B20213DD4
:109C1000204E554C4C0074705F6F6666001B5B33C2
:109C2000326D5B492F544F5543485D2000526F748D
:109C30006174655F656E3D25642C205B78307930FA
:109C40003A25642C25642C20783179313A25642C0E
:109C500025645D00746F7563682062756666657261
:109C6000206F75745B25645D5B25642C2025642062
:109C700025645D0A001B5B33336D5B572F544F55D2
:109C800043485D2000746F75636820627566666581
:109C900072206F76657277726974655B25642C201B
:109CA00025642025645D2077697468205B25642C19
:109CB0002025642025645D0A00746F756368206246
:109CC000756666657220696E5B25645D5B25642C34
:109CD0002025642025645D0A0074706C636B006D40
:109CE0006F72655F646174615F6C6F636B20213DAF
:109CF000204E554C4C0074705F6374726C00617040
:109D0000695F6C6F636B20213D204E554C4C007495
:109D10007072656164007470206472697665723D6A
:109D200025702C7573725F646174613D2570006CE1
:109D3000617374207265636F7264206576656E74FA
:109D40003D25642C783A25642C793A25645D0074AD
:109D5000705F6374726C205B4F5054494F4E5D20AE
:109D60005B56414C55455D0A0A004578616D706C43
:109D7000653A0A002020202074705F6374726C20A2
:109D80006F6E2020202020202D20506F77657220BC
:109D90006F6E2074700A002020202074705F63743E
:109DA000726C206F666620202020202D20506F7757
:109DB0006572206F66662074700A0020202020746F
:109DC000705F6374726C206C6F6720202020202DE0
:109DD00020546F67676C65206C6F670A0020202035
:109DE0002074705F6374726C20636C69636B203CD9
:109DF000783E203C793E20202D20436C69636B2007
:109E000061742073706563696669656420636F6F50
:109E10007264696E61746573203C783E203C793EC3
:109E20000A002020202074705F6374726C20736CB1
:109E3000696465203C78313E203C79313E203C7895
:109E4000323E203C79323E20202D20536C696465DF
:109E50002066726F6D203C78313E203C79313E2087
:109E6000746F203C78323E203C79323E0A004E6FBF
:109E700020746F7563682070616E656C20666F7505
:109E80006E6421200A00656E61626C655F74705FAC
:109E90006275665F6C6F673D256400636C69636B18
:109EA00000546F6F206C65737320706172616D2C4C
:109EB00020652E673A2074705F6374726C20636C47
:109EC00069636B203C783E203C793E00436C6963BB
:109ED0006B65642061742025642C256400736C69B3
:109EE000646500546F6F206C6573732070617261DC
:109EF0006D2C20652E673A2074705F6374726C203D
:109F0000736C696465203C78313E203C79313E2099
:109F10003C78323E203C79323E00536C69646520C7
:109F200066726F6D652025642C2564202D2D3E20E2
:109F30002025642C25640046696E6420746F756367
:109F4000682073637265656E206472697665722E2F
:109F50002E2E0050726F6265202578006E6F20747F
:109F60006F7563682073637265656E206F7220641D
:109F70006F206E6F74206861766520647269766503
:109F8000720063757272656E745F64726976657271
:109F90002D3E6973725F73656D00746F7563682021
:109FA00073637265656E20666F756E642064726996
:109FB000766572202025702C2025730063757272DF
:109FC000656E745F6472697665722D3E6F70732D75
:109FD0003E696E697400506F77657220757000502D
:109FE0006F77657220757020646F6E652E00436C0C
:109FF0006F736500436C6F7365642E004F70656E00
:10A00000004F70656E65642E0074705F696E6974D0
:10A010000074705F696E69745F6C6F636B20213DC3
:10A02000204E554C4C0074705F696E6974206572E7
:10A03000726F720052656769737420746F7563681C
:10A040002073637265656E206472697665722C2078
:10A0500070726F62653D25702000506F77657220C9
:10A060006F666620646F6E652E00616E676C653D7D
:10A0700025642C7363616C655F78793D25642C25BC
:10A08000642C207069766F745F78793D25642C2587
:10A09000642C206D6972726F725F68763D25642C46
:10A0A00025640025732063663D307825782C646133
:10A0B00074613D307825782C746F74616C5F773DE6
:10A0C00025642C617265615B783079302825642CB9
:10A0D0002564292C783179312825642C2564295D63
:10A0E00020667261635B25782C25785D00636F6C58
:10A0F0006F725F656E3D25642C207267625B257808
:10A100002C25782C25785D2C2061783D25642C2029
:10A110004C385F7461623D307825782C206461741E
:10A12000615F73697A653D3078257800616C70688D
:10A13000613D2564200D0A0030203D3D2065706999
:10A14000635F73656D612E76616C7565006570691E
:10A1500063006472765F657069635F636667205B46
:10A160004F5054494F4E5D205B56414C55455D0064
:10A1700020205B4F5054494F4E5D3A0021455049D5
:10A18000435F49535F455A49505F434F4C4F525FBD
:10A190004D4F444528705F6C617965722D3E636F49
:10A1A0006C6F725F6D6F6465290021455049435F94
:10A1B00049535F5955565F434F4C4F525F4D4F4483
:10A1C0004528705F6C617965722D3E636F6C6F72AC
:10A1D0005F6D6F6465290030203D3D20286F666605
:10A1E0007365745F626974732026203078372900A4
:10A1F000657069635F73706C69745F72656E6465C6
:10A20000722041424F525445442C206572723D25C4
:10A2100064004C696E652025642C20636F73742084
:10A220002564206D730D0A007072696E745F67702B
:10A23000755F6572726F725F696E666F00657069D7
:10A240006320213D204E554C4C0045706963206EC3
:10A250006F742072656164792025642C2048572032
:10A2600062757379203D25642C204572726F7243AC
:10A270006F646520256400564C2053524320257896
:10A280002C2078307930783179315B25642C256445
:10A290002C25642C25645D004C25642053524320FA
:10A2A00025782C2078307930783179315B25642C11
:10A2B00025642C25642C25645D004C3220535243C8
:10A2C0002025782C2078307930783179315B2564FD
:10A2D0002C25642C25642C25645D0025642069737D
:10A2E00020457A697028303A564C20313A4C30205B
:10A2F000323A4C3120333A4C3229004570696320A0
:10A3000069732072656164790068657A69702021DB
:10A310003D204E554C4C00457A6970206E6F74207C
:10A3200072656164792025642C204857206275731A
:10A33000793D25782C204572726F72436F646520D9
:10A3400025786800457A69702069732072656164B8
:10A350007900657069635F6F705F686973746F72AD
:10A3600079206375723D256400686973745B2564A8
:10A370005D00455049435F4F505F524F544154492F
:10A380004F4E202020616C7068613D256400666737
:10A390000062670064737400455049435F4F505F2B
:10A3A000424C454E44494E47202020616C70686104
:10A3B0003D256400455049435F4F505F46494C4C32
:10A3C000494E470063663D307825782C646174619E
:10A3D0003D307825782C746F74616C5F773D25640F
:10A3E0002C77683D25642C25642C617267625B259F
:10A3F000782C25782C25782C25785D00455049430C
:10A400005F4F505F46696C6C477261640063663DE4
:10A41000307825782C646174613D307825782C740F
:10A420006F74616C5F773D25642C77683D25642CE3
:10A43000256400455049435F4F505F424C454E44B0
:10A44000494E475F45582020206C617965725F6EE8
:10A45000756D3D2564006F757470757400455049C5
:10A46000435F4F505F434F50590073726300455034
:10A4700049435F4F505F5452414E53464F524D2017
:10A4800020206C617965725F6E756D3D2564006892
:10A490006F725F706174683D2570207665725F70C1
:10A4A0006174683D257020757365725F64617461C5
:10A4B0003D257000455049435F4F505F434F4E5418
:10A4C0005F424C454E44494E4700457A6970206EC4
:10A4D0006F74206F70656E00457A697020737263C7
:10A4E0003D25782C20617265612078307930783193
:10A4F00079315B25642C25642C25642C25645D0052
:10A50000747970652025642028317E343A657A6933
:10A51000702C20353A61657A6970292077696474F6
:10A52000683A25642C206865696768743A25640078
:10A53000646174612073697A653D257800657A6984
:10A54000705F6275665F66756C6C3D256400457A68
:10A5500069702063757220783A25642C20793A2539
:10A560006400454F46204952513D25782C204D41ED
:10A57000534B3D25780045706963206E6F74206FE2
:10A5800070656E00233000776169745F6770755F76
:10A59000646F6E652074696D656F7574282D32293E
:10A5A0003F206572723D2564006472765F67707546
:10A5B000206F70656E65642E0031203D3D20647211
:10A5C000765F657069635F696E6974656400657064
:10A5D00069632D3E537461746520213D2048414CD0
:10A5E0005F455049435F53544154455F4255535969
:10A5F00000657069632D3E68657A69702D3E5374FD
:10A6000061746520213D2048414C5F455A49505FA7
:10A6100053544154455F42555359006472765F6705
:10A62000707520636C6F7365642E006165735F7372
:10A63000656D6120213D204E554C4C006165735F76
:10A6400064727600636C6B5F73657474696E670027
:10A6500048414C20617373657274696F6E20666146
:10A66000696C656420696E2066696C653A25732C97
:10A67000206C696E65206E756D6265723A25642086
:10A680000A00453A5C73747564795C736633325CB6
:10A690005369466C692D53444B5C72746F735C72E2
:10A6A000747468726561645C6273705C7369666C13
:10A6B000695C647269766572735C6472765F636FFD
:10A6C0006D6D6F6E2E630053657269616C3A25780B
:10A6D0002C436869703A25782C5061636B6167651B
:10A6E0003A25782C5265763A257820205265617398
:10A6F0006F6E3A253038780D0A005B452F6472760C
:10A700005D200055736167653A207265676F702040
:10A7100072656164203C616464726573733E203CC1
:10A720006C656E20696E20776F72642833322D62FB
:10A730006974293E0A0055736167653A207265673E
:10A740006F70207772697465203C61646472657310
:10A75000733E203C6461746120696E206269672DDC
:10A76000656E6469616E3E0A0055736167653A20E3
:10A770007265676F70207772697465346C203C6114
:10A780006464726573733E203C6461746120696E19
:10A79000206C6974746C652D656E6469616E2C2023
:10A7A0006D617820342062797465733E0A006170AF
:10A7B000705F73657474696E675F646C76705F73E5
:10A7C00065745F6A6C696E6B5F756172745F7377D5
:10A7D0006974636828504131383D25782C504131E7
:10A7E000393D257829200D0A005377697463682064
:10A7F000746F204A6C696E6B200D0A007365676781
:10A8000065720053776974636820746F204442470F
:10A810002055415254200D0A0030303030004C6F2A
:10A82000636B6564210D0A0025303858200077726B
:10A83000697465346C006465627567005369666CA1
:10A840006900756E6C6F636B00556E6C6F636B2186
:10A850000D0A007365745F70777200626C656272D6
:10A8600000656472007365742074787077722025B7
:10A87000642C20737461742025640D0A0048656C93
:10A880006C6F20776F726C64210A006D61696E00D5
:10A8900074696420213D2052545F4E554C4C007227
:10A8A000745F6F626A6563745F6765745F74797003
:10A8B0006528266465762D3E706172656E74292068
:10A8C0003D3D2052545F4F626A6563745F436C6123
:10A8D00073735F4465766963650072745F6F626A63
:10A8E0006563745F69735F73797374656D6F626AB2
:10A8F00065637428266465762D3E706172656E749A
:10A900002900696E666F726D6174696F6E20213DFA
:10A910002052545F4E554C4C00546F20696E697440
:10A9200069616C697A65206465766963653A257347
:10A93000206661696C65642E2054686520657272BA
:10A940006F7220636F64652069732025640A006458
:10A9500065762D3E7265665F636F756E7420213D6E
:10A9600020300046756E6374696F6E5B25735D20E1
:10A970007368616C6C206E6F7420626520757365FE
:10A980006420696E204953520A007469646C650042
:10A9900073656D20213D2052545F4E554C4C00761E
:10A9A000616C7565203C2030783130303030550096
:10A9B00072745F6F626A6563745F6765745F7479F0
:10A9C0007065282673656D2D3E706172656E742EFC
:10A9D000706172656E7429203D3D2052545F4F6254
:10A9E0006A6563745F436C6173735F53656D617017
:10A9F000686F72650072745F6F626A6563745F6925
:10AA0000735F73797374656D6F626A65637428260A
:10AA100073656D2D3E706172656E742E7061726526
:10AA20006E74290072745F6F626A6563745F697324
:10AA30005F73797374656D6F626A656374282673DA
:10AA4000656D2D3E706172656E742E706172656EFB
:10AA50007429203D3D2052545F46414C53450046E9
:10AA6000756E6374696F6E5B25735D207368616CCE
:10AA70006C206E6F7420626520757365642062655A
:10AA8000666F7265207363686564756C65722073A8
:10AA9000746172740A0046756E6374696F6E5B252B
:10AAA000735D207368616C6C206E6F74206265202A
:10AAB0007573656420696E20437269746963616CA3
:10AAC0000A0046756E6374696F6E5B25735D207353
:10AAD00068616C6C206E6F742062652075736564AC
:10AAE000207768696C6520696E7465727275707420
:10AAF0002069732064697361626C65640A006D7516
:10AB000074657820213D2052545F4E554C4C0072A4
:10AB1000745F6F626A6563745F6765745F74797090
:10AB20006528266D757465782D3E706172656E744A
:10AB30002E706172656E7429203D3D2052545F4F26
:10AB4000626A6563745F436C6173735F4D757465AE
:10AB5000780072745F6F626A6563745F69735F73B4
:10AB6000797374656D6F626A65637428266D757498
:10AB700065782D3E706172656E742E706172656EBF
:10AB80007429006D7120213D2052545F4E554C4C6C
:10AB90000072745F6F626A6563745F6765745F7487
:10ABA00079706528266D712D3E706172656E742E08
:10ABB000706172656E7429203D3D2052545F4F6272
:10ABC0006A6563745F436C6173735F4D6573736132
:10ABD000676551756575650072745F6F626A65635C
:10ABE000745F69735F73797374656D6F626A6563AF
:10ABF0007428266D712D3E706172656E742E7061C1
:10AC000072656E74290072745F6F626A6563745F47
:10AC100069735F73797374656D6F626A65637428B5
:10AC2000266D712D3E706172656E742E7061726555
:10AC30006E7429203D3D2052545F46414C534500DF
:10AC400062756666657220213D2052545F4E554CF8
:10AC50004C0073697A6520213D203000746872656C
:10AC600061642D3E6572726F72203D3D2052545FCB
:10AC7000454F4B0072745F696E74657272757074C3
:10AC80005F6E657374203E203000284E554C4C2971
:10AC9000000A205C207C202F0A002D205369466C7E
:10ACA0006920436F72706F726174696F6E0A004D34
:10ACB0006172203238203230323600202F207C2042
:10ACC0005C20202020206275696C64206F6E202536
:10ACD000732C2025642E25642E2564206275696CF2
:10ACE000642025730A006665663763313966002083
:10ACF00032303230202D203230323220436F7079A2
:10AD00007269676874206279205369466C6920749F
:10AD100065616D0A0054687265616420496E666FF2
:10AD200020202020202020200A004D61696C626FC5
:10AD30007820496E666F202020202020200A004DB8
:10AD4000657373616765517565756520496E666FDA
:10AD500020200A004D7574657820496E666F2020AA
:10AD6000202020202020200A0053656D6170686F2C
:10AD7000726520496E666F20202020200A004D65F4
:10AD80006D6F727920496E666F20202020200A00A6
:10AD9000417373657274696F6E206661696C656476
:10ADA0002061742066756E6374696F6E3A25732C2A
:10ADB000206C696E65206E756D6265723A2564203F
:10ADC0002C282573290A0050726576696F757320E7
:10ADD00049535220656E61626C652025780A0074C3
:10ADE0006F74616C206D656D6F72793A20256420F7
:10ADF0000075736564206D656D6F7279203A20254A
:10AE00006420006D6178696D756D20616C6C6F6395
:10AE100061746564206D656D6F72793A2025640AEE
:10AE2000002872745F75696E74385F74202A296D0A
:10AE3000656D203E3D20686561705F70747200280A
:10AE400072745F75696E74385F74202A296D656D40
:10AE5000203C202872745F75696E74385F74202AF4
:10AE600029686561705F656E64006D656D2D3E7566
:10AE7000736564203D3D20300068656170006D653C
:10AE80006D20696E69742C206572726F7220626524
:10AE900067696E2061646472657373203078257809
:10AEA0002C20616E6420656E642061646472657339
:10AEB0007320307825780A002872745F75696E7483
:10AEC00033325F74296D656D202B2053495A454FED
:10AED000465F5354525543545F4D454D202B2073CC
:10AEE000697A65203C3D202872745F75696E743301
:10AEF000325F7429686561705F656E6400287274E2
:10AF00005F75696E7433325F7429282872745F75B7
:10AF1000696E74385F74202A296D656D202B20536B
:10AF2000495A454F465F5354525543545F4D454D22
:10AF30002920252052545F414C49474E5F53495ABE
:10AF400045203D3D20300028282872745F75696EC9
:10AF50007433325F74296D656D2920262028525480
:10AF60005F414C49474E5F53495A45202D203129B6
:10AF700029203D3D20300028282872745F75696EB5
:10AF80007433325F7429726D656D29202620285232
:10AF9000545F414C49474E5F53495A45202D20315B
:10AFA0002929203D3D2030002872745F75696E7438
:10AFB000385F74202A29726D656D203E3D2028720D
:10AFC000745F75696E74385F74202A2968656170D2
:10AFD0005F707472202626202872745F75696E7403
:10AFE000385F74202A29726D656D203C20287274A8
:10AFF0005F75696E74385F74202A29686561705FB7
:10B00000656E6400746F2066726565206120626100
:10B0100064206461746120626C6F636B3A0A006D36
:10B02000656D3A203078253038782C20757365644A
:10B0300020666C61673A2025642C206D6167696326
:10B0400020636F64653A203078253034780A006DCB
:10B05000656D2D3E75736564006D656D2D3E6D618A
:10B06000676963203D3D20484541505F4D41474958
:10B070004300484541505F4D41474943203D3D20F5
:10B08000282873747275637420686561705F6D65DC
:10B090006D202A2926686561705F7074725B6D652A
:10B0A0006D2D3E6E6578745D292D3E6D6167696317
:10B0B000006F626A20213D206F626A656374006FD1
:10B0C000626A65637420213D2052545F4E554C4C9A
:10B0D0000021286F626A6563742D3E747970652063
:10B0E000262052545F4F626A6563745F436C6173DC
:10B0F000735F537461746963290074687265616475
:10B1000020213D2052545F4E554C4C0074687265AE
:10B1100061643A257320737461636B206F76657286
:10B12000666C6F770A007761726E696E673A2025E8
:10B130007320737461636B20697320636C6F736534
:10B1400020746F2074686520626F74746F6D206F57
:10B150006620737461636B20616464726573732E1F
:10B160000A00287468726561642D3E7374617420EE
:10B17000262052545F5448524541445F5354415431
:10B180005F4D41534B29203D3D2052545F5448525E
:10B190004541445F53555350454E440072745F6FB0
:10B1A000626A6563745F6765745F74797065282887
:10B1B00072745F6F626A6563745F74297468726524
:10B1C000616429203D3D2052545F4F626A6563747B
:10B1D0005F436C6173735F5468726561640072747D
:10B1E0005F6F626A6563745F69735F7379737465B7
:10B1F0006D6F626A656374282872745F6F626A6536
:10B2000063745F742974687265616429203D3D2010
:10B2100052545F46414C5345007468726561642026
:10B22000213D202669646C6500287468726561643C
:10B230002D3E7374617420262052545F5448524549
:10B2400041445F535441545F4D41534B29203D3D90
:10B250002052545F5448524541445F494E4954007E
:10B260007072696F72697479203C2052545F54483F
:10B27000524541445F5052494F524954595F4D41E4
:10B280005800737461636B5F737461727420213D45
:10B290002052545F4E554C4C0072745F6F626A6569
:10B2A00063745F6765745F74797065282674696D6F
:10B2B00065722D3E706172656E7429203D3D20528D
:10B2C000545F4F626A6563745F436C6173735F546C
:10B2D000696D65720072745F6F626A6563745F693D
:10B2E000735F73797374656D6F626A656374282622
:10B2F00074696D65722D3E706172656E742900729D
:10B30000745F6F626A6563745F69735F7379737486
:10B31000656D6F626A656374282674696D65722D48
:10B320003E706172656E7429203D3D2052545F4627
:10B33000414C53450074696D65722D3E696E6974A8
:10B340005F7469636B203C2052545F5449434B5FE8
:10B350004D4158202F20320074696D6572006D6573
:10B360006D206D616E616765206661756C743A0A67
:10B37000005343425F434653525F4D4653523A3067
:10B38000782530325820004941434356494F4C20DC
:10B39000004441434356494F4C20004D554E5354B1
:10B3A0004B45525220004D53544B455252200053AE
:10B3B00043422D3E4D4D41523A253038580A002027
:10B3C00073703A203078253038780A007073723AFA
:10B3D000203078253038780A007230303A203078C2
:10B3E000253038780A007230313A203078253038EC
:10B3F000780A007230323A203078253038780A00E6
:10B400007230333A203078253038780A0072303480
:10B410003A203078253038780A007230353A2030BA
:10B4200078253038780A007230363A203078253066
:10B4300038780A007230373A203078253038780A68
:10B44000007230383A203078253038780A0072306F
:10B45000393A203078253038780A007231303A2075
:10B460003078253038780A007231313A203078252A
:10B470003038780A007231323A2030782530387806
:10B480000A00206C723A203078253038780A002083
:10B4900070633A203078253038780A006861726429
:10B4A000206661756C74206F6E20746872656164CB
:10B4B0003A2025730D0A0D0A0068617264206661E6
:10B4C000756C74206F6E2068616E646C65720D0A15
:10B4D0000D0A003D3D3D3D3D3D3D3D3D3D3D3D3D3C
:10B4E0003D3D3D3D3D3D3D3D0A005053503A2030ED
:10B4F0007825702C204D53503A20307825700A0062
:10B5000046505520616374697665210D0A006661B5
:10B51000696C656420766563746F72206665746318
:10B52000680A00627573206661756C743A0A00538C
:10B5300043425F434653525F424653523A30782566
:10B540003032582000494255534552522000494D4F
:10B5500050524543495345525220005343422D3ED9
:10B56000424641523A253038580A00757361676582
:10B57000206661756C743A0A005343425F43465338
:10B58000525F554653523A30782530325820005594
:10B590004E444546494E5354522000494E5653544A
:10B5A0004154452000494E56504320004E4F4350D1
:10B5B000200053544B4F462000554E414C49474EB6
:10B5C0004544200044495642595A45524F20006490
:10B5D00065627567206576656E740A0066617461E0
:10B5E0006C206572726F72206F6E20746872656174
:10B5F000643A2025730A00666174616C206572727A
:10B600006F72206F6E204953520A0066642074796D
:10B61000706520202020726566206D616769632057
:10B6200020706174680A002D2D202D2D2D2D2D2DBB
:10B6300020202D2D2D202D2D2D2D2D202D2D2D2D6E
:10B640002D2D0A00253264200064697200252D37F3
:10B650002E3773200066696C6500736F636B6574C9
:10B66000007573657200756E6B6E6F776E00252DB9
:10B67000382E38732000253034782020006466731B
:10B6800020616C726561647920696E69742E0A00AC
:10B6900066736C6F636B006465766673002F646518
:10B6A00076006D6F756E74202F64657620737563F8
:10B6B0006573730A006D6F756E74202F6465762054
:10B6C0006661696C005B452F4446535D200044462B
:10B6D00053206664206E6577206973206661696C0B
:10B6E00065642120436F756C64206E6F7420666FF3
:10B6F000756E6420616E20656D70747920666420BB
:10B70000656E7472792E00666420213D204E554C82
:10B710004C0066696C656E616D6520213D204E555B
:10B720004C4C0025732F2573004F70656E202573D8
:10B73000206661696C65640A0044656C6574652007
:10B740002573206661696C65640A006F7574206FEB
:10B7500066206D656D6F72790A00526561642025FF
:10B7600073206661696C65640A00577269746520AC
:10B770002573206661696C65640A00577269746597
:10B780002066696C652064617461206661696C651E
:10B79000642C206572726E6F3D25640A0063616ED1
:10B7A00027742066696E64206D6F756E7465642001
:10B7B00066696C6573797374656D206F6E2074684B
:10B7C000697320706174683A257300746865206637
:10B7D000696C6573797374656D206469646E277430
:10B7E00020696D706C656D656E7420746869732076
:10B7F00066756E6374696F6E004469726563746F19
:10B8000072792025733A0A00252D323073003C44AA
:10B8100049523E00252D3235730A00252D32356CF4
:10B82000750A004241442066696C653A2025730A16
:10B83000004E6F2073756368206469726563746F6E
:10B8400072790A006F70656E202573206661696CDD
:10B8500065640A006F7574206F66206D656D6F7288
:10B8600079210A006F70656E2066696C653A202543
:10B8700073206661696C65640A00636F7079206685
:10B8800061696C65642C206261642025730A006321
:10B8900070206661696C642C20637020646972207A
:10B8A000746F2066696C65206973206E6F742070F8
:10B8B00065726D6974746564210A00546865726507
:10B8C000206973206E6F20737061636520746F2030
:10B8D000726567697374657220746869732066693C
:10B8E0006C652073797374656D20282573292E008B
:10B8F00070617468005468657265206973206E6FAA
:10B9000020737061636520746F206D6F756E742095
:10B91000746869732066696C652073797374656DEA
:10B9200020282573292E0044657669636520282523
:10B93000732920776173206E6F7420666F756E6453
:10B940000046696C652073797374656D20282573D2
:10B950002920776173206E6F7420666F756E642E78
:10B96000005468652066696C652073797374656D31
:10B970002028257329206D6B66732066756E6374AD
:10B98000696F6E20776173206E6F7420696D706CC3
:10B99000656D656E74006466735F7374617466735D
:10B9A000206661696C65642E0A006469736B2066A9
:10B9B0007265653A2025642E2564202573205B205E
:10B9C000256420626C6F636B2C202564206279747F
:10B9D00065732070657220626C6F636B205D0A0076
:10B9E0004B42004D420047420066696C6520213D94
:10B9F0002052545F4E554C4C006465765F6964205C
:10BA0000213D2052545F4E554C4C00726F6F745F55
:10BA1000646972656E7420213D2052545F4E554C0E
:10BA20004C006D7368200066696E736820001B5BB4
:10BA3000324B0D0025732573007368656C6C2021F3
:10BA40003D2052545F4E554C4C006E6F206D656D1D
:10BA50006F727920666F72207368656C6C0A00746F
:10BA60007368656C6C00736872780009272563271A
:10BA70002C2025642C203078253038780A000925C0
:10BA8000642C203078253038780A0025630008259A
:10BA900073202008000820080048656C6C6F205255
:10BAA000542D546872656164210A002D002D2D46C5
:10BAB000756E6374696F6E204C6973743A0A005F27
:10BAC0005F00252D313673202D2D2025730A005B54
:10BAD0006C5D2025730A002D2D5661726961626CC0
:10BAE00065204C6973743A0A00556E6B6E6F776E01
:10BAF0000064657669636500252D2A2E7320202059
:10BB000020202020202074797065202020202020F3
:10BB100020202072656620636F756E740A00202DE8
:10BB20002D2D2D2D2D2D2D2D2D2D2D2D2D2D2D2D45
:10BB30002D2D2D202D2D2D2D2D2D2D2D2D2D0A0092
:10BB4000252D2A2E2A7320252D32307320252D38BD
:10BB5000640A00252D2A2E732020706572696F6497
:10BB6000696320202074696D656F75742020202022
:10BB7000202020666C61670A00202D2D2D2D2D2D93
:10BB80002D2D2D2D202D2D2D2D2D2D2D2D2D2D20FF
:10BB90002D2D2D2D2D2D2D2D2D2D2D0A00252D2A30
:10BBA0002E2A7320307825303878203078253038A8
:10BBB00078200064656163746976617465640A0065
:10BBC00063757272656E74207469636B3A307825A0
:10BBD0003038780A006D656D706F6F6C00252D2A06
:10BBE0002E7320626C6F636B20746F74616C2066BF
:10BBF0007265652073757370656E64207468726514
:10BC000061640A00202D2D2D2D20202D2D2D2D207D
:10BC1000202D2D2D2D202D2D2D2D2D2D2D2D2D2D6E
:10BC20002D2D2D2D0A00252D2A2E2A732025303466
:10BC3000642020253034642020253034642025649D
:10BC40003A00252D2A2E2A73202530346420202501
:10BC50003034642020253034642025640A006D735C
:10BC600067717565756500252D2A2E7320656E74C4
:10BC700072792073757370656E6420746872656183
:10BC8000640A00202D2D2D2D20202D2D2D2D2D2D24
:10BC90002D2D2D2D2D2D2D2D0A00252D2A2E2A73EB
:10BCA0002025303464202025643A00252D2A2E2AB0
:10BCB000732025303464202025640A006D61696C8E
:10BCC000626F7800252D2A2E7320656E747279209C
:10BCD00073697A652073757370656E642074687219
:10BCE0006561640A00252D2A2E2A732025303464CC
:10BCF0002020253034642025643A00252D2A2E2A60
:10BD00007320253034642020253034642025640AD3
:10BD1000006D7574657800252D2A2E732020206F04
:10BD2000776E65722020686F6C6420737573706520
:10BD30006E64207468726561640A00202D2D2D2DBB
:10BD40002D2D2D2D202D2D2D2D202D2D2D2D2D2D3D
:10BD50002D2D2D2D2D2D2D2D0A00252D2A2E2A732A
:10BD600020252D382E2A7320253034642025640A9E
:10BD7000006576656E7400252D2A2E732020202004
:10BD800020207365742020202073757370656E64A5
:10BD9000207468726561640A0020202D2D2D2D2DE0
:10BDA0002D2D2D2D2D202D2D2D2D2D2D2D2D2D2DD0
:10BDB0002D2D2D2D0A00252D2A2E2A732020307896
:10BDC0002530387820253033643A00252D2A2E2A54
:10BDD00073202030782530387820300A0073656D64
:10BDE0006170686F726500252D2A2E7320762020E1
:10BDF0002073757370656E64207468726561640A7F
:10BE000000202D2D2D202D2D2D2D2D2D2D2D2D2DA9
:10BE10002D2D2D2D0A00252D2A2E2A732025303375
:10BE2000642025643A00252D2A2E2A7320253033DC
:10BE3000642025640A0074687265616400252D2AF7
:10BE40002E732070726920207374617475732020C2
:10BE5000202020207370202020202020746F70204C
:10BE600020202020737461636B2073697A65206DD4
:10BE700061782075736564206C65667420746963ED
:10BE80006B20206572726F720A00202D2D2D2020EC
:10BE90002D2D2D2D2D2D2D202D2D2D2D2D2D2D2DDF
:10BEA0002D2D202D2D2D2D2D2D2D2D2D2D202D2DDC
:10BEB0002D2D2D2D2D2D2D2D20202D2D2D2D2D2DCC
:10BEC00020202D2D2D2D2D2D2D2D2D2D202D2D2DC9
:10BED0000A00252D2A2E2A73202533642000207283
:10BEE000656164792020002073757370656E64004D
:10BEF00020696E69742020200020636C6F736520B8
:10BF00002000203078253038782030782530387877
:10BF100020307825303878202020202530326425C4
:10BF20002520202030782530387820253033640AC9
:10BF3000002D2D66756E6374696F6E3A0A002D2DA3
:10BF40007661726961626C653A0A005B765D2025F4
:10BF5000730A004368617261637465722044657698
:10BF600069636500426C6F636B2044657669636545
:10BF7000004E6574776F726B20496E7465726661EE
:10BF80006365004D54442044657669636500434110
:10BF90004E204465766963650052544300536F75C3
:10BFA0006E642044657669636500477261706869F4
:10BFB00063204465766963650049324320427573A6
:10BFC0000055534220536C61766520446576696361
:10BFD000650055534220486F7374204275730053B7
:10BFE0005049204275730053504920446576696377
:10BFF00065005344494F2042757300504D205073E3
:10C000006575646F20446576696365005069706585
:10C0100000506F7274616C204465766963650054EA
:10C02000696D657220446576696365004D69736367
:10C03000656C6C616E656F757320446576696365C8
:10C040000053656E736F7220446576696365004DB9
:10C0500061696C626F78204465766963650052544B
:10C060002D546872656164207368656C6C20636F21
:10C070006D6D616E64733A0A005F5F636D645F00AB
:10C08000252D313673202D2025730A00546F6F2023
:10C090006D616E7920617267732021205765206F72
:10C0A0006E6C79205573653A0A002573200025735C
:10C0B0003A20636F6D6D616E64206E6F7420666FE1
:10C0C000756E642E0A0055736167653A206D76209F
:10C0D000534F5552434520444553540A0052656E10
:10C0E000616D6520534F5552434520746F20444580
:10C0F00053542C206F72206D6F766520534F55522C
:10C10000434528732920746F204449524543544FB6
:10C1100052592E0A002573203D3E2025730A0065E2
:10C120006C6D002D740055736167653A206D6B6608
:10C1300073205B2D7420747970655D206465766969
:10C1400063650A006D6B6673206661696C65642CBB
:10C1500020726573756C743D25640A0055736167C0
:10C16000653A206D6F756E746673205B2D74207454
:10C170007970655D20646576696365206469720A1B
:10C18000006D6F756E746673206661696C65642CF2
:10C1900020726573756C743D25640A005573616780
:10C1A000653A20637020534F555243452044455310
:10C1B000540A00436F707920534F55524345207401
:10C1C0006F20444553542E0A0055736167653A2029
:10C1D000726D2046494C452E2E2E0A0052656D6F19
:10C1E00076652028756E6C696E6B292074686520F1
:10C1F00046494C452873292E0A0055736167653AF4
:10C2000020636174205B46494C455D2E2E2E0A004A
:10C21000436F6E636174656E6174652046494C4579
:10C220002873290A004E6F20737563682064697251
:10C230006563746F72793A2025730A0055736167DC
:10C24000653A206D6B646972205B4F5054494F4EC4
:10C250005D204449524543544F52590A0043726588
:10C2600061746520746865204449524543544F52B7
:10C27000592C206966207468657920646F206E6F80
:10C280007420616C72656164792065786973742EBD
:10C290000A002D2D68656C70002D68006466205BB7
:10C2A000706174685D0A006F70656E2066696C6508
:10C2B0003A2573206661696C6564210A00557361D3
:10C2C00067653A206563686F2022737472696E67D0
:10C2D00022205B66696C656E616D655D0A002E7378
:10C2E00068002E5348002F62696E2F252E2A730096
:10C2F0004E6F206572726F7200496E76616C696470
:10C3000020746F6B656E00457870656374206120E2
:10C310007479706500556E6B6E6F776E20747970EE
:10C3200065005661726961626C6520657869737435
:10C33000004578706563742061206F706572617468
:10C340006572004D656D6F72792066756C6C005575
:10C350006E6B6E6F776E206F70657261746F7200B6
:10C36000556E6B6E6F776E206E6F646500457870EA
:10C370006563742061206368617261637465720033
:10C38000556E65787065637420656E6400556E6BDC
:10C390006E6F776E20746F6B656E00466C6F6174A4
:10C3A000206E6F7420737570706F727465640055C1
:10C3B0006E6B6E6F776E2073796D626F6C004E7569
:10C3C0006C6C206E6F646500766F696400636861F1
:10C3D000720073686F727400696E74006C6F6E67C0
:10C3E00000756E7369676E6564006E756C6C0064D1
:10C3F000657669636520213D2052545F4E554C4C53
:10C4000000504154483D2F62696E00484F4D453DF4
:10C410002F686F6D6500722B007762007262002FCB
:10C420006465762F2573007468726561643A252D02
:10C43000382E2A732061626F7274210A006175645C
:10C44000696F20213D2052545F4E554C4C005F7265
:10C45000656370697065002872745F7374726C65CF
:10C460006E28617564696F2D3E6465765F6E616DDF
:10C470006529202B2072745F7374726C656E28229C
:10C480005F72656370697065222929203C20333210
:10C490000070646D00693273007069706520213D21
:10C4A0002052545F4E554C4C0073697A65203C3DD8
:10C4B0002052545F55494E5431365F4D4158002D3E
:10C4C0002D617564696F20706970652066756C6C8C
:10C4D0000A006275660074696D65722D3E6F707337
:10C4E00020213D2052545F4E554C4C0074696D65BF
:10C4F000722D3E696E666F20213D2052545F4E556D
:10C500004C4C006932635F6275735F6C6F636B00E4
:10C510005F68775F70696E2E6F707320213D2052C7
:10C52000545F4E554C4C0070696E20213D20525492
:10C530005F4E554C4C0070696E203C2052545F5049
:10C54000494E5F4E4F4E45006D6F6465203C203074
:10C55000786666006661696C7572650070726F62FC
:10C56000650070726F6265202573202573200A00B4
:10C570006164632070726F6265203C6164635F6E0A
:10C58000616D653E2020202D2070726F62652061F4
:10C590006463206279206E616D650A00506C65618C
:10C5A0007365207573696E672027616463207072FC
:10C5B0006F6265203C6164635F6E616D653E27203C
:10C5C00066697273740A00656E61626C650025733A
:10C5D000206368616E6E656C20256420656E616203
:10C5E0006C6573202573200A0061646320656E61A9
:10C5F000626C65203C6368616E6E656C3E20202035
:10C600002D20656E61626C652061646320636861E2
:10C610006E6E656C0A002573206368616E6E656CD2
:10C620002025642020726561642076616C75652028
:10C63000697320307825303858200A0061646320FF
:10C6400072656164203C6368616E6E656C3E20209B
:10C650002020202D20726561642061646320766152
:10C660006C7565206F6E20746865206368616E6EFE
:10C67000656C0A0064697361626C650025732063F0
:10C6800068616E6E656C2025642064697361626CFC
:10C6900065202573200A0061646320646973616208
:10C6A0006C65203C6368616E6E656C3E20202D20B9
:10C6B00064697361626C6520616463206368616EA4
:10C6C0006E656C0A00556E6B6E6F776E20636F6DD2
:10C6D0006D616E642E20506C6561736520656E74AB
:10C6E000657220276164632720666F722068656C1D
:10C6F000700A0055736167653A200A0079656172B6
:10C70000206973206F7574206F662072616E676593
:10C71000205B313937302D323039395D0A006D6F89
:10C720006E7468206973206F7574206F6620726163
:10C730006E6765205B312D31325D0A0064617920BE
:10C740006973206F7574206F662072616E67652053
:10C750005B312D33315D0A00686F7572206973207B
:10C760006F7574206F662072616E6765205B302D77
:10C7700032335D0A006D696E757465206973206FD0
:10C780007574206F662072616E6765205B302D3591
:10C79000395D0A007365636F6E64206973206F757D
:10C7A00074206F662072616E6765205B302D3539AD
:10C7B0005D0A00706C6561736520696E7075743A0E
:10C7C0002064617465205B79656172206D6F6E74A1
:10C7D000682064617920686F7572206D696E2073BE
:10C7E00065635D206F7220646174650A00652E6761
:10C7F0003A20646174652032303138203031203085
:10C8000031203233203539203539206F7220646170
:10C8100074650A0072785F6669666F20213D205258
:10C82000545F4E554C4C005B452F554152545D2092
:10C8300000666F7073206F70656E3A20756E6B6E58
:10C840006F776E206D6F6465202D20256421007246
:10C85000785F646D6120213D2052545F4E554C4CF1
:10C860000074785F6669666F20213D2052545F4EE8
:10C87000554C4C0074785F646D6120213D2052540A
:10C880005F4E554C4C00747820213D2052545F4E31
:10C89000554C4C002873657269616C20213D205213
:10C8A000545F4E554C4C2920262620286461746123
:10C8B00020213D2052545F4E554C4C290073657227
:10C8C00069616C2D3E6F70732D3E646D615F747293
:10C8D000616E736D697420213D2052545F4E554C3A
:10C8E0004C006C656E203C3D2072745F646D615F2E
:10C8F00063616C635F7265637665645F6C656E2807
:10C9000073657269616C290073657269616C2D3E93
:10C9100073657269616C5F727820213D204E554CC1
:10C920004C0073657269616C2D3E73657269616C50
:10C930005F747820213D204E554C4C007365726920
:10C94000616C2D3E706172656E742E72785F696ED7
:10C9500064696361746520213D2052545F4E554CDB
:10C960004C00636F6D706C6574696F6E20213D20A3
:10C9700052545F4E554C4C0072745F6C6973745F17
:10C980006973656D707479282628636F6D706C65A6
:10C9900074696F6E2D3E73757370656E6465645F48
:10C9A0006C697374292900717565756520213D20B6
:10C9B00052545F4E554C4C00646174615F707472E8
:10C9C00020213D2052545F4E554C4C0073697A65CE
:10C9D00020213D2052545F4E554C4C007262202164
:10C9E0003D2052545F4E554C4C0073697A65203E91
:10C9F0002030004C43445F52656164506978656C37
:10CA000000000000C55C0212815C0212495B021248
:10CA10003F5B0212C15B0212115C0212915B0212B7
:10CA2000415E0212555B02121D5B0212F75A02129E
:10CA3000D15A0212000000000000000000000000B7
:10CA40000000000005000000006CDC020200000095
:10CA500000000000010800000000000000000000CD
:10CA600000000000000000000000000000000000C6
:10CA700000000000000000000000000000000000B6
:10CA800000000000000000000000000000000000A6
:10CA9000000000006674363134365F636865636B8E
:10CAA0005F74696D65725F63726561746500667459
:10CAB000363134365F6972715F68616E646C6572BD
:10CAC0000000000000000000F4010000801A0600D1
:10CAD00073657420616E616C6F67207061206D6F8B
:10CAE0006465005F5F636D645F6170615F7365744F
:10CAF0005F6D6F6465000900200052000A00740039
:10CB00000C000B00AC0018000C0080002C000D0085
:10CB1000C40004000E00C800040000001A00010058
:10CB200001000400040002000800040003000C00DF
:10CB300004000400100004000500180002000600B4
:10CB40001400040007001B00010008001C00040082
:10CB500080B501F087FE01F0FFF805480549016046
:10CB600005480649016006480649016080BD00BFCE
:10CB700024E44020DD614000E0E44020A564400062
:10CB8000E4E44020816F40002DE9FF4704465A4805
:10CB9000005DA0F11600042804D248F60F72C0F21E
:10CBA00001021047204648F62962C0F201021047F0
:10CBB0002046012129F478FB0528204605D00021D4
:10CBC0004AF64176C0F2020630474AF66B76C0F26A
:10CBD00002063047494D4A4B2068002824D0297866
:10CBE0004268511ACA180099881A20F07040B04261
:10CBF00013D822F070428A4205D120680189BDF81D
:10CC000004208A4209D9204600F40BFA014604F1B7
:10CC10000C02104600F40FFADEE70098256848F68B
:10CC20003911C0F20501084748F67F11C0F205012D
:10CC300008470446FFF71CF620B14DF6EB11C0F291
:10CC40000101084720022221013019F455FA7CBD68
:10CC50004FF001034BF233504BF22952062C06D809
:10CC600003FA04F313F0620F01D0B01F104700471E
:10CC700001280AD805F1090000F4F8F9142804D3B2
:10CC80004EF61172C0F2040210474EF64572C0F221
:10CC900004021047B06881880131818040F20000B1
:10CCA00045F69B21084745F6F111084701F056F873
:10CCB00045F63D10004745F2555658F82400152119
:10CCC0004BF29123C0F20203184745F255539E429E
:10CCD00000D10C4A27F48CFC4BF2B923C0F20203BA
:10CCE00018477CB5044600F0C3FA20464EF6A5521C
:10CCF000C0F20102104700BF78F4402094FA4020AF
:10CD0000010000F0716B4000E0B5FBF7C6F510B113
:10CD10004FF08E408CBD042001A96A46009001208E
:10CD2000FBF722F600B1FEE701988CBD032804BF93
:10CD300007487047182804BF06487047172804BFE3
:10CD4000054870470B2814BF00200448704700BFF7
:10CD50005C7F4000D07F4000B47F4000687F40008F
:10CD6000E0B5042001A90DF10202ADF80200062091
:10CD7000FBF7FAF59DF807102B48817059B100F0C8
:10CD8000FDFB4FF4004051F425FF03484FF4802190
:10CD9000C0F8801101608CBD00E100E02DE9F04198
:10CDA000204E05460A290C464FF0010256F8200095
:10CDB00020F40060C8BF00F5006046F82500084672
:10CDC000002101F0C3FB56F82510174F0B2C60F320
:10CDD0000A2146F82510154905DBB87818B108680E
:10CDE00040F00C0008603878884638B9F878022896
:10CDF00004D00220F870022001F056FB20460121E9
:10CE0000002201F0A3FB06F82500B87838B10A2CFF
:10CE100005DCD8F8000020F00C00C8F80000BDE8E0
:10CE2000F08100BFF0ED4020EC7F4020EC40084056
:10CE30000021006808B10131FBE788B270470000AB
:10CE4000BCB50D464FF68A518B4217D04FF686512E
:10CE50008B4263D04FF685518B421CD14FF48850E2
:10CE600000214FF68552012311F496FC29780329FD
:10CE700017D82A682E4B43F821201DE04FF4885024
:10CE800000214FF68A52012311F486FC04462878CB
:10CE9000A8B112203EE0294602B0BDE8B04005F43A
:10CEA0001DB822490A6842F400420A60D1F8002401
:10CEB00042F40042C1F80024002101702CE068789F
:10CEC000022815D001281AD00028E2D10620144DDE
:10CED0000DF107018DF8070012482A46036801206A
:10CEE000984788B1104881880068A98028600BE0C5
:10CEF000E8880B498880D5F80200086004E00848FB
:10CF0000017881F055010170054800F1190123F401
:10CF10005BFF0020207020460EF466F80020BCBDA8
:10CF200080F440209CE94020E9C30500D00409407A
:10CF3000F37F402041F205120249904218BF0021C0
:10CF400008467047F16240000E4A9423528800FB65
:10CF50000320044A835A23F4006343EAC121815227
:10CF6000704700BF00804020064A9423528800FB8F
:10CF70000320054A835A23F0E00343EA411181521A
:10CF8000704700BF0CEE40201680402080B50A4656
:10CF90004FF4885000210A2311F4FEFB0C2101718B
:10CFA0000449C0F80610044901600EF41DF8002081
:10CFB00080BD00BF4C0A4F02000C0002F8B50746C6
:10CFC00010461C4616460D4611F4A8FC052808D14B
:10CFD0006878A98800F00F000138C0B2FFF73AF571
:10CFE00005E038462946324623460EF4BFFC0020B1
:10CFF000F8BD000080B5C9B202460020082912D849
:10D00000DFE801F0050A11110E111111120010468E
:10D01000BDE8804000F0F0BD104600F02FF980BD63
:10D02000104600F061FB80BD1046FFF783FF80BD16
:10D03000F8B50746084815460E461C4629460268BC
:10D0400040F21F609047384631462A46234612F484
:10D050001DF80020F8BD00BF54E4402010B50C8836
:10D060001CB1BDE8104012F4CDB8002010BD000086
:10D070000648C078013800061CBF032070472848C6
:10D080000068C07F043818BF03207047E4EA4020DE
:10D090001CB504467548332250F8210090F836003C
:10D0A00062F35F008DF80400C8B201A917F440FADA
:10D0B000204618F449FF2046112111F459FC1CBDEB
:10D0C0002DE9F843074680209846154689460823EF
:10D0D00000EB122441F202105822214611F45CFBAD
:10D0E00006460480284611F419FCB07030460DF451
:10D0F0007BFF284611F412FC042807D10848006879
:10D1000020B1C17F032904BF0221C17738464946B7
:10D110002A46434601B0BDE8F04313F4C5BA00BF48
:10D1200080E84020B0B5514D140A55F824401CB198
:10D13000BDE8B04013F478BC0020B0BDB0B54B4D95
:10D14000140A55F824401CB1BDE8B04013F496BC55
:10D150000020B0BDB0B54549100A144651F8205022
:10D16000104611F4DBFB19280CD8012101FA00F05C
:10D170001049084201D00020B0BD10F0300F01D09E
:10D180000220B0BD012085F8440095F83C0002283B
:10D1900003D1204618F4CCFAF2E795F83710204670
:10D1A00015F4F2FE0028EBD095F83710204612F463
:10D1B0008FFEE0E70100C0032DE9F0410E462B4948
:10D1C0000746100A9846154651F82040104611F4BB
:10D1D000A5FB012809D194F88701012805D194F80D
:10D1E000860110B10020BDE8F081384631462A465C
:10D1F0004346BDE8F04114F47DBA00BF2DE9F84381
:10D20000074610461C4615460E4611F487FBA0F152
:10D210001101052918D301280DD0FAF787F08046AF
:10D220000B480830FFF704FE81464046FAF782F0CB
:10D23000B9F10A0F08D8384631462A46234601B0CC
:10D24000BDE8F04314F496BF0020BDE8F88300BFAA
:10D25000F4F2402080B50549100A51F8200018B1B9
:10D260001046222112F434FE002080BD08F4402034
:10D2700091F8B10281F8390070470000A0F21D61F9
:10D280000D290AD8DFE801F00721232521272121D4
:10D2900029212121212B1748704740F20161884242
:10D2A00004BF1648704740F20361884204BF10482B
:10D2B000704740F21761884204BF0C48704741F242
:10D2C0000711884204BF07487047002070470E4886
:10D2D0007047094870470B48704709487047024833
:10D2E000704700BF6D644000AD6640006966400055
:10D2F0007165400005664000ED654000D565400061
:10D30000E16440000D6540000567400010B504462B
:10D31000FAF70CF0A34951F8241049B191F897207D
:10D32000012A05D191F8AA10B1FA81F14C0900E067
:10D330000024F9F7FFF7204610BD00BF10B50446E2
:10D34000F9F7F4F7974951F8241039B191F8AA1078
:10D3500041F00201022905D1002400E00C24F9F774
:10D36000E9F707E0F9F7E6F7200208210824013081
:10D3700012F4AEFD204610BD2DE9F04104461F48D1
:10D38000427A012A09D1807A884218BF002804D144
:10D390001B484170047049F463FF824850F82460D0
:10D3A0001EB13046002152F4FFFA204600F064FF1F
:10D3B000F9F7BCF7804696F8DD0030B1002086F81A
:10D3C000DD004FF4004051F4E5FB824F00261025AC
:10D3D000388D798D081AF1B290FBF5F0884207DD9F
:10D3E000204621F46DFD18B121F49CFD0136EFE7D4
:10D3F0004046BDE8F041F9F79DB700BFF37F4020FC
:10D4000003804020B0B55AB31649097841B321F4DE
:10D4100057FD28B31448154990F8210041EA00103F
:10D420006C49098D405A00F078015948006802683B
:10D4300083689A429ABF42680132002242602029E2
:10D4400002D1C1688A4201D2002401E00124416076
:10D45000074D2878844203D0204600F0A9FE2C70A6
:10D46000B0BD00BFEE7F402080F44020048040200B
:10D47000058040204B4951F8200050B190F8DD1054
:10D48000012906D1002180F8DD104FF4004051F44D
:10D4900081BB7047C8B2434951F8201000200029D1
:10D4A00008BF4FF0FF307047B0B53E4951F82040FB
:10D4B000BCB3606ED4F8BC100A1A401A22F0704552
:10D4C00020F07040B5F1006F88BF454294F8D61047
:10D4D000B4F8C400002908BF0121484300EB400014
:10D4E00085420BDA94F8DD0001280ED1002084F883
:10D4F000DD004FF4004051F44DFB06E0012084F8BC
:10D50000DD004FF4004051F465FB012D09DBA90A51
:10D51000A07E01EBC101C9B20844FF2828BFFF204B
:10D52000A076B0BDF8B51C4615460E460746F9F77D
:10D53000FDF61C4951F82710A1B191F899200C274C
:10D54000012A10D191F8971045EA0603069A234361
:10D5500000294FF00C0108BF4FF0FF311A4308BFFC
:10D560000F4600E00C27F9F7E5F6F8B2F8BD00BF6A
:10D5700080B500F081FE002080BD000004486021DD
:10D58000802200230068C0E90132C160704700BFFB
:10D59000DC7F4020034951F82000002818BF0120FB
:10D5A000704700BFA0E8402070B5A24D00241026AF
:10D5B000288D698D081AE1B290FBF6F0884207DDEC
:10D5C000022021F47DFC18B121F4ACFC0134EFE71A
:10D5D00070BD00BF0CEE4020234951F8200010B16F
:10D5E000002152F4E1B97047C1F307111E4840F21F
:10D5F000FD1250F82100490190F8520002EB400062
:10D60000084AC0F347001F2828BF1F205358C3F300
:10D610000423834205D08B5823F4F85343EA0020B7
:10D62000885070471006094070B514460E46F9F749
:10D630007DF605460C4850F8260028B1002152F42A
:10D64000B3F9304621F4B0FD084809490068C069C3
:10D65000884204D16078022804BF03206070284605
:10D66000F9F768F6002070BD98E84020F8EA4020FD
:10D67000A5A55A5A70B514460D46064600F0DEF8C8
:10D6800008B12A2004E030462946224623F4D2FD80
:10D69000C0B270BD70B515460E46044600F0CEF817
:10D6A00030B120462A2101222A2526F4ADF805E0D2
:10D6B000204631462A4624F4E5FD0546E8B270BD11
:10D6C0001CB50446874850F82400438D828C018D98
:10D6D000C08C0090204633F4FFF820460021BDE8BE
:10D6E0001C4026F45BBB00BFB0F5057F04BF0448B7
:10D6F000704740F2132188420CBF02480020704757
:10D70000496D4000656F400010B50446F9F70EF60C
:10D71000044951F82440F9F70DF6B4FA84F04009B1
:10D7200010BD00BFECF4402010B504460F48417B0B
:10D73000012909D1807B904218BF002804D10C48F0
:10D740004270047049F48CFDD94850F8240060B14F
:10D7500090F8AD10012908D1002180F8AD104FF4E8
:10D760008030BDE8104051F415BA10BDF37F402061
:10D7700003804020F8B50F460546F9F7D7F5044673
:10D78000CB4850F82560D6B1B6F8860020F01000DE
:10D7900067F30410A6F88600284633F443FB67B10C
:10D7A000284635F42BFD96F89A0030B128463146CC
:10D7B0000022002700F038F902E0002700E00C27E3
:10D7C0002046F9F7B7F53846F8BD00BFF8B50F4663
:10D7D0000546F9F7ABF50446B54850F82560A6B103
:10D7E00006F12C003946FFF726F4B6F8860040F023
:10D7F0000800A6F88600284635F400FD2846314684
:10D80000012200F011F9002500E00C252046F9F76F
:10D8100091F52846F8BD00BF58B1064990F896002A
:10D820009422498800FB02100349425A42F0200228
:10D83000425270470CEE4020028040209C4951F833
:10D84000200028B190F84A00002818BF0120704736
:10D8500000207047F8B50F460546F9F767F504460E
:10D86000934850F8256086B1B6F88600B76240F05C
:10D870000800A6F88600284635F4C0FC2846314644
:10D88000012200F0D1F8002500E00C252046F9F730
:10D8900051F52846F8BD00BF2DE9F041140A0746AE
:10D8A000984615460E46204641F404FC874951F837
:10D8B000241059B10089328882420AD3092C05D834
:10D8C00091F8940000F00300032802D10020BDE885
:10D8D000F081384631462A464346BDE8F04133F4EC
:10D8E00097BE00BFB8F440202DE9F0471E4614460D
:10D8F00089460546F9F71AF5DFF8B4A180465AF8CB
:10D900002570C7B397F84A00F8B90A98DDE90821ED
:10D91000A7F848000120A7F84220B20087F84A0083
:10D92000A000A7F840004FEA8900A7F8740048015A
:10D93000C7E90E20B86EB0EB860F06D997F89C1099
:10D94000022924BF284635F425FB97F897000026C6
:10D9500087F8446080B939F4B7FF04465AF82500C7
:10D960000021002652F420F897F896002146012263
:10D9700034F462FD00E00C264046F9F7DBF4304653
:10D98000BDE8F0874A4951F8200028B190F8970087
:10D99000023818BF012070470020704770B5044658
:10D9A000434850F82450DDB3686DAA6E0B1A401A34
:10D9B00023F0704620F07040B6F1006F88BF4642F9
:10D9C000B5F8760006305043864207DD012085F821
:10D9D000AD004FF4803051F4FDF80AE095F8AD0049
:10D9E000012806D1002085F8AD004FF4803051F4B5
:10D9F000D1F8204634F4FCF8012E11DB094AC1B2FB
:10DA0000A87E12F8113098420AD102EB4101B20A05
:10DA100049785143C9B20844FF2828BFFF20A8769F
:10DA200070BD00BFD0ED05002DE9F041054691F82D
:10DA30009700D8BBB1F886000E46C00736D096F8DE
:10DA4000B60098B31A48144650F8258039F43CFFC4
:10DA500096F84A100746F06C012902D196F8441056
:10DA600021BBC11B21F07042B16E8A421ED9B2FBAC
:10DA7000F1F2B6F87E304FF6FF7C1FFA82FE734556
:10DA800008BF62449B1A92B2A6F87E3002FB1100D6
:10DA9000002120F07040F064404651F485FF284694
:10DAA00039462246BDE8F04134F4C6BCBDE8F081F9
:10DAB00014F54020B0B5054D140A55F824401CB1AA
:10DAC000BDE8B04035F41CBD0020B0BDB8F4402026
:10DAD000012804BF0348704718280CBF02480020E3
:10DAE000704700BF256B4000456B4000184951F856
:10DAF000200038B1018D29B1B0F85200814218BF21
:10DB0000FEF74CB1704700BF2DE9F04115460E46B7
:10DB10000746F9F70BF4DFF83880044658F8271069
:10DB200089B191F8570040B1088D18B1FEF736F170
:10DB300058F827100D854E8505E0384631462A46AF
:10DB4000012338F42FFA2046BDE8F041F9F7F2B38B
:10DB50009CF54020007800B1704707480749084A03
:10DB600003230A500748026863F30B220260086827
:10DB700040F4004008607047A0F7FFFFD00809405C
:10DB800000103D205809094010B541F201008342C0
:10DB900006D1084641F20101BDE81040FFF7F6B991
:10DBA0000A4A00205D280ED032F830409C4201D055
:10DBB0000130F7E702EBC000426822B1084619467F
:10DBC000BDE810401047002010BD00BF3CE5050037
:10DBD000B0B5084C94F8545035B1E47C022C03D114
:10DBE0004C7B0CB18C7B1CB1BDE8B04043F442BB14
:10DBF0000020B0BD50F7402041F20511884204BF1B
:10DC00000448704740F2015188420CBF024800208E
:10DC1000704700BF397040008170400070B5054604
:10DC200040780C46182812D14949200A51F8206042
:10DC300096F8360001280AD1204610F46FFE3228EB
:10DC400005D096F83C0002281CBF002070BD284675
:10DC50002146BDE8704044F419BB00BF70B50546CD
:10DC60000C46080A3A4951F82060204610F456FE46
:10DC70001F2815D0252816D196F8360098B915F822
:10DC8000010B102200F0010086F8390006F5E4705F
:10DC900029464BF4DCFF204614F416FC002070BD2E
:10DCA000002086F87A0128462146BDE8704044F4F9
:10DCB000E5BE00BFF8B5054625480E0A0C4650F8EB
:10DCC0002670084610F42AFEA0F11601042913D389
:10DCD00090B12E280BD10F48342106FB0100407A69
:10DCE00028B197F8360010B92878C0070AD12878EB
:10DCF00000F0010087F8390028462146BDE8F840C9
:10DD000047F412BF304617212322012316F470FD79
:10DD10000020F8BD10F4402070B505460C46080AF6
:10DD20000B4951F82060204610F4F8FD322809D143
:10DD300096F83600012805D106482146026840F2CF
:10DD40000360904728462146BDE8704048F41EBF56
:10DD500008F4402054E440207047000070B51B4890
:10DD60001B4C016841F00041016094F800510168CA
:10DD70000029FCD41420FAF711F5012000F03EFD33
:10DD80004FF08046306840F4802030600520FAF77C
:10DD900005F5306820F4802030600520FAF7FEF4A5
:10DDA000012000F0FDFC0B4E94F8020160B1E8B2D6
:10DDB0000101725A42F0180222F02002725252F40B
:10DDC000C7F994F80051EFE770BD00BF00000940AB
:10DDD000B8FA40200080402010B5144610280CD01E
:10DDE000122813D0292808BF082919D11846FFF78F
:10DDF0003FF9B0FA80F1490914E0B1F5007F0FD185
:10DE00001846FFF7A7FE002001210BE0042907D1E7
:10DE1000D8B2FFF77BFAC0B2B0FA80F0410900E057
:10DE200000210020217010BD10B51446072826D00F
:10DE30000D280BD014280FD020281AD0312808BF65
:10DE4000022923D1184600F03FFA1FE010291DD106
:10DE5000D8B2FFF74BFE22E0B1F5805F18D0B1F5E4
:10DE6000807F19D0B1F1004F10D1D8B2FFF7B4FBC9
:10DE700015E008290AD1184600F07CFC0FE0B1F546
:10DE8000002F03D11846FFF7C7FC08E0002007E089
:10DE9000D8B2FFF709FB02E0D8B2FFF7EBFA012096
:10DEA000207010BD10B50C460146002007291070E7
:10DEB00014D10299B4F5805F0AD0B4F5804F0ED02A
:10DEC000B4F1006F12BF0020D8B2FFF7C3FC10BD41
:10DED000D8B2002918BF0121FFF74CFC10BDD8B201
:10DEE000FFF774FC10BD10B5122814464FF0000265
:10DEF00008BFB1F5800F05D10299D8B2C9B2FFF7BA
:10DF00003BFA0122227010BD10B5144600221428DD
:10DF1000227008BFB1F5803F06D1DDE90212D8B208
:10DF2000C9B2FFF725FB01220020227010BD0000BE
:10DF300070B50D4600211446C61F11700E2EDDE986
:10DF4000041211D8DFE806F00815141414141F1475
:10DF50001414141429343C00402D09D1D8B2C9B28C
:10DF6000D2B2FFF7E1FB45E0022808BF042D2ED016
:10DF700070BDB5F5803F32D0B5F5806FF8D1D8B21D
:10DF8000FFF700FD12E0B5F5807FF1D1D8B2C9B23C
:10DF900092B2BDE87040FFF7B7BDB5F5800F25D050
:10DFA000B5F5803FE4D1C8B2FFF7F4FA10BBDFE764
:10DFB000B5F5806FDCD1D2B21846FFF76BFA0BE0F3
:10DFC000042DD5D1D2B21846FFF70EFB12E092B263
:10DFD000D8B2C9B2FFF798FB0028C9D10AE0D8B27D
:10DFE000002A18BF0122FFF7D9FC03E0D2B218467D
:10DFF000FFF708FA0120207070BDB0B51446024644
:10E000000020122A20700ED0152A12D1B1F5007FFF
:10E0100012D104ADD8B226CD2B46C9B2FFF704FB0E
:10E0200001212170B0BD102906D1D8B2FFF786F9C1
:10E0300000B1B0BD012020700020B0BD00201070E4
:10E0400070470020107000207047000070B5144623
:10E0500011280ED0172814D0252817D027281BD018
:10E06000282824D0312808BF20293FD100F0CAF940
:10E070003CE001293AD12648016821F040010160C5
:10E0800043E0012932D1FFF78FFA3EE0B1F5805F1E
:10E090002CD1FEF765FE38E0B1F5807F26D11D4812
:10E0A0000168D0F8CC01084318BF01202EE0B1F57B
:10E0B000002F27D040291BD0B1F5802F1ED0082972
:10E0C00014D1164D164E01202870D6F8A00020F06D
:10E0D0000800C6F8A000FDF743F5D6F8A010002010
:10E0E000287041F00801C6F8A0100FE000200DE0F4
:10E0F00009480068B0FA80F0400907E0002000F00D
:10E100004FFB02E0002000F079FB0120207070BD81
:10E1100000040940B0F840204C000440EC7F40204F
:10E1200028EC402070B586B0144602460020142A20
:10E1300020701BD0072A36D1B1F1804F32D10AA806
:10E14000BDF83430BDF83020BDF83840BDF83C5043
:10E15000BDF8406000F11C01059110F8041F9DF806
:10E1600028008DE87000FFF7BFFB1CE0B1F5005FF1
:10E1700018D10AA8BDF83430BDF83020BDF83850A9
:10E180009DF83C6000F11801049130F8041F9DF8DF
:10E190002800CDE90056FFF7C5F9FF281CBF012173
:10E1A000217000E0002006B070BD002010707047A4
:10E1B0000B4900280A6A22F0010308BF42F001035C
:10E1C0000B6200280A6802F000420A60054A04BF98
:10E1D00044F22012C0F200520868104308607047F1
:10E1E0007040084060080001022070472C4A00215E
:10E1F000072904D05356834201DA0131F8E7764803
:10E20000817170472DE9F84F82467348DFF8DCB41E
:10E21000144600260091417180F804A00020072ECA
:10E2200007D01BF90610A14203DA00F58050013631
:10E23000F5E740EA0165DFF8F0974FB24FF00008CC
:10E24000B8F1070F09D05FFA88F0394649F828502D
:10E25000FEF7A4FD08F10108F2E75F49A2454E7000
:10E2600004BF1BF8060008710098A04204BF1BF809
:10E2700006004871BDE8F88FB0B55749094B0A4D03
:10E2800053F820404A7806492C40895662F30E34F0
:10E2900044EA016243F82020BDE8B040FEF77EBDAD
:10E2A000F87E4000F0ED4020FF8FFF00044805A1FC
:10E2B0000068C0F34100032808BF0220085C7047D3
:10E2C0003428084001000200FEB504464DF6EC007B
:10E2D00002A90DF10602A0870420ADF80600062071
:10E2E000FAF742F3029EE94F300EB870387820B149
:10E2F00097F9030000F0D8F827E0FF21350C300A29
:10E30000F9702906B1EB066F05DD41B268B202462D
:10E31000FFF778FF05E041B270B20246FFF772FFE7
:10E32000354668B2FFF762FF2C4881686FF39A4167
:10E330008160816841F02A718160C1686FF39A4100
:10E34000C160C16841F02E71C16076B20025112014
:10E3500084F83A5084F838000A2EC8BF01250B2EE5
:10E360000BDB304600212A4600F0F0F8B978D1B135
:10E370001A490A6842F00C0214E0387838B9F87883
:10E38000022804D00220F870022000F08DF83046F8
:10E3900001212A4600F0DAF8B97821B10F490A685C
:10E3A00022F00C020A6084F83B50114D84F83900C9
:10E3B000DFF82CC00B490C4A0C4B0F4E0F4F104886
:10E3C000A5620C4DC4E90207C4E90462C4E9063140
:10E3D000C4E9085CFEBD00BFEC7F4020EC40084073
:10E3E000117E4000E57E40008D7A4000FD794000BE
:10E3F000517940009D7D4000B17E4000417B40004E
:10E40000E97A400018481949194A1F4B0A5019481F
:10E41000194A0260194A4260194A826040F25572F4
:10E42000C260184A1360194B5360194B9360194B23
:10E43000D3600D230A6863F3050250230A6016496E
:10E44000425863F317424250425863F307020B23CA
:10E4500042501249425863F30E220323425042585D
:10E4600063F306024250704770FCFFFF000409404E
:10E47000001020208008094037053C005003500060
:10E4800055075000900809400709090003050700D7
:10E490000309A81C030028170CFCFFFF10FCFFFF5A
:10E4A000063840B2704700001F4902280A6822F06F
:10E4B00006020A600A6822F001020A604A6822F431
:10E4C00078424A604A6822F480624A6010D001288B
:10E4D00014D010BB086840F002000860086840F0E3
:10E4E00001000860486840F400604860486812E035
:10E4F000086840F004000860086804E008680860E4
:10E50000086840F001000860486840F478404860BE
:10E51000486840F480604860704704A004A14FF44C
:10E52000017249F4C3BC00BF342808403000000029
:10E5300072665F74785F706F7765725F636C61732A
:10E54000735F636F6E6669670000000070B50C460C
:10E550000546012A08D136490020082816D00A5C51
:10E56000AA4214DA0130F8E7FFF7A0FEC0EB001072
:10E57000304901EB40000021102916D010F911207C
:10E580007F2A14D0AA4213DA0131F5E70022511B89
:10E59000B4FA84F218BF012152091140C2B2002A14
:10E5A00018BF01221140401A16E0102100E0013985
:10E5B000CAB2002610F91230AB42B4FA84F3C8BFD5
:10E5C00001265B09002A18BF012233401A40891A2C
:10E5D000C9B200EB41004078C0B270BDB0B515467D
:10E5E0000446FFF763FE3DB1601C072C15D80138C7
:10E5F000FBD10F48005D11E0C0EB00120D4901EBAB
:10E6000042030022102A08D003EB42056D78FF2D4B
:10E6100003D0A54204D00132F4E7002040B2B0BDDF
:10E62000C0EB001001EB400010F81200F6E700BF4D
:10E630007C7F4000FF7E400070B5ED492A4D51F8C7
:10E640002020C2F3023395F90540B4EB226F1ADAA9
:10E65000CBB1274C5E1E2240244CF3B266F30E323F
:10E66000E45642EA046241F820202146FEF796FB78
:10E6700095F9050000218442B6FA86F0D8BF012141
:10E680004009084370BD012070BD00BFEC7F4020F1
:10E69000F8B5E549E64E51F82020C2F3023596F967
:10E6A0000430B3EB226F1CDD072D1AD00F4C6B1C0E
:10E6B000DE4F3A40E45663F30E3242EA046241F818
:10E6C00020202146FEF76AFB96F9040000218442CF
:10E6D0004FF00000A8BF0120052D88BF012108438D
:10E6E000F8BD0120F8BD00BFEC7F4020F87E40005F
:10E6F000FF8FFF00F8B5194F06460D46002014465F
:10E70000C7E901128DF8030015A128460322F8F786
:10E7100073F758B113A128460322F8F76DF728B113
:10E7200011A128460422F8F767F7B0B9F8F7FEF50B
:10E730003878012800D1FEE7012038704DF420FC24
:10E740000B4803681BB130462946224698474AF4D5
:10E750000DFD9DF803000028FBD0F8BDE07F4020B0
:10E760005F6B65006B655F00706C6174000000009A
:10E77000C0E54020B0B50546F8F7D8F5044607488F
:10E780002946FEF70AF418B104482946FEF7D4F3E7
:10E790002046BDE8B040F8F7CDB500BF98FA40205C
:10E7A0002E4910B12B4B2C2208E0134801F5C05123
:10E7B0002B4B026822F0400202607122264803615E
:10E7C00041614FF48041C2608160816841F4086119
:10E7D0008160816841F410718160816841F00101BC
:10E7E000816001688907FCD501214160816821F0C1
:10E7F00001018160704700BF000409401649174AB3
:10E8000010B1144B2C2009E0012002F5C052144B2A
:10E810004860886820F00100886071200B614A61BF
:10E82000C86044F210008860886840F4086088601E
:10E83000886840F410708860886840F00100886043
:10E8400008688007FCD501204860886820F0010036
:10E850008860704708ED4020001000400028084004
:10E86000005E402070B51A481A4930224BF4EFF987
:10E87000194A262508234FF480701A4E4FF401746C
:10E880001749C2F8C4504FF48235C2F89C00C2F850
:10E89000A430C2F8803011484FF48203C2E9076502
:10E8A000114D4FF40076C2F8A0504FF48055C2F8D5
:10E8B00094500125D565C2E91065C2E91213C2E979
:10E8C00014044FF4887050630420906070BD00BF42
:10E8D000E8E44020847F400028EC4020003501809F
:10E8E000140040004050084848000C0070B5012852
:10E8F00031D00C46084611461D461646FEF724FB4D
:10E90000012E04D120462946FEF72EFB0AE03A48A4
:10E910009421408804FB01001049425A22F0FF0272
:10E920002A444252344841888088401A942190FBFE
:10E93000F1F0A04211DD2D48012E50F8241066F3AD
:10E94000CB2140F824101ABF21F0FF01294465F3C0
:10E950000A2140F82410002070BDFEE71A804020F4
:10E9600070B50C4680B301283DD104EB4402214B25
:10E970002D4843EA4212204B50F82400DC8C00F46E
:10E980000061155B25F4006529441153C108DC8C36
:10E9900049091444E58861F34715E580D98C114491
:10E9A0008A8A60F307028A8214490A68D2041AD458
:10E9B0000A68000A00F0070022F460620A600A6830
:10E9C00042EA402008600EE0084850F824602046E3
:10E9D000C6F3C0252946FEF7B7FA25B1C6F30221D2
:10E9E0002046FEF7C1FA002070BD00BFB8ED402000
:10E9F000F0ED4020008040200CEE4020B0000940A7
:10EA000010B5094A094B52F820100B4008498C797F
:10EA100091F9041064F30E3343EA016342F82030A5
:10EA2000BDE81040FEF7BAB9F0ED4020FF8FFF00BF
:10EA3000EC7F402000220A28C8BF0122002918BF0D
:10EA4000012142EA010070470004070A0D1013EC8F
:10EA500013EF15F217F61BF71DF81EF920FA22FB2B
:10EA600024FC27FD2BFE2FFF34003E7FFFEC11F02E
:10EA700013F317F718FA1BFD1E0025012B022F03B5
:10EA800034043D7FFF000000000000E610F011F9A3
:10EA900012FE130115041A052006240728082E0962
:10EAA000340A3E7FFF00000000000000CD704000EF
:10EAB000C57F4000820000000D714000C07F400013
:10EAC000D10000006001B400500BEE030003060A01
:10EAD0000D0D101389724000D9724000557340002B
:10EAE00097734000B9734000E1734000AB7440007D
:10EAF000ED744000F3744000FD744000D575400093
:10EB00005B76400065714000C87F40004A0000000D
:10EB100042313642004242004242484848480000E2
:10EB2000C9714000C67F40004100000090270840A6
:10EB300048435450F000000064660200BDF9022111
:10EB40001420000004F0D0B0248E0100EDF308B9C9
:10EB50005C130500B6F322BCE4D90100E8F37DBBE9
:10EB60003CAF0200DBF390B808890500ADF3BCBBF5
:10EB700024B50000FAF3ECBD0CEF0400B7F308B9BC
:10EB8000C04E0100022900BFCC3B00001040022013
:10EB900038A70400841D062CC0A00200514638444A
:10EBA00094B505000FF00C00D4980100ECF334BECE
:10EBB000785A000000F064B39859000000F0DDB30B
:10EBC00050810400002014493859000000F010B4AE
:10EBD0009CA6040018BF002158B10200002482F84E
:10EBE000B0B5000002E045F0502102006EB1D6F849
:10EBF000AC330200012182420C81040001F00000CC
:10EC00007CB20200DAF373BFB4B20200DAF361BF80
:10EC100028A000000C0A0329F49E0000D847B91C64
:10EC2000A0ED0100E7F3F7B980B500F059FF034804
:10EC30000349016003488121017080BD900140209B
:10EC4000915240009009402000F00EB970475146A3
:10EC500000F0F6F904464AF6C131C0F20101084756
:10EC60000AD1F80703D12046012104F46DFA44F6D5
:10EC70000F11C0F20201084744F60551C0F202012B
:10EC8000084770B5044600F0D5F9204641F6895290
:10EC9000C0F20202104742F2107108440490684624
:10ECA00049F2A971C0F203010847AC69A24288BFCA
:10ECB00022467C2B04D84DF65D34C0F20204204776
:10ECC0004DF67134C0F202042047284600F076FB6E
:10ECD000904288BF024690B2618AADF8122040F699
:10ECE000A912C0F20302104758460B4600F066FB1B
:10ECF0001946884288BF0146AAF81010608A0B4660
:10ED000041008B4288BF1946042988BF0A464EF24B
:10ED10005133C0F20203184706B400F0CFF806BC26
:10ED20004BF62343C0F20103184735B1D5F864719F
:10ED300041F60176C0F20206304741F62B76C0F26A
:10ED40000206304759450BD8A6F80A8008EB09019E
:10ED50001FFA81F8D8458CBFA6F80CB0B18101E04C
:10ED60004FF0030049F24521C0F2050108474FF07A
:10ED7000FF0200F09FF945F22F51C0F2020108474F
:10ED800001B44BF427F908B96F6801E005F10407F5
:10ED900001BC31464AF6E102C0F20102104706D03A
:10EDA000032804D04BF6DD30C0F2010000474BF6DB
:10EDB000C330C0F2010000479DF818008DF819001B
:10EDC000684654F47DFA49F2AD70C0F20300004782
:10EDD0004649032818BF00210846704780B5012026
:10EDE0004FF4806114F402FA30B90448083001F499
:10EDF0006EF808B1808880BD002080BD30074020BB
:10EE00007CB505464BF4E6F800281448144E18BFAC
:10EE100004358DF80050EDB20468306801944EF46A
:10EE20001DFEA84203D20F480068043011E030688C
:10EE300021462A464EF448FE684615F41DFB02287A
:10EE400005D0012808D107480068023001E00548D4
:10EE500000680188013101807CBD00BF3060402026
:10EE6000B0024020B4024020B0B50C460546FAF787
:10EE700097F7296809B1696800E029460C6000210C
:10EE80006C602160BDE8B040FAF78EB700210068E1
:10EE900008B10131FBE788B2704700000249012246
:10EEA00089690A54704700BFC80C4020C9B20329C1
:10EEB00008BF00F0DFBC0020704700007F22B2EBEB
:10EEC000500F06D148780A4900EB400001EB800062
:10EED000704741080548044B01EB4102032918BF64
:10EEE00003EB8200704700BF54E50500F85F400067
:10EEF00078E805002DE9F047384C984616468946D3
:10EF00008246050A002700F0E5FD87420BD2206803
:10EF100050F8370028B1418BA94202D1007FB0429E
:10EF200001D00137EFE7FEB200F0D4FDB04222D9A4
:10EF3000206850F83700C17F042930D190F82210A2
:10EF400029B9304625F454FB206850F8370024498D
:10EF500080F82080807F0968022851F8251091F8F8
:10EF60003610B1FA81F14FEA511225D128460D2110
:10EF70001BF40EFE24E01A48B9F1020F006850F8A5
:10EF8000250090F83600B0FA80F04FEA501328467A
:10EF90000CD10D210222BDE8F0471BF4ABBE11A03D
:10EFA00040F22D11BDE8F04751F4A5BA2C21022200
:10EFB000BDE8F0471BF490BE28462C211BF4DCFD75
:10EFC00050461DF41DFA2068082150F83700C1771B
:10EFD00050460521BDE8F04714F4CEBA1C0340208A
:10EFE000180340206C635F73636F5F7061746368C4
:10EFF0002E630000F8B50646BB480D46006800EBDE
:10F00000C101496899B1C97889B950F83500C07F04
:10F01000053801280BD82846144625F4E9FA30466D
:10F02000294600222346002719F4D2FF00E00127D9
:10F030003846F8BD91F8C50181F8390070470000E5
:10F04000B0B50D460446FAF7ABF66349096851F8C6
:10F050002510002569B191F89610094A01EB41018C
:10F0600042EA4111994AD28C895A490458BF4FF457
:10F07000C875FAF799F6601C20F001002844B0BD6D
:10F08000068040205449096851F8200030B190F8BA
:10F0900099000338B0FA80F04009704700207047AB
:10F0A000C8B24D49096851F82000002818BF012056
:10F0B000704700BF2DE9F04190460D460646FAF72D
:10F0C0006FF6074609480830FFF7E0FE0446384669
:10F0D000FAF76AF60A2C88BFBDE8F0813046294667
:10F0E0004246BDE8F04114F4EBB900BF880540206A
:10F0F00070B539490025096851F820406E1C4AF462
:10F1000031FF85423546F9D320491F480968006818
:10F110004A7800212AB108C8013A002B18BF0131F2
:10F12000F8E7C8B241F2F9510228194808BF41F284
:10F130001711418094F8970040B994F89F0028B9BE
:10F1400094F8A00010B994F8AB00E0B124F436FCB8
:10F15000A17E602928BF6021A176616E421A081A3B
:10F1600022F0704220F07040B2F1006F88BF42423E
:10F17000B2F5707F07D3B4F89C00616801EB4000E2
:10F1800004490840606070BD2C0340200800402006
:10F1900098024020FCFFFF0F0F49096851F820003A
:10F1A000C0B1426ED0F8BC30991AD21A21F0704129
:10F1B00022F07042B1F1006F88BF5142012909DB92
:10F1C000890A827E01EBC101C9B21144FF2928BF1F
:10F1D000FF218176704700BF280340202DE9F041D0
:10F1E0000D4CDFF8E080394F224E206890F8470040
:10F1F00000F042F868B198F82100398D46EA001015
:10F20000405A850724F426FC002DEED10120BDE8EC
:10F21000F0810020BDE8F0813C0340202DE9F0475B
:10F220001348DFF8A080DFF8E499046811488246AB
:10F23000861C94F8390000F01FF8B0B198F821004E
:10F24000B9F828204AEA001146EA0010895A875A7C
:10F250008D0724F4FFFB002DEBD107F07800082880
:10F2600004BF0120BDE8F087E3E70020BDE8F08798
:10F27000400340200280402070B5044611481249E6
:10F2800090F8210041EA00101049098D465E0844BB
:10F290004088B4EBD02F4FEAD02508D0B6F1FF3F1D
:10F2A00005DC284600F0F0FA08B124F4D3FB291B52
:10F2B0000020002EB1FA81F148BF01204909084021
:10F2C00070BD00BF6005402000804020F800402055
:10F2D00080B50549096851F8301009B1012080BD99
:10F2E00025F486F9002080BD1C03402010B514468B
:10F2F000FAF756F50649074A0968914204D1617840
:10F30000022904BF03216170FAF74EF5002010BDF9
:10F310001C2A4020A5A55A5A2DE9F04115460C4655
:10F320000746FAF73DF5DFF850800646D8F80000AA
:10F3300050F8271061B191F8920048B1088D28B1BA
:10F34000FFF794F5D8F8000050F827100D858C854C
:10F350003046BDE8F041FAF727B500BF0649096815
:10F3600051F8200038B1018D29B1B0F886008142F2
:10F3700018BFFFF77BB57047E002402080B558B159
:10F3800090F89710022907D190F8960001211622D3
:10F3900033F420FD002080BD012080BD50B106491E
:10F3A00091F8393091F83B20D1F820C090F89610B0
:10F3B00000206047704700BF6C154020074909686E
:10F3C00051F8200038B1406E40F2712100F59C7078
:10F3D000B0FBF1F070470020704700BFF4024020FE
:10F3E0002DE9F04F89B0DFF810930C460D78D9F86D
:10F3F000181001EB851010F83C2F052A1ED14FEA9A
:10F400008518627851F808A0BAF1000F1CD06AB3D1
:10F4100004F10E06217F304642F4BAF860B3284664
:10F4200001214FF0010B35F427FDD9F81800002118
:10F430000B2700EB851080F83C10BAE0AFA040F23B
:10F44000191151F458F852E1B2FA82F000214FF04C
:10F45000000B4009470042F20E0042F405F8D9F8CB
:10F46000180000EB851080F83CB0A2E04FF0000BD4
:10F47000022780F800B09CE00020D4F81D108DF821
:10F480001100A08ACDF80A1001A9ADF80400D4F843
:10F490001600CDF8060094F821008DF80E0094F8BF
:10F4A00024008DF80F0094F823008DF81000D9F88F
:10F4B0004800CDF8120099F84E008DF81800B9F800
:10F4C0004F00ADF81900D9F85200079099F856008E
:10F4D0008DF8200028462BF409FF41F441FED9F8AD
:10F4E0001800618B4FF0010B894A042700EB85104F
:10F4F000C181A18AA0F818B0C58285828900818166
:10F5000099F80F11002908BF0A46826094F822205A
:10F5100000290AEB0212138BD28A18BF012189003D
:10F5200081765100042988BF5700B9B20782B1EB38
:10F53000430F38BF59004182043053F4CBFDD9F852
:10F540001800B18800EB851001843168C161D9F8D9
:10F550001800217F00EB851001F0010180F82210D6
:10F560000021D9F8180000EB851080F8231009213C
:10F5700080F83C103046217F41F4ACFF97498A88DF
:10F58000C988891A0C2291FBF2F181420CDD00EB53
:10F590008001D9F8302002EB4101497A890703D56F
:10F5A000227F31463DF448FD5A480027806900F823
:10F5B00005B099F81100800722D441F20310002110
:10F5C0003E2214234FF0000A13F4F0FE06460230E8
:10F5D0001221FAF704F70120BBF1000F77703070A9
:10F5E0005FD0758086F804A0207F81072CD400F0BE
:10F5F00001007071D4F80E00C6F80600608A29E098
:10F6000041F2031000213E22202313F4CFFE0646D0
:10F6100002301E21FAF7E3F60A20BBF1000F7770E3
:10F6200030703ED0002075803071608A7081D4F8CF
:10F630000E00C6F8060006F10C009AF801108907C2
:10F6400013D40021818014E001207071A068C6F8F5
:10F650000600A0897081A08AB081D4F81600C6F88F
:10F660000E0094F82400B0741BE0E1888180D4F887
:10F670000210016006F11200217F890702D40021E7
:10F68000818002E0A1898180A1680160207F707182
:10F69000A08A3083D4F81600C6F81A0094F8240023
:10F6A000B07730460FF464FDD9F8180050F8080020
:10F6B00038B10C3813F4A2FED9F81800002140F834
:10F6C0000810002F8BF0010018BF012738430ED11E
:10F6D00041F2031000213E22062313F467FE142199
:10F6E0004580017094F8251001710FF441FD002050
:10F6F00009B0BDE8F08F00BF781140206C6C6D5FE1
:10F70000696E69745F70617463682E630000000045
:10F71000FDDC0200C80C40201A49096851F820009D
:10F7200038B1018D29B1B0F85200814218BFFFF7FE
:10F730009DB370472DE9F04115460E460746FAF78E
:10F740002FF3DFF840800446D8F8000050F8271067
:10F7500099B191F8570050B1088D28B1FFF786F3A1
:10F76000D8F8000050F827100D854E8505E0384682
:10F7700031462A46012338F4F9FA2046BDE8F04123
:10F78000FAF712B3FC02402070B504461148124942
:10F79000007AC0EBC00041EA800010490989465E4A
:10F7A00008448089B4EBD02F4FEAD02508D0B6F1B9
:10F7B000FF3F05DC284600F037F808B939F496FF1A
:10F7C000291B0020002EB1FA81F148BF0120490910
:10F7D000084070BD1006402000804020F800402006
:10F7E000F0B510490968D1B100220023022A04BFF4
:10F7F00003F00100F0BD51F8224074B10025B02D96
:10F800000BD0661996F82F70874204D196F83060B5
:10F81000012E98BF01235835F1E70132E6E70020B9
:10F82000F0BD00BF00034020AC49096889788142DF
:10F8300098BFFFF7D5BF0E49896901EB8010012100
:10F8400090F83C0001FA00F040F253418843002850
:10F8500018BF0120704700BF054901EBD00100F03F
:10F860000700097C21FA00F000F00100704700BF9A
:10F870007811402040F209220249904218BF00212D
:10F8800008467047C5574000B0B504464AF46AFBC5
:10F89000A04209D90A4904EBC400496B08448079A5
:10F8A000B0FA80F0450900E000254AF45BFB04490A
:10F8B000604091F84410084308BF01252846B0BDB8
:10F8C0008C1240200020704770B5054640780C46E9
:10F8D000182813D10C49200A096851F8206096F8BD
:10F8E000360001280AD1204613F422FE322805D022
:10F8F00096F83C0002281CBF002070BD2846214617
:10F90000BDE8704044F442BD1803402010B51446D1
:10F9100038B1112808BF08290AD1D8B2FFF7ACFCCA
:10F9200007E0B1F5000F03D1D8B2FFF72DFF00E0DB
:10F9300000200021217010BD10B51446072823D0E7
:10F9400031280BD0142810D0152817D00D2808BF47
:10F95000102923D1D8B2FFF7DFFE24E0B1F5804FA4
:10F960001CD1184600F0ACF81DE0B1F5805F17D04F
:10F97000022913D1D8B2FFF7BBFB14E080290DD1C7
:10F98000D8B2FFF7A5FC13E0B1F5802F0DD0B1F58B
:10F99000002F03D11846FFF701FD04E000200BE023
:10F9A000D8B2FFF7F9FB012006E01846FFF7E6FCA6
:10F9B0000138B0FA80F04009207010BDB0B514468F
:10F9C0000A46DDE90415022816D029280CD0132890
:10F9D0001ED00D2808BFB2F5807F25D1AAB2D8B2BB
:10F9E000C9B2FFF7A7FE1FE0802A1DD198B2C9B2A5
:10F9F000EAB2FFF7FFFA12E0042A18D0802A13D1E6
:10FA0000D8B2EAB2002918BF0121FFF7A7FC13E022
:10FA1000B2F5803F08D1EAB21846FFF741FB013842
:10FA2000B0FA80F0400900E000202070B0BDAAB21A
:10FA3000D8B2C9B2FFF770FC0120F6E7B0B51446A2
:10FA400002460020152A10D1B1F5007F4FF00001C9
:10FA50000CD104ADD8B226CD002D18BF01252B4600
:10FA6000C9B2FFF743FC012100E000212170B0BDC5
:10FA700010B514461B2806D0192808BF012907D144
:10FA8000FFF7ACFB05E0012902D1FFF7C7FB00E05F
:10FA900000200021217010BDB0B5132814464FF08E
:10FAA000000508BF012906D18220012101254AF461
:10FAB00023FD024908602570B0BD00BF30604020C2
:10FAC00001494162704700BF715F40000348006810
:10FAD00080787047014800684078704708004020EF
:10FAE0001D481E494FF440234FF0011201601C488D
:10FAF0001C4901601C481D4901601D481D490160E9
:10FB00001D481E4901601E481E4901601E4844F2FE
:10FB10000401C0F8C4104FF48871C36141F20203BC
:10FB200041634FF42071C0E9132341654FF48071A4
:10FB3000C0F8CC100121C1664166082141648421CE
:10FB40008160D0F8A41041F08001C0F8A4104FF0FB
:10FB500084510160704700BF980140201D5D400046
:10FB6000B80140207D5E4000A8014020A15D40001A
:10FB7000AC014020215E4000B4014020555E4000B1
:10FB800094014020F15C4000A8084020F8B501280D
:10FB900037D114460D464AF4E5F9A8422CD9284637
:10FBA000FFF770FA012827D105EB4502174C1649DB
:10FBB000174F41EA4213E58C585B20F4006697F832
:10FBC000390097F83B7046EAC726012F5E534FEA8B
:10FBD0004213E28C1FBF143119438B5A23F0FF03E9
:10FBE00011BF1844063119438B5A04BF23F0E003B8
:10FBF00043EA4010885204E001202946224654F48A
:10FC0000A9FE0020F8BD00BF00804020F800402081
:10FC10006C154020AD5C40002C604000820000006C
:10FC200008000400400010006001B400500BEE0317
:10FC300050002C00D002CE01131510001B00120042
:10FC4000740ADC055C4C461742420000484354509D
:10FC5000C80000003078050032206863C8620000E8
:10FC6000FEF3B0BEBCAB0100EAF339BA004D0200AE
:10FC7000E0F3A0B960790400DF480021841D020090
:10FC8000E3F36FB9A4970300CBF369BC509305006D
:10FC9000ABF3EABEA0090300D4F385BB44E3020042
:10FCA000D6F3C2BE08BC0100E9F378BAFC1E02001C
:10FCB000E3F307B928550200DFF313BEDCA8010007
:10FCC000EAF342BC785E020001218242D0EF0100DB
:10FCD000E6F382B9C0BB0100E9F3DFBA685B02005A
:10FCE000C302C2F3588D0200042221F0E496020000
:10FCF000FF010422D4CA030008464749A89703001D
:10FD0000CBF3F8BC68FB0300381018E0EC5200009D
:10FD1000FFF368BF88590000FFF32CBC50414348F3
:10FD2000810000000D50400000F0FF00FDCFFF00FB
:10FD3000FCEFFF00050001001DB0020037C003000A
:10FD400038B002001580FF00D5FFFA008A9FF60048
:10FD5000518FF40050DFF600A1CFFE004E300C00B2
:10FD600048511D0065122F006FB33D002CF4450073
:10FD7000700400003C183C1802300C3013303C2852
:10FD80006418083009300A300B300C3064284018F1
:10FD90000B301130402858180030582802504018B5
:10FDA0000A30402802505818053058284C1807309F
:10FDB0004C28601804300930153060283C18143085
:10FDC0003C2828180B30282800180D300730002850
:10FDD0001418074014281C1813300B300D401C2831
:10FDE00014180C3005400430034014280418023065
:10FDF0000630042848180D304828101800301030FC
:10FE000011301230102800180C3007300028141858
:10FE10000C30074014281C1813301C2834181630D6
:10FE200010301530342800F0101810181040114010
:10FE300012401028025048180D404828006024281D
:10FE40006C2800180D4000281C1813400B400D3082
:10FE50001C2814180C4005300440033014281418D2
:10FE600007301428041802400640042800180740F0
:10FE7000002828180B402828101800401028641863
:10FE8000084009400A400B4064283C1814403C28B4
:10FE900040180B40114040280070A8280080AC2872
:10FEA0003C180C4013403C285818054058284C1862
:10FEB00007404C286018044009401540602808504D
:10FEC00040180A404028055058180040582814503F
:10FED00074181D407428095064180C4064283C189C
:10FEE00002403C2800F000F01018101808301030C4
:10FEF00011301230102800180C3007300028141868
:10FF00000C30074014281C1813301C2834181630E5
:10FF10001030153034283C1814303C286418083050
:10FF200009300A300B300C30642840180B30113087
:10FF300040283C1802300C3013303C2828180B3075
:10FF4000282800180D3007300028141807401428FE
:10FF50001C1813300B300D401C2814180C300540B1
:10FF600004300340142804180230063004284818CE
:10FF70000D30482810180030103011301230102881
:10FF800000F000F010181018114012401040102816
:10FF900002500060082800180C40002814180C407B
:10FFA00014281C1813401C281418073014281E503D
:10FFB0000018074000281018084010283C1814406A
:10FFC0003C2834181640342840180B30402805507F
:10FFD000341810401540342874181D4074280950F6
:10FFE00000F000F0101810181230113010300930E5
:10FFF000102800180C300730002814180C30074067
:020000041206E2
:1000000014281C1813301C284418033006401130E3
:100010001630442860180430093015301430602838
:1000200048180D3048283818094038285818053025
:100030000630073058284C181B30063007304C2843
:1000400050180030013002300330502800F000F02A
:100050001018101812401140104010280250006073
:10006000082800180C4000281C1813401C281418DD
:100070000C4014281418073014282D50001807407D
:1000800000284418164006304428601804400940EF
:1000900015401440602848180D4048283818093089
:1000A0003828581805400640074058284C181B406F
:1000B000064007404C2850180040014002400340D1
:1000C00050280550101809401028441803401140CA
:1000D000442874181D4074281E5000F05177797719
:1000E000A177C977F1771978417869789178B978EB
:1000F000E1780979317959798179A979D179F979D1
:10010000217A497A717A997AC17AE97A117B397BB5
:10011000617B897BB17BD97B017C297C517C797C9B
:10012000A17CC97CF17C197D417D697D917DB97D82
:10013000E17D097E317E597E817EA97ED17EF97E68
:10014000217F497F717F997FC17FE97F118039804D
:1001500061808980B180D980018129815181798133
:10016000A181C981F1811982418269829182B9821A
:10017000E1820983318359838183ED7615773D7759
:1001800065778D77B577DD7705782D7855787D782B
:10019000A578CD78F5781D7945796D799579BD7912
:1001A000E5790D7A357A5D7A857AAD7AD57AFD7AF8
:1001B000257B4D7B757B9D7BC57BED7B157C3D7CDD
:1001C000657C8D7CB57CDD7C057D2D7D557D7D7DC3
:1001D000A57DCD7DF57D1D7E457E6D7E957EBD7EAA
:1001E000E57E0D7F357F5D7F857FAD7FD57FFD7F90
:1001F00025804D8075809D80C580ED8015813D8175
:1002000065818D81B581DD8105822D8255827D825A
:10021000A582CD82F5821D8350777877A077C87745
:10022000F0771878407868789078B878E07808792E
:10023000307958798079A879D079F879207A487A14
:10024000707A987AC07AE87A107B387B607B887BFA
:10025000B07BD87B007C287C507C787CA07CC87CE0
:10026000F07C187D407D687D907DB87DE07D087EC6
:10027000307E587E807EA87ED07EF87E207F487FAC
:10028000707F987FC07FE87F108038806080888092
:10029000B080D8800081288150817881A081C88178
:1002A000F0811882408268829082B882E08208835E
:1002B000308358838083D97629777977C9771978FD
:1002C0006978B97809795979A979F979497A997A5E
:1002D000E97A397B897BD97B297C797CC97C197D3A
:1002E000697DB97D097E597EA97EF97E497F997F16
:1002F000E97F39808980D98029817981C9811982F2
:100300006982B982098315776577B577057855785D
:10031000A578F57845799579E579357A857AD57A2C
:10032000257B757BC57B157C657CB57C057D557D06
:10033000A57DF57D457E957EE57E357F857FD57FE4
:1003400025807580C58015816581B58105825582BE
:10035000A582F58245830004B203D402880100001F
:1003600078FE2CFD4EFC00FC4EFC2CFD78FE0000BF
:100370008801D402B203000078FE2CFD4EFC00FC84
:100380004EFC2CFD78FE00008801D402B20300046C
:10039000B203D40288010003060A0D101315FFFFF3
:1003A0001AFFFF28FF2E343E00040A0D101300062A
:1003B0000204020303040102030000030102060415
:1003C00005070410181820080804020800003C0261
:1003D0007804B306EE08280B610D990FD0110614AE
:1003E0003A166C189D1ACB1CF71E212148236C2548
:1003F0008E27AC29C72BDF2DF32F0332103418368C
:100400001C381C3A173C0E3EFF3FEC41D443B64526
:1004100093476A493C4B084DCD4E8D504652F95397
:10042000A5554B57EA58825A135C9C5D1F5F9A6032
:100430000D627963DD6439668D67D9681D6A596B11
:100440008C6CB76DD96EF36F04710C720B73017401
:10045000EE74D275AD767F7747780679BB79677A87
:100460000A7BA27B327CB77C337DA57D0D7E6C7EC2
:10047000C07E0B7F4B7F827FAF7FD27FEB7FFA7F87
:10048000FF7F7072696E745F737973696E666F0057
:100490004442475F547269676765725F49525148C9
:1004A000616E646C65720053686F77207379737442
:1004B000656D20696E666F726D6174696F6E005F45
:1004C0005F636D645F737973696E666F00666F72E8
:1004D00077617264206C63707520636F6D6D616EFF
:1004E00064005F5F636D645F6C63707500000000A3
:1004F00019850512208505122785051231850512FB
:100500003B850512438505127072696E745F7069D0
:100510006E5F7374617465007369666C695F70699E
:100520006E5F6D6F6465007369666C695F70696E9C
:100530005F72656164007369666C695F70696E5FA4
:100540006174746163685F697271007369666C6974
:100550005F70696E5F646574746163685F6972710E
:10056000007369666C695F70696E5F6972715F655F
:100570006E61626C6500636865636B5F7773725F61
:1005800070696E0070696E5F6972715F6864720095
:100590006472765F70696E5F636865636B00706933
:1005A0006E206770696F2066756E6374696F6E7315
:1005B000005F5F636D645F70696E000055580312E1
:1005C0001D580312CD570312DD4E0312C94F0312FB
:1005D000CD55031200000000000000007369666C36
:1005E000695F636F6E666967757265007369666CD3
:1005F000695F636F6E74726F6C007369666C695FBC
:1006000070757463007369666C695F676574630015
:100610007369666C695F646D615F7472616E736D3E
:1006200069740072745F68775F75736172745F6973
:100630006E6974320048414C5F554152545F4572B7
:10064000726F7243616C6C6261636B0048414C5F16
:10065000554152545F527848616C6643706C7443E4
:10066000616C6C6261636B00756172745F69737257
:1006700000756172742073657474696E67005F5FE2
:10068000636D645F7561727400000000295E03127F
:100690000D5F0312255D0312E55C0312855D0312F5
:1006A00040420F00080001006C705F74696D657254
:1006B0005F696E6974006C705F74696D65725F73F9
:1006C00074617274006C705F74696D65725F7374CD
:1006D0006F70006C705F74696D65725F636F756ECB
:1006E0007465725F676574006C705F74696D6572C4
:1006F0005F6374726C0074696D65725F696E6974B2
:100700000074696D65725F73746172740074696DF1
:1007100065725F73746F700074696D65725F636F8B
:10072000756E7465725F6765740074696D65725F7C
:100730006374726C00000000B56603125D660312FC
:1007400069650312356503124564031200800000D9
:1007500000010000FFFFFF00010000008D65031293
:10076000E1630312BD6303120D63031231630312CD
:1007700040420F00D0070000FFFF00000100000012
:10078000000000000002000000040000000600005D
:1007900000080000000A0000000C0000000E00002D
:1007A0006472765F70776D5F7365745F62726561A6
:1007B0006B5F64656164006472765F70776D5F6320
:1007C0006F6E74726F6C006932635F6275735F6322
:1007D0006F6E666967757265006D61737465725FCF
:1007E00078666572006932635F6275735F636F6E0E
:1007F00074726F6C0072745F68775F6932635F69EF
:100800006E69743200000000C16E0312696E03123B
:10081000A57103124972031272745F7274635F638D
:100820006F6E666967007274635F657869745F6391
:100830007269746963616C007274635F656E74657C
:10084000725F637269746963616C0072745F727461
:10085000635F636F6E74726F6C0072745F68775F52
:100860007274635F696E6974004558545F444D410A
:100870005F496E697400736176655F657100484118
:100880004C5F4155445052435F527848616C664317
:10089000706C7443616C6C6261636B0048414C5FC7
:1008A0004155445052435F527843706C7443616CBD
:1008B0006C6261636B0048414C5F41554450524348
:1008C0005F547848616C6643706C7443616C6C6211
:1008D00061636B0048414C5F4155445052435F5443
:1008E0007843706C7443616C6C6261636B00626628
:1008F000305F617564696F5F636F6E66696775729B
:1009000065006266305F617564696F5F7472616E05
:1009100073006C6F61645F657100617072635F6426
:10092000656275672072202F2077206964782076B1
:10093000616C7565005F5F636D645F617072635FBA
:100940006465627567006D69635F6761696E005F0A
:100950005F636D645F6D69635F6761696E0000006E
:100960007D7B03121D8B0312A98903129980031248
:1009700065900312C1800312817B0312A5890312C3
:10098000897F0312857B03120000000080BB0000FA
:100990000000E803007D00000000DC05C05D0000F1
:1009A0000000D007803E00000000B80BE02E0000E1
:1009B0000000A00F401F00000000701744AC0000B2
:1009C0000100E803225600000100D007112B0000AF
:1009D0000100A00F401F112B0000000000000100CB
:1009E000609C702E401FE02E0000000000000100FF
:1009F000A8AAAA2A401F803E0100000000000000B3
:100A000000000000401F225601000000000001000D
:100A1000806D702E401FC05D0100010000000100CC
:100A200000375555401F007D010001000000000007
:100A300000000000401F44AC010001000000010064
:100A4000002F702E401F80BB01000100000001003C
:100A5000005DAA2A112B401F0000000000000100C9
:100A6000D9133358112BE02E0000000000000100C4
:100A7000E6B7CC3A112B803E0000000000000100D8
:100A80006474192C112B2256010000000000000094
:100A900000000000112BC05D0100000000000100FB
:100AA000E6B7CC3A112B007D0100000000000100E8
:100AB0006474192C112B44AC0100010000000000EB
:100AC00000000000112B80BB0100010000000100AC
:100AD000C461CC3AE02E401F01010000000001007B
:100AE000F0EEFF2FE02E112B0000000000000100AF
:100AF00020D3A845E02E803E000000000000010049
:100B000080D7FF2FE02E22560100000000000100D8
:100B100040A4A845E02EC05D0100000000000000D8
:100B200000000000E02E007D010000000000010038
:100B300080D7FF2FE02E44AC01000100000001002F
:100B40008046A845E02E80BB0100010000000000A7
:100B500000000000803E401F010100000000000076
:100B600000000000803E112B00000000000001008A
:100B70008019E15C803EE02E0000000000000100D2
:100B800000375555803E225600000000000001004D
:100B9000806D702E803EC05D0000000000000100EE
:100BA000809BAA2A803E007D01000000000000001A
:100BB00000000000803E44AC010000000000010085
:100BC000002F702E803E80BB01000000000001005D
:100BD000005DAA2A2256401F01010000000001000A
:100BE000D91333582256112B0101000000000000D8
:100BF000000000002256E02E01010000000001006C
:100C0000E6B7CC3A2256803E00000000000001000A
:100C1000C8E832582256C05D000000000000010004
:100C2000E6B7CC3A2256007D00000000000001002B
:100C30006474192C225644AC01000000000000002E
:100C400000000000225680BB0100000000000100EF
:100C5000C461CC3AC05D401F0101000000000100EA
:100C6000E0DDFF5FC05D112B01010000000001000D
:100C700020D3A845C05DE02E010100000000000067
:100C800000000000C05D803E010100000000010086
:100C900080D7FF2FC05D2256000000000000010039
:100CA00040A4A845C05D007D0000000000000100D8
:100CB00080D7FF2FC05D44AC0100000000000100A0
:100CC0008046A845C05D80BB010000000000000018
:100CD00000000000007D401F010101010000000034
:100CE00000000000007D112B010100000000010048
:100CF0008019E15C007DE02E010100000000010090
:100D000000375555007D803E0101000000000000C5
:100D100000000000007D22560101000000000100DB
:100D2000806D702E007DC05D00000000000001009D
:100D300000375555007D44AC000000000000010064
:100D4000002F702E007D80BB00000000000001001D
:100D5000005DAA2A44AC401F01010101000001000E
:100D6000D913335844AC112B0101010100000000DC
:100D70000000000044ACE02E010101010000010070
:100D8000E6B7CC3A44AC803E01010000000001000F
:100D9000C8E8325844AC22560101000000000000AF
:100DA0000000000044ACC05D010100000000010033
:100DB000E6B7CC3A44AC007D000000000000010022
:100DC000C8E8325844AC80BB0000000000000100BD
:100DD000C461CC3A80BB401F010101010101010047
:100DE000F0EEFF2F80BB112B01010101000001007B
:100DF00020D3A84580BBE02E0101010100000000C6
:100E00000000000080BB803E0101000000000100E6
:100E100000AFFF5F80BB225601010000000001000F
:100E200040A4A84580BBC05D010100000000000097
:100E30000000000080BB007D0101000000000100F7
:100E400080D7FF2F80BB44AC0000000000000100F1
:100E50008046A845312E302E390064656661756C78
:100E6000745F627970617373000000000000484194
:100E70004C5F415544434F4445435F527848616C51
:100E80006643706C7443616C6C6261636B004841D3
:100E90004C5F415544434F4445435F527843706C27
:100EA0007443616C6C6261636B006266305F617594
:100EB00064696F5F706C6C5F636F6E666967006218
:100EC00066305F617564696F5F7472616E7300751F
:100ED00070646174615F706C6C5F667265710075DF
:100EE00070646174655F706C6C5F61667465725F7D
:100EF000656E61626C650075706461746520504C4C
:100F00004C2066726571005F5F636D645F7570642D
:100F10006174655F706C6C0073657420636F6465E9
:100F2000632064616320766F6C756D65005F5F633D
:100F30006D645F636F6465635F6461635F73657451
:100F40005F766F6C00617564696F5F636F64656382
:100F5000005F5F636D645F636F6465635F68705FAC
:100F600073696E316B5F7465737400007592031260
:100F7000499C0312B59B03127992031221A003121C
:100F8000299A03127D920312B99D0312FD98031250
:100F90005D9D03120000000080BB00000005000002
:100FA00001050000007D00000005010001050000B2
:100FB000C05D0000000A000000050200803E000045
:100FC000000A010000050200E02E0000000A0200F5
:100FD00000050200401F0000000A03000005020097
:100FE00044AC00000105000101050100225600008B
:100FF0000105020101050100112B0000010A020197
:101000000005030080BB0000000100004D01000549
:101010000402141400000000007D00000001010023
:101020004D0100050402141400000000C05D000022
:10103000000105004D01000A02020A0A0100000039
:10104000803E0000000104004D010005040214145C
:1010500000000000E02E0000000107004D01001418
:101060000201050501000000401F0000000108000A
:101070004D01000A02020A0A0100000044AC00000F
:10108000010100004D0101050402141400000000DC
:1010900022560000010105004D01010A02020A0A60
:1010A00001000000112B0000010107004D01011497
:1010B000020105050100000072745F6C63645F6CDF
:1010C000617965725F636F6E74726F6C0072745FCA
:1010D0006C63645F666F726D61745F746F5F68618B
:1010E0006C5F6C63645F666F726D6174004C434447
:1010F00043315F49525148616E646C657200000073
:1011000043C50512FF990512079A0512109A051298
:10111000939B0512F49505121C9A05122096051250
:10112000209A05126C63645F77726567006C636474
:101130005F72726567006261636B6C6967745F6799
:101140006574006261636B6C6967745F73657400DA
:101150006179736E635F73656E645F636D706C74E9
:101160005F63626B006170695F756E6C6F636B00CB
:101170006578655F6C63645F636F6E74726F6C5FDC
:10118000636D6473007365745F77696E646F770075
:1011900053656E644C617965724461746143706C2F
:1011A0007443626B00647261775F636F7265006C99
:1011B00063645F7461736B006170695F6C63645F2B
:1011C000696E6974007365745F6472765F6C6364E2
:1011D0005F73746174650073656E645F6D73675FE0
:1011E000746F5F6C63645F7461736B006170695FDF
:1011F0006C63645F636F6E74726F6C005DB2031238
:1012000025B20312000000000000000000000000F2
:10121000FDB10312C9B10312A5B103126C636420BE
:10122000636F6E74726F6C005F5F636D645F6C639D
:10123000645F6374726C006C63645F7772656700EF
:101240005F5F636D645F6C63645F77726567006C9A
:1012500063645F72726567005F5F636D645F6C6398
:10126000645F72726567006765745F6C63645F706A
:10127000776D5F62676C6974005F5F636D645F6761
:1012800065745F6C63645F70776D5F62676C6974CF
:1012900000647261775F636C6F73655F6F70656E1A
:1012A0005F7461736B00686F745F706C75675F6902
:1012B0006E5F6F75745F7461736B006472765F6CE0
:1012C00063645F7465737400647276206C63642079
:1012D00074657374005F5F636D645F6472765F6CE6
:1012E00063645F746573740074705F696E69745FC2
:1012F0007468726561645F656E7472790074705FA2
:10130000696E697400696E697400746F7563685FF3
:101310006170695F756E6C6F636B00746F75636885
:101320005F6170695F6C6F636B00636F6E74726F87
:101330006C00546F7563682070616E656C20647218
:101340006976657220636D64005F5F636D645F74CE
:10135000705F6374726C00656E61626C6520746F9F
:101360007563682070616E656C206C6F67005F5FED
:10137000636D645F656E5F64727674705F6C6F67D7
:10138000006472765F657069635F696E697400649A
:1013900072765F6770755F636C6F73650067657405
:1013A0005F6D61705F7074725F62795F78790063FE
:1013B0006C69705F6C617965725F746F5F61726593
:1013C0006100657069635F73706C69745F72656EEC
:1013D0006465725F6E65787400657069635F6370E1
:1013E0006C745F63616C6C6261636B0065706963F0
:1013F0005F73656D5F72656C6561736500707269BE
:101400006E745F6770755F6572726F725F696E662A
:101410006F006472765F6570696320636F6E6669E2
:101420006775726174696F6E005F5F636D645F649E
:1014300072765F657069635F636667004145535FFD
:10144000496E697400556E6C6F636B0048414C5F68
:101450004173736572744661696C65640064727689
:101460005F6765745F626C657379735F636C6B0053
:101470006472765F6765745F6C707379735F636CB9
:101480006B006472765F6765745F68707379735F11
:10149000636C6B005265626F6F742053797374656F
:1014A0006D005F5F636D645F7265626F6F74006192
:1014B00073736572745F636F6D6D616E64005377F3
:1014C0006974636820646562756720756172742051
:1014D000746F206A6C696E6B005F5F636D645F643C
:1014E000626775617274326A6C696E6B00466F7206
:1014F000636520617373657274005F5F636D645F21
:1015000061737365727400425420545820706F7771
:1015100065722061646A757374005F5F636D645FF8
:101520007077725F6374726C00526567697374657B
:10153000722072656164202F207772697465005F84
:101540005F636D645F7265676F700072745F617076
:10155000706C69636174696F6E5F696E6974007243
:10156000745F6465766963655F7365745F74785FE3
:10157000636F6D706C6574650072745F6465766925
:1015800063655F7365745F72785F696E64696361D8
:1015900074650072745F6465766963655F636F6E1E
:1015A00074726F6C0072745F6465766963655F77EF
:1015B000726974650072745F6465766963655F72F1
:1015C0006561640072745F6465766963655F636C0E
:1015D0006F73650072745F6465766963655F6F70D1
:1015E000656E0072745F6465766963655F696E69D4
:1015F000740072745F6465766963655F66696E64C2
:101600000072745F6465766963655F756E726567A5
:1016100069737465720072745F7468726561645F87
:1016200069646C655F6578637574650072745F6D7D
:10163000715F726563760072745F6D715F73656E62
:10164000640072745F6D715F64656C6574650072CF
:10165000745F6D715F6372656174650072745F6D54
:10166000757465785F72656C656173650072745F2F
:101670006D757465785F74616B650072745F6D750C
:101680007465785F6372656174650072745F6D750F
:101690007465785F696E69740072745F73656D5FFD
:1016A000636F6E74726F6C0072745F73656D5F72DE
:1016B000656C656173650072745F73656D5F7461FD
:1016C0006B650072745F73656D5F64656C657465EE
:1016D0000072745F73656D5F63726561746500723B
:1016E000745F73656D5F696E69740072745F696EB3
:1016F000746572727570745F6C6561766500303107
:1017000032333435363738396162636465660030A8
:101710003132333435363738394142434445460057
:1017200000000100020001000300010002000100AE
:10173000040001000200010003000100020001009A
:101740000500010002000100030001000200010089
:10175000040001000200010003000100020001007A
:101760000600010002000100030001000200010068
:10177000040001000200010003000100020001005A
:101780000500010002000100030001000200010049
:10179000040001000200010003000100020001003A
:1017A0000700010002000100030001000200010027
:1017B000040001000200010003000100020001001A
:1017C0000500010002000100030001000200010009
:1017D00004000100020001000300010002000100FA
:1017E00006000100020001000300010002000100E8
:1017F00004000100020001000300010002000100DA
:1018000005000100020001000300010002000100C8
:1018100004000100020001000300010002000100B9
:1018200072745F6672656500706C75675F686F6C77
:1018300065730072745F7265616C6C6F63007274C3
:101840005F6D616C6C6F6300696E69745F68656180
:10185000705F656E640072745F73797374656D5F39
:10186000686561705F696E6974006C697374206D7E
:10187000656D6F727920757361676520696E666F3B
:10188000726D6174696F6E005F5F636D645F6C6938
:1018900073745F6D656D0072745F6F626A65637407
:1018A0005F6765745F747970650072745F6F626AF8
:1018B0006563745F69735F73797374656D6F626A72
:1018C0006563740072745F6F626A6563745F6465F8
:1018D0006C6574650072745F6F626A6563745F61E2
:1018E0006C6C6F636174650072745F6F626A6563CC
:1018F000745F6465746163680072745F6F626A65C7
:1019000063745F696E69740072745F7363686564A1
:10191000756C655F72656D6F76655F746872656121
:10192000640072745F7363686564756C655F696E8B
:10193000736572745F746872656164005F72745F6E
:101940007363686564756C65725F737461636B5F04
:10195000636865636B0072745F7468726561645F6D
:1019600074696D656F75740072745F746872656117
:10197000645F726573756D650072745F746872651B
:1019800061645F73757370656E640072745F746810
:10199000726561645F636F6E74726F6C0072745F06
:1019A0007468726561645F736C6565700072745F02
:1019B0007468726561645F64656C657465007274F7
:1019C0005F7468726561645F7374617274757000CE
:1019D0005F72745F7468726561645F696E697400D8
:1019E00072745F7468726561645F696E69740072B5
:1019F000745F74696D65725F636F6E74726F6C0093
:101A000072745F74696D65725F73746F7000727465
:101A10005F74696D65725F73746172740072745F74
:101A200074696D65725F64656C6574650072745F7E
:101A300074696D65725F6465746163680072745F78
:101A400074696D65725F696E6974006466735F6E58
:101A50006F726D616C697A655F706174680066644D
:101A60005F707574006466735F6C6F636B006C69A4
:101A700073742066696C6520646573637269707441
:101A80006F72005F5F636D645F6C6973745F66643F
:101A900000636F70792066696C65206F72206469DD
:101AA0007200636F7079007072696E742066696C81
:101AB00065006361740072656D6F76652066696CA0
:101AC0006573206F72206469726563746F726965F3
:101AD0007300726D006C697374206469726563745D
:101AE0006F727920636F6E74656E7473006C73002F
:101AF0006466735F66696C6573797374656D5F6C3A
:101B00006F6F6B757000676574206469736B206616
:101B1000726565006466006D616B652061206669B1
:101B20006C652073797374656D006D6B667300006E
:101B3000E0B90512E3B90512E6B905126F70656EDA
:101B4000006368616E67652063757272656E7420EC
:101B5000776F726B696E67206469726563746F7208
:101B60007900636400637265617465206120646953
:101B7000726563746F7279006D6B6469720064667C
:101B8000735F6465766963655F66735F67657464D8
:101B9000656E7473006466735F6465766963655F20
:101BA00066735F6F70656E006466735F6465766907
:101BB00063655F66735F636C6F7365006466735F14
:101BC0006465766963655F66735F777269746500E3
:101BD0006466735F6465766963655F66735F72658B
:101BE0006164006466735F6465766963655F6673EC
:101BF0005F696F63746C000097B605120000000007
:101C0000201C0612513F04120000000000000000DA
:101C100000000000000000007940041200000000F5
:101C2000DD4004121D400412593F0412953F041276
:101C3000D93F04120000000000000000AD41041272
:101C4000553F041266696E73685F7365745F7072E6
:101C50006F6D70745F6D6F64650064756D6D792074
:101C60007661726961626C6520666F722066696E6A
:101C700073680064756D6D79006C69737420616CB4
:101C80006C2073796D626F6C20696E207379737448
:101C9000656D006C697374006C697374206465769B
:101CA00069636520696E2073797374656D005F5F89
:101CB000636D645F6C6973745F6465766963650006
:101CC0006C6973742064657669636520696E20733E
:101CD000797374656D006C6973745F6465766963AC
:101CE00065006C6973742074696D657220696E207B
:101CF00073797374656D005F5F636D645F6C6973A6
:101D0000745F74696D6572006C6973742074696DB9
:101D1000657220696E2073797374656D006C6973E8
:101D2000745F74696D6572006C697374206D656DA4
:101D30006F727920706F6F6C20696E207379737485
:101D4000656D005F5F636D645F6C6973745F6D6583
:101D50006D706F6F6C006C697374206D656D6F7260
:101D60007920706F6F6C20696E2073797374656D64
:101D7000006C6973745F6D656D706F6F6C006C697A
:101D80007374206D65737361676520717565756522
:101D900020696E2073797374656D005F5F636D6495
:101DA0005F6C6973745F6D73677175657565006CE1
:101DB000697374206D6573736167652071756575EE
:101DC0006520696E2073797374656D006C69737436
:101DD0005F6D73677175657565006C697374206DEF
:101DE00061696C20626F7820696E20737973746505
:101DF0006D005F5F636D645F6C6973745F6D6169D3
:101E00006C626F78006C697374206D61696C20621C
:101E10006F7820696E2073797374656D006C6973D7
:101E2000745F6D61696C626F78006C697374206DAA
:101E30007574657820696E2073797374656D005FC1
:101E40005F636D645F6C6973745F6D757465780052
:101E50006C697374206D7574657820696E20737970
:101E60007374656D006C6973745F6D75746578006B
:101E70006C697374206576656E7420696E20737961
:101E80007374656D005F5F636D645F6C6973745F2D
:101E90006576656E74006C697374206576656E7422
:101EA00020696E2073797374656D006C6973745F5B
:101EB0006576656E74006C6973742073656D61700E
:101EC000686F726520696E2073797374656D005F49
:101ED0005F636D645F6C6973745F73656D006C69DB
:101EE00073742073656D6170686F726520696E2010
:101EF00073797374656D006C6973745F73656D00DD
:101F00006C69737420746872656164005F5F636DEF
:101F1000645F6C6973745F746872656164006C6996
:101F2000737420746872656164006C6973745F74A3
:101F300068726561640073686F77205254202D20A9
:101F40005468726561642076657273696F6E20698A
:101F50006E666F726D6174696F6E005F5F636D6452
:101F60005F76657273696F6E0073686F7720525485
:101F7000202D205468726561642076657273696FE4
:101F80006E20696E666F726D6174696F6E00766542
:101F90007273696F6E007361792068656C6C6F2075
:101FA000776F726C640068656C6C6F0053BF0512CC
:101FB00064BF051271BF051283BF05128EBF0512E3
:101FC00099BF05129DBF0512AABF0512B9BF051220
:101FD000C1BF0512D2BF0512DFBF0512E7BF051250
:101FE000F2BF0512FBBF05120CC0051211C005128D
:101FF0001FC005122CC0051241C005124FC00512AA
:10200000E9BA05125254202D20546872656164208B
:102010007368656C6C2068656C702E005F5F636D23
:10202000645F68656C70004368616E6765204D533E
:1020300048202F2046494E534820636F6E736F6CC3
:1020400065206465766963652E005F5F636D645F1C
:10205000636F6E736F6C6500757365206D6F64756B
:102060006C65207368656C6C006D736800726574D4
:1020700075726E20746F205254202D205468726542
:102080006164207368656C6C206D6F64652E005F01
:102090005F636D645F657869740053686F7720745F
:1020A0006865206D656D6F72792075736167652055
:1020B000696E207468652073797374656D2E005F96
:1020C0005F636D645F66726565004578656375740E
:1020D0006520636F6D6D616E64207769746820742C
:1020E000696D652E005F5F636D645F74696D650087
:1020F0004C697374207468726561647320696E2022
:102100007468652073797374656D2E005F5F636D0D
:10211000645F7073006563686F20737472696E67C3
:1021200020746F2066696C65005F5F636D645F6536
:1021300063686F006469736B2066726565005F5F3A
:10214000636D645F6466006D6F756E7420646576A0
:1021500069636520746F2066696C65207379737498
:10216000656D005F5F636D645F6D6F756E74667340
:1021700000666F726D6174206469736B2077697497
:10218000682066696C652073797374656D005F5FA4
:10219000636D645F6D6B6673004372656174652087
:1021A000746865204449524543544F52592E005F8C
:1021B0005F636D645F6D6B646972005072696E7409
:1021C00020746865206E616D65206F662074686597
:1021D0002063757272656E7420776F726B696E67BB
:1021E000206469726563746F72792E005F5F636D3E
:1021F000645F707764004368616E6765207468652A
:10220000207368656C6C20776F726B696E672064F1
:1022100069726563746F72792E005F5F636D645FCE
:1022200063640052656D6F766528756E6C696E6BC0
:1022300029207468652046494C452873292E005F83
:102240005F636D645F726D00436F6E636174656E92
:102250006174652046494C45287329005F5F636DB2
:10226000645F6361740052656E616D6520534F5504
:1022700052434520746F20444553542E005F5F63E2
:102280006D645F6D7600436F707920534F555243F4
:102290004520746F20444553542E005F5F636D6486
:1022A0005F6370004C69737420696E666F726D6154
:1022B00074696F6E2061626F757420746865204662
:1022C000494C45732E005F5F636D645F6C73000063
:1022D000F0C20512F9C2051207C3051215C3051293
:1022E00022C3051231C3051243C305124FC30512A1
:1022F00060C305126DC3051280C305128DC305129C
:102300009BC30512AFC30512BEC30512B566041206
:10231000B9660412D9660412F9660412156704122C
:10232000356704125567041271670412916704122D
:10233000B1670412CD670412F56704121D68041218
:102340004168041261680412816804129D680412D5
:10235000BD680412DD680412F968041219690412D8
:1023600039690412556904127569041295690412D9
:10237000B1690412C5690412D9690412ED69041225
:102380000D6A04122D6A0412496A0412696A041261
:10239000896A0412A56A0412C96A0412ED6A041259
:1023A000116B0412496B0412896B0412C16B041285
:1023B000DD6B0412F96B0412116C0412216C04120F
:1023C000356B0412716B0412AD6B04120000000037
:1023D0000505020808020B0B020E0E00C8C3051209
:1023E00014000000CDC3051215000000D2C3051271
:1023F00016000000D8C3051217000000DCC3051248
:1024000018000000E1C30512190000003789051209
:102410001E000000EAC305121E0000006765747408
:10242000696D656F66646179000000001F003B0004
:102430005A0078009700B500D400F3001101300174
:102440004E016D015F617564696F5F6465765F69F8
:102450006E6974005F617564696F5F6465765F6F54
:1024600070656E005F617564696F5F6465765F6358
:102470006C6F7365005F617564696F5F6465765F3B
:1024800072656164005F617564696F5F6465765F42
:102490007772697465005F617564696F5F73656EFB
:1024A000645F7265706C61795F6672616D65005F13
:1024B000617564696F5F6465765F636F6E74726F78
:1024C0006C0072745F617564696F5F7265676973D0
:1024D0007465720072745F706970655F72656164C3
:1024E0000072745F706970655F77726974650072FD
:1024F000745F617564696F5F706970655F696E694B
:10250000740072745F6465766963655F6877746987
:102510006D65725F72656769737465720072745F6E
:102520006465766963655F687774696D65725F6914
:1025300073720072745F6932635F6D617374657288
:102540005F726563760072745F6932635F636F6E9A
:102550006669677572650072745F6932635F636F85
:102560006E74726F6C0072745F6932635F636C6F5C
:1025700073650072745F6932635F6F70656E0069C6
:1025800032635F6275735F6465766963655F6F7000
:10259000656E006932635F6275735F646576696357
:1025A000655F636C6F7365006932635F6275735F4B
:1025B0006465766963655F72656164006932635F53
:1025C0006275735F6465766963655F777269746568
:1025D000006932635F6275735F6465766963655F26
:1025E000636F6E74726F6C0072745F6932635F62E6
:1025F00075735F6465766963655F64657669636555
:102600005F696E69740072745F70696E5F72656194
:10261000640072745F70696E5F77726974650072CE
:10262000745F70696E5F6D6F64650075706461746E
:10263000655F70696E5F6972710072745F70696E58
:102640005F6972715F656E61626C650072745F7064
:10265000696E5F6465746163685F6972710072744A
:102660005F70696E5F6174746163685F6972710045
:102670005F70696E5F726561640075706461746536
:102680005F70696E5F76616C7565005F70696E5F23
:102690007772697465006164645F70696E5F6D6F05
:1026A0006465005F70696E5F636F6E74726F6C005B
:1026B00072656164207374617475732066726F6DE6
:1026C0002068617264776172652070696E0070695C
:1026D0006E526561640077726974652076616C750D
:1026E0006520746F2068617264776172652070691B
:1026F0006E0070696E577269746500736574206846
:10270000617264776172652070696E206D6F6465B7
:102710000070696E4D6F64650072745F6164635F21
:1027200064697361626C650072745F6164635F65A4
:102730006E61626C650072745F6164635F72656193
:1027400064006164632066756E6374696F6E005F18
:102750005F636D645F6164630067657420646174C6
:102760006520616E642074696D65206F72207365E9
:1027700074205B79656172206D6F6E74682064618E
:102780007920686F7572206D696E207365635D00D6
:102790005F5F636D645F73686F775F64617465002A
:1027A0007365742074696D652E20652E673A2073F9
:1027B00065745F74696D652832332C2035392C209F
:1027C000353929007365745F74696D6500736574CC
:1027D00020646174652E20652E673A207365745FEE
:1027E0006461746528323031302C20322C2032382C
:1027F00029007365745F646174650073686F772086
:102800006461746520616E642074696D652E005F7B
:102810005F636D645F6C6973745F6461746500729B
:10282000745F646D615F726563765F757064617417
:10283000655F7075745F696E6465780072745F6857
:10284000775F73657269616C5F6973720072745F40
:1028500073657269616C5F696E69740072745F732D
:10286000657269616C5F6F70656E0072745F73652D
:102870007269616C5F636C6F73650072745F646D25
:10288000615F726563765F7570646174655F6765CB
:10289000745F696E646578005F73657269616C5F0F
:1028A000646D615F7278005F73657269616C5F6906
:1028B0006E745F72780072745F73657269616C5FC9
:1028C00072656164005F73657269616C5F696E74E3
:1028D0005F74780072745F73657269616C5F7772A0
:1028E000697465005F73657269616C5F6669666FC4
:1028F0005F63616C635F7265637665645F6C656E70
:102900000072745F73657269616C5F636F6E74727D
:102910006F6C0073657269616C5F666F70735F6F77
:1029200070656E0073657269616C5F666F70735F6E
:10293000706F6C6C0072745F68775F736572696149
:102940006C5F726567697374657200005599041253
:102950003F99041239990412FB980412ED9804125D
:10296000000000000000000000000000ED970412CD
:1029700072745F636F6D706C6574696F6E5F646FA6
:102980006E650072745F636F6D706C6574696F6EF5
:102990005F776169740072745F636F6D706C6574EA
:1029A000696F6E5F696E69740072745F64617461EF
:1029B0005F71756575655F7065616B0072745F64EA
:1029C0006174615F71756575655F706F70007274B9
:1029D0005F646174615F71756575655F707573685B
:1029E0000072745F646174615F71756575655F69BC
:1029F0006E69740072745F72696E6762756666658F
:102A0000725F72657365740072745F72696E67627B
:102A100075666665725F6765740072745F72696E71
:102A2000676275666665725F7075740072745F7256
:102A3000696E676275666665725F696E6974007259
:102A4000745F7771756575655F7761697400000003
:102A5000002020202020202020202828282828206E
:102A60002020202020202020202020202020202066
:102A700020881010101010101010101010101010CE
:102A800010040404040404040404041010101010BE
:102A90001010414141414141010101010101010188
:102AA00001010101010101010101010110101010DA
:102AB000101042424242424202020202020202025A
:102AC00002020202020202020202020210101010AE
:102AD00020000000000000000000000000000000D6
:102AE00000000000000000000000000000000000E6
:102AF00000000000000000000000000000000000D6
:102B000000000000000000000000000000000000C5
:102B100000000000000000000000000000000000B5
:102B200000000000000000000000000000000000A5
:102B30000000000000000000000000000000000095
:102B40000000000000000000000000000000000085
:102B500000000000000000001F0000003B0000001B
:102B60005A0000007800000097000000B500000047
:102B7000D4000000F300000011010000300100004B
:102B80004E0100001F0000001C0000001F0000009C
:102B90001E0000001F0000001E0000001F000000BB
:102BA0001F0000001E0000001F0000001E000000AB
:102BB0001F000000545A0000474D54002531315B7E
:102BC0002D2B302D39412D5A612D7A5D256E000057
:102BD0002531315B412D5A612D7A5D256E00000053
:102BE000256875256E3A256875256E3A2568752520
:102BF0006E0000004D256875256E2E256875256EC2
:102C00002E256875256E00002F256875256E3A25DE
:102C10006875256E3A256875256E0000494E460098
:102C2000696E66004E414E006E616E003031323387
:102C300034353637383961626364656600000000F8
:102C400030313233343536373839414243444546E2
:102C500000000000286E756C6C2900003000000038
:102C6000252E337320252E337325336420252E32F1
:102C7000643A252E32643A252E32642025640A00F7
:102C80002E0000004C435F434F4C4C415445000024
:102C90004C435F4354595045000000004C435F4D86
:102CA0004F4E4554415259004C435F4E554D45528D
:102CB000494300004C435F54494D45004C435F4D30
:102CC0004553534147455300496E66696E697479AF
:102CD000000000004E614E0042616C6C6F63207317
:102CE0007563636565646564000000002F6461744A
:102CF000612F6A656E6B696E732F776F726B73707D
:102D00006163652F474E552D746F6F6C6368616901
:102D10006E2F61726D2D31342D352F7372632F6ECE
:102D200065776C69622D63796777696E2F6E657759
:102D30006C69622F6C6962632F7374646C69622FB3
:102D400064746F612E6300002F646174612F6A6583
:102D50006E6B696E732F776F726B73706163652F23
:102D6000474E552D746F6F6C636861696E2F617289
:102D70006D2D31342D352F7372632F6E65776C692D
:102D8000622D63796777696E2F6E65776C69622F44
:102D90006C6962632F7374646C69622F6D70726505
:102DA000632E63004A495300534A49530000000010
:102DB0004555434A500000002C2066756E637469C7
:102DC0006F6E3A2000000000617373657274696F62
:102DD0006E2022257322206661696C65643A206644
:102DE000696C6520222573222C206C696E65202574
:102DF00064257325730A00000A0001000200030025
:102E00000400050006000700080009000A000B0086
:102E10000C000D000E000F001000000030303030AC
:102E200030303030303030303030303020202020E2
:102E30002020202020202020202020204A616E46B3
:102E400065624D61724170724D61794A756E4A7565
:102E50006C4175675365704F63744E6F764465635C
:102E600053756E4D6F6E547565576564546875463D
:102E700072695361740000001F0000001C00000014
:102E80001F0000001E0000001F0000001E000000C8
:102E90001F0000001F0000001E0000001F000000B7
:102EA0001E0000001F0000001F0000001D000000A9
:102EB0001F0000001E0000001F0000001E00000098
:102EC0001F0000001F0000001E0000001F00000087
:102ED0001E0000001F000000050000001900000097
:102EE0007D000000000000000080E03779C341430E
:102EF000176E05B5B5B89346F5F93FE9034F384D60
:102F0000321D30F94877825A3CBF737FDD4F15750B
:102F1000000000000000F03F00000000000024401E
:102F200000000000000059400000000000408F40F9
:102F3000000000000088C34000000000006AF84064
:102F40000000000080842E4100000000D012634188
:102F50000000000084D797410000000065CDCD41FE
:102F6000000000205FA00242000000E876483742DF
:102F7000000000A2941A6D42000040E59C30A2427D
:102F80000000901EC4BCD64200003426F56B0C43F2
:102F90000080E03779C3414300A0D8855734764399
:102FA00000C84E676DC1AB43003D9160E458E143FA
:102FB000408CB5781DAF154450EFE2D6E41A4B446F
:102FC00092D54D06CFF08044F64AE1C7022DB544B4
:102FD000B49DD9794378EA440C5F104E154E2A4EC1
:102FE000314E364E3C4E3F4E424E564E584E824E1D
:102FF000854E6B8C8A4E12820D5F8E4E9E4E9F4E7A
:10300000A04EA24EB04EB34EB64ECE4ECD4EC44E96
:10301000C64EC24ED74EDE4EED4EDF4EF74E094F36
:103020005A4F304F5B4F5D4F574F474F764F884F4A
:103030008F4F984F7B4F694F704F914F6F4F864F17
:10304000964F1851D44FDF4FCE4FD84FDB4FD14F53
:10305000DA4FD04FE44FE54F1A50285014502A5001
:10306000255005501C4FF64F215029502C50FE4F33
:10307000EF4F115006504350475003675550505082
:1030800048505A5056506C50785080509A50855045
:10309000B450B250C950CA50B350C250D650DE508E
:1030A000E550ED50E350EE50F950F5500951015103
:1030B00002511651155114511A5121513A5137519B
:1030C0003C513B513F51405152514C51545162512E
:1030D000F87A69516A516E5180518251D8568C519B
:1030E00089518F519151935195519651A451A651A7
:1030F000A251A951AA51AB51B351B151B251B051E2
:10310000B551BD51C551C951DB51E0515586E95109
:10311000ED51F051F551FE5104520B5214520E5222
:1031200027522A522E52335239524F5244524B5246
:103130004C525E5254526A527452695273527F52C8
:103140007D528D5294529252715288529152A88F50
:10315000A78FAC52AD52BC52B552C152CD52D752CC
:10316000DE52E352E652ED98E052F352F552F85235
:10317000F9520653085338750D5310530F53155316
:103180001A5323532F533153335338534053465319
:103190004553174E49534D53D6515E5369536E53A1
:1031A00018597B53775382539653A053A653A55374
:1031B000AE53B053B653C353127CD996DF53FC665B
:1031C000EE71EE53E853ED53FA5301543D5440541D
:1031D0002C542D543C542E54365429541D544E54C2
:1031E0008F5475548E545F54715477547054925464
:1031F0007B5480547654845490548654C754A254BB
:10320000B854A554AC54C454C854A854AB54C25474
:10321000A454BE54BC54D854E554E6540F55145528
:10322000FD54EE54ED54FA54E2543955405563556B
:103230004C552E555C5545555655575538553355B3
:103240005D5599558055AF548A559F557B557E5590
:1032500098559E55AE557C558355A9558755A8550B
:10326000DA55C555DF55C455DC55E455D4551456CB
:10327000F7551656FE55FD551B56F9554E565056E8
:10328000DF7134563656325638566B5664562F56C2
:103290006C566A56865680568A56A05694568F5655
:1032A000A556AE56B656B456C256BC56C156C356AF
:1032B000C056C856CE56D156D356D756EE56F956A6
:1032C0000057FF560457095708570B570D57135708
:1032D00018571657C7551C572657375738574E5744
:1032E0003B5740574F576957C057885761577F57CB
:1032F00089579357A057B357A457AA57B057C357E6
:10330000C657D457D257D3570A58D657E3570B58F6
:1033100019581D587258215862584B587058C06B34
:1033200052583D5879588558B9589F58AB58BA5893
:10333000DE58BB58B858AE58C558D358D158D7588E
:10334000D958D858E558DC58E458DF58EF58FA589F
:10335000F958FB58FC58FD5802590A5910591B5985
:10336000A66825592C592D59325938593E59D27AC7
:10337000555950594E595A595859625960596759B7
:103380006C596959785981599D595E4FAB4FA35972
:10339000B259C659E859DC598D59D959DA59255AC3
:1033A0001F5A115A1C5A095A1A5A405A6C5A495AE9
:1033B000355A365A625A6A5A9A5ABC5ABE5ACB5A27
:1033C000C25ABD5AE35AD75AE65AE95AD65AFA5A55
:1033D000FB5A0C5B0B5B165B325BD05A2A5B365B8D
:1033E0003E5B435B455B405B515B555B5A5B5B5BA4
:1033F000655B695B705B735B755B785B88657A5B4B
:10340000805B835BA65BB85BC35BC75BC95BD45B5C
:10341000D05BE45BE65BE25BDE5BE55BEB5BF05BBA
:10342000F65BF35B055C075C085C0D5C135C205C81
:10343000225C285C385C395C415C465C4E5C535CC9
:10344000505C4F5C715B6C5C6E5C624E765C795C70
:103450008C5C915C945C9B59AB5CBB5CB65CBC5C6B
:10346000B75CC55CBE5CC75CD95CE95CFD5CFA5CC2
:10347000ED5C8C5DEA5C0B5D155D175D5C5D1F5D51
:103480001B5D115D145D225D1A5D195D185D4C5D5B
:10349000525D4E5D4B5D6C5D735D765D875D845DF9
:1034A000825DA25D9D5DAC5DAE5DBD5D905DB75D15
:1034B000BC5DC95DCD5DD35DD25DD65DDB5DEB5D91
:1034C000F25DF55D0B5E1A5E195E115E1B5E365E87
:1034D000375E445E435E405E4E5E575E545E5F5EA6
:1034E000625E645E475E755E765E7A5EBC9E7F5EFF
:1034F000A05EC15EC25EC85ED05ECF5ED65EE35E99
:10350000DD5EDA5EDB5EE25EE15EE85EE95EEC5EB9
:10351000F15EF35EF05EF45EF85EFE5E035F095FEF
:103520005D5F5C5F0B5F115F165F295F2D5F385F2A
:10353000415F485F4C5F4E5F2F5F515F565F575F43
:10354000595F615F6D5F735F775F835F825F7F5FEE
:103550008A5F885F915F875F9E5F995F985FA05FDA
:10356000A85FAD5FBC5FD65FFB5FE45FF85FF15FB4
:10357000DD5FB360FF5F21606060196010602960EB
:103580000E6031601B6015602B6026600F603A6032
:103590005A6041606A6077605F604A6046604D6073
:1035A00063604360646042606C606B60596081601E
:1035B0008D60E76083609A6084609B60966097602E
:1035C0009260A7608B60E160B860E060D360B46037
:1035D000F05FBD60C660B560D8604D611561066181
:1035E000F660F7600061F460FA6003612161FB60DE
:1035F000F1600D610E6147613E61286127614A619A
:103600003F613C612C6134613D61426144617361A1
:103610007761586159615A616B6174616F6165616D
:1036200071615F615D6153617561996196618761E7
:10363000AC6194619A618A619161AB61AE61CC6168
:10364000CA61C961F761C861C361C661BA61CB6112
:10365000797FCD61E661E361F661FA61F461FF6152
:10366000FD61FC61FE610062086209620D620C622C
:1036700014621B621E6221622A622E623062326212
:10368000336241624E625E6263625B626062686284
:103690007C62826289627E62926293629662D46286
:1036A00083629462D762D162BB62CF62FF62C662FC
:1036B000D464C862DC62CC62CA62C262C7629B62C6
:1036C000C9620C63EE62F162276302630863EF6212
:1036D000F56250633E634D631C644F6396638E6373
:1036E0008063AB637663A3638F6389639F63B56312
:1036F0006B636963BE63E963C063C663E363C96305
:10370000D263F663C4631664346406641364266487
:1037100036641D65176428640F6467646F6476649B
:103720004E642A6595649364A564A9648864BC6446
:10373000DA64D264C564C764BB64D864C264F164EB
:10374000E7640982E064E164AC62E364EF642C65E1
:10375000F664F464F264FA640065FD6418651C653F
:103760000565246523652B653465356537653665E4
:1037700038654B754865566555654D6558655E6598
:103780005D6572657865826583658A8B9B659F65DB
:10379000AB65B765C365C665C165C465CC65D265F3
:1037A000DB65D965E065E165F16572670A66036608
:1037B000FB6573673566366634661C664F6644661D
:1037C000496641665E665D666466676668665F66F2
:1037D00062667066836688668E66896684669866A9
:1037E0009D66C166B966C966BE66BC66C466B866D3
:1037F000D666DA66E0663F66E666E966F066F56616
:10380000F7660F6716671E672667276738972E6764
:103810003F67366741673867376746675E67606747
:1038200059676367646789677067A9677C676A67B8
:103830008C678B67A667A1678567B767EF67B46713
:10384000EC67B367E967B867E467DE67DD67E2677F
:10385000EE67B967CE67C667E7679C6A1E68466809
:10386000296840684D6832684E68B3682B685968AB
:10387000636877687F689F688F68AD6894689D68A3
:103880009B688368AE6AB9687468B568A068BA68EE
:103890000F698D687E680169CA680869D8682269FD
:1038A0002669E1680C69CD68D468E768D56836692F
:1038B00012690469D768E3682569F968E068EF6808
:1038C00028692A691A6923692169C668796977694B
:1038D0005C6978696B6954697E696E693969746974
:1038E0003D695969306961695E695D6981696A69C3
:1038F000B269AE69D069BF69C169D369BE69CE6971
:10390000E85BCA69DD69BB69C369A7692E6A916909
:10391000A0699C699569B469DE69E869026A1B6AF5
:10392000FF690A6BF969F269E769056AB1691E6A9C
:10393000ED69146AEB690A6A126AC16A236A136A3A
:10394000446A0C6A726A366A786A476A626A596AB5
:10395000666A486A386A226A906A8D6AA06A846ACE
:10396000A26AA36A976A1786BB6AC36AC26AB86A00
:10397000B36AAC6ADE6AD16ADF6AAA6ADA6AEA6A9C
:10398000FB6A056B1686FA6A126B166B319B1F6B0E
:10399000386B376BDC76396BEE98476B436B496B52
:1039A000506B596B546B5B6B5F6B616B786B796BB6
:1039B0007F6B806B846B836B8D6B986B956B9E6B51
:1039C000A46BAA6BAB6BAF6BB26BB16BB36BB76B2A
:1039D000BC6BC66BCB6BD36BDF6BEC6BEB6BF36BC6
:1039E000EF6BBE9E086C136C146C1B6C246C236C08
:1039F0005E6C556C626C6A6C826C8D6C9A6C816CBE
:103A00009B6C7E6C686C736C926C906CC46CF16C8B
:103A1000D36CBD6CD76CC56CDD6CAE6CB16CBE6C20
:103A2000BA6CDB6CEF6CD96CEA6C1F6D4D88366D2F
:103A30002B6D3D6D386D196D356D336D126D0C6DDF
:103A4000636D936D646D5A6D796D596D8E6D956D65
:103A5000E46F856DF96D156E0A6EB56DC76DE66D17
:103A6000B86DC66DEC6DDE6DCC6DE86DD26DC56D5B
:103A7000FA6DD96DE46DD56DEA6DEE6D2D6E6E6EDD
:103A80002E6E196E726E5F6E3E6E236E6B6E2B6EB7
:103A9000766E4D6E1F6E436E3A6E4E6E246EFF6EE6
:103AA0001D6E386E826EAA6E986EC96EB76ED36E3A
:103AB000BD6EAF6EC46EB26ED46ED56E8F6EA56ED7
:103AC000C26E9F6E416F116F4C70EC6EF86EFE6EA1
:103AD0003F6FF26E316FEF6E326FCC6E3E6F136FD1
:103AE000F76E866F7A6F786F816F806F6F6F5B6F25
:103AF000F36F6D6F826F7C6F586F8E6F916FC26FB7
:103B0000666FB36FA36FA16FA46FB96FC66FAA6F13
:103B1000DF6FD56FEC6FD46FD86FF16FEE6FDB6F27
:103B200009700B70FA6F117001700F70FE6F1B70CF
:103B30001A70746F1D7018701F7030703E70327084
:103B40005170637099709270AF70F170AC70B87012
:103B5000B370AE70DF70CB70DD70D9700971FD701D
:103B60001C711971657155718871667162714C7142
:103B700056716C718F71FB7184719571A871AC7104
:103B8000D771B971BE71D271C971D471CE71E07142
:103B9000EC71E771F571FC71F971FF710D721072C2
:103BA0001B7228722D722C72307232723B723C7210
:103BB0003F72407246724B72587274727E72827299
:103BC0008172877292729672A272A772B972B27281
:103BD000C372C672C472CE72D272E272E072E172C5
:103BE000F972F7720F5017730A731C7316731D73F3
:103BF00034732F73297325733E734E734F73D89E9E
:103C000057736A7368737073787375737B737A73A1
:103C1000C873B373CE73BB73C073E573EE73DE7397
:103C2000A27405746F742574F87332743A74557401
:103C30003F745F74597441745C7469747074637414
:103C40006A7476747E748B749E74A774CA74CF740D
:103C5000D474F173E074E374E774E974EE74F2748D
:103C6000F074F174F874F7740475037505750C75C8
:103C70000E750D75157513751E7526752C753C75AD
:103C800044754D754A7549755B7546755A75697504
:103C9000647567756B756D757875767586758775DE
:103CA00074758A758975827594759A759D75A575F3
:103CB000A375C275B375C375B575BD75B875BC759B
:103CC000B175CD75CA75D275D975E375DE75FE759A
:103CD000FF75FC750176F075FA75F275F3750B7664
:103CE0000D7609761F762776207621762276247641
:103CF000347630763B764776487646765C765876EC
:103D000061766276687669766A7667766C767076C2
:103D10007276767678767C768076837688768B7601
:103D20008E769676937699769A76B076B476B876DD
:103D3000B976BA76C276CD76D676D276DE76E1766A
:103D4000E576E776EA762F86FB76087707770477BD
:103D5000297724771E77257726771B77377738776B
:103D600047775A7768776B775B7765777F777E776A
:103D700079778E778B779177A0779E77B077B677C4
:103D8000B977BF77BC77BD77BB77C777CD77D77764
:103D9000DA77DC77E377EE77FC770C7812782679A0
:103DA00020782A7945788E78747886787C789A7825
:103DB0008C78A378B578AA78AF78D178C678CB78A4
:103DC000D478BE78BC78C578CA78EC78E778DA78A9
:103DD000FD78F47807791279117919792C792B7992
:103DE0004079607957795F795A79557953797A7939
:103DF0007F798A799D79A7794B9FAA79AE79B37932
:103E0000B979BA79C979D579E779EC79E179E37942
:103E1000087A0D7A187A197A207A1F7A8079317A9D
:103E20003B7A3E7A377A437A577A497A617A627A6C
:103E3000697A9D9F707A797A7D7A887A977A957A6D
:103E4000987A967AA97AC87AB07AB67AC57AC47A14
:103E5000BF7A8390C77ACA7ACD7ACF7AD57AD37A65
:103E6000D97ADA7ADD7AE17AE27AE67AED7AF07A6C
:103E7000027B0F7B0A7B067B337B187B197B1E7BC7
:103E8000357B287B367B507B7A7B047B4D7B0B7BA1
:103E90004C7B457B757B657B747B677B707B717B23
:103EA0006C7B6E7B9D7B987B9F7B8D7B9C7B9A7BC9
:103EB0008B7B927B8F7B5D7B997BCB7BC17BCC7B30
:103EC000CF7BB47BC67BDD7BE97B117C147CE67BFE
:103ED000E57B607C007C077C137CF37BF77B177CA5
:103EE0000D7CF67B237C277C2A7C1F7C377C2B7CFB
:103EF0003D7C4C7C437C547C4F7C407C507C587C8B
:103F00005F7C647C567C657C6C7C757C837C907C5F
:103F1000A47CAD7CA27CAB7CA17CA87CB37CB27C75
:103F2000B17CAE7CB97CBD7CC07CC57CC27CD87CBD
:103F3000D27CDC7CE27C3B9BEF7CF27CF47CF67CEC
:103F4000FA7C067D027D1C7D157D0A7D457D4B7DBD
:103F50002E7D327D3F7D357D467D737D567D4E7D48
:103F6000727D687D6E7D4F7D637D937D897D5B7DF8
:103F70008F7D7D7D9B7DBA7DAE7DA37DB57DC77D2B
:103F8000BD7DAB7D3D7EA27DAF7DDC7DB87D9F7D1F
:103F9000B07DD87DDD7DE47DDE7DFB7DF27DE17D44
:103FA000057E0A7E237E217E127E317E1F7E097E63
:103FB0000B7E227E467E667E3B7E357E397E437E4C
:103FC000377E327E3A7E677E5D7E567E5E7E597E8D
:103FD0005A7E797E6A7E697E7C7E7B7E837ED57DFD
:103FE0007D7EAE8F7F7E887E897E8C7E927E907E67
:103FF000937E947E967E8E7E9B7E9C7E387F3A7FDB
:10400000457F4C7F4D7F4E7F507F517F557F547F42
:10401000587F5F7F607F687F697F677F787F827F5F
:10402000867F837F887F877F8C7F947F9E7F9D7F25
:104030009A7FA37FAF7FB27FB97FAE7FB67FB87F15
:10404000718BC57FC67FCA7FD57FD47FE17FE67F36
:10405000E97FF37FF97FDC98068004800B80128073
:10406000188019801C80218028803F803B804A80F6
:104070004680528058805A805F806280688073805A
:1040800072807080768079807D807F808480868059
:1040900085809B8093809A80AD809051AC80DB803E
:1040A000E580D980DD80C480DA80D6800981EF8008
:1040B000F1801B81298123812F814B818B96468141
:1040C0003E8153815181FC8071816E816581668161
:1040D0007481838188818A8180818281A081958198
:1040E000A481A3815F819381A981B081B581BE81C3
:1040F000B881BD81C081C281BA81C981CD81D181A0
:10410000D981D881C881DA81DF81E081E781FA81B4
:10411000FB81FE8101820282058207820A820D8272
:104120001082168229822B82388233824082598201
:1041300058825D825A825F826482628268826A8269
:104140006B822E827182778278827E828D829282C9
:10415000AB829F82BB82AC82E182E382DF82D28229
:10416000F482F382FA8293830383FB82F982DE82F4
:104170000683DC820983D9823583348316833283B4
:10418000318340833983508345832F832B83178367
:10419000188385839A83AA839F83A283968323832C
:1041A0008E8387838A837C83B58373837583A0839F
:1041B0008983A883F4831384EB83CE83FD830384F4
:1041C000D8830B84C183F7830784E083F2830D8453
:1041D00022842084BD8338840685FB836D842A84F1
:1041E0003C845A85848477846B84AD846E84828415
:1041F000698446842C846F8479843584CA8462847B
:10420000B984BF849F84D984CD84BB84DA84D0846C
:10421000C184C684D684A1842185FF84F484178553
:1042200018852C851F8515851485FC84408563853C
:1042300058854885418502864B8555858085A485AE
:10424000888591858A85A8856D8594859B85EA8575
:1042500087859C8577857E859085C985BA85CF853C
:10426000B985D085D585DD85E585DC85F9850A8626
:1042700013860B86FE85FA85068622861A86308688
:104280003F864D86554E54865F8667867186938637
:10429000A386A986AA868B868C86B686AF86C486B8
:1042A000C686B086C9862388AB86D486DE86E98634
:1042B000EC86DF86DB86EF86128706870887008715
:1042C0000387FB86118709870D87F9860A8734875C
:1042D0003F8737873B87258729871A8760875F87CE
:1042E00078874C874E877487578768876E8759878A
:1042F000538763876A870588A2879F878287AF87EE
:10430000CB87BD87C087D087D696AB87C487B38756
:10431000C787C687BB87EF87F287E0870F880D883E
:10432000FE87F687F7870E88D2871188168815884A
:104330002288218831883688398827883B884488B4
:104340004288528859885E8862886B8881887E8816
:104350009E8875887D88B5887288828897889288BB
:10436000AE889988A2888D88A488B088BF88B188D3
:10437000C388C488D488D888D988DD88F988028918
:10438000FC88F488E888F28804890C890A891389F2
:1043900043891E8925892A892B89418944893B893A
:1043A000368938894C891D8960895E896689648966
:1043B0006D896A896F89748977897E8983898889FB
:1043C0008A8993899889A189A989A689AC89AF89A5
:1043D000B289BA89BD89BF89C089DA89DC89DD895A
:1043E000E789F489F889038A168A108A0C8A1B8A5D
:1043F0001D8A258A368A418A5B8A528A468A488A79
:104400007C8A6D8A6C8A628A858A828A848AA88A72
:10441000A18A918AA58AA68A9A8AA38AC48ACD8A01
:10442000C28ADA8AEB8AF38AE78AE48AF18A148BF1
:10443000E08AE28AF78ADE8ADB8A0C8B078B1A8B8A
:10444000E18A168B108B178B208B338BAB97268BC7
:104450002B8B3E8B288B418B4C8B4F8B4E8B498B00
:10446000568B5B8B5A8B6B8B5F8B6C8B6F8B748BD0
:104470007D8B808B8C8B8E8B928B938B968B998B79
:104480009A8B3A8C418C3F8C488C4C8C4E8C508C47
:10449000558C628C6C8C788C7A8C828C898C858C17
:1044A0008A8C8D8C8E8C948C7C8C988C1D62AD8CBF
:1044B000AA8CBD8CB28CB38CAE8CB68CC88CC18CE3
:1044C000E48CE38CDA8CFD8CFA8CFB8C048D058DEE
:1044D0000A8D078D0F8D0D8D108D4E9F138DCD8CF8
:1044E000148D168D678D6D8D718D738D818D998D68
:1044F000C28DBE8DBA8DCF8DDA8DD68DCC8DDB8DF4
:10450000CB8DEA8DEB8DDF8DE38DFC8D088E098ED2
:10451000FF8D1D8E1E8E108E1F8E428E358E308E1C
:10452000348E4A8E478E498E4C8E508E488E598ED0
:10453000648E608E2A8E638E558E768E728E7C8E01
:10454000818E878E858E848E8B8E8A8E938E918EB1
:10455000948E998EAA8EA18EAC8EB08EC68EB18EA0
:10456000BE8EC58EC88ECB8EDB8EE38EFC8EFB8E10
:10457000EB8EFE8E0A8F058F158F128F198F138F7A
:104580001C8F1F8F1B8F0C8F268F338F3B8F398F84
:10459000458F428F3E8F4C8F498F468F4E8F578F5E
:1045A0005C8F628F638F648F9C8F9F8FA38FAD8F83
:1045B000AF8FB78FDA8FE58FE28FEA8FEF8F87901B
:1045C000F48F0590F98FFA8F1190159021900D902E
:1045D0001E9016900B902790369035903990F88F5A
:1045E0004F905090519052900E9049903E9056901E
:1045F00058905E9068906F907690A8967290829096
:104600007D90819080908A9089908F90A890AF90B3
:10461000B190B590E290E4904862DB9002911291E3
:104620001991329130914A915691589163916591C7
:104630006991739172918B9189918291A291AB91C1
:10464000AF91AA91B591B491BA91C091C191C9911C
:10465000CB91D091D691DF91E191DB91FC91F591D5
:10466000F6911E92FF9114922C92159211925E92E5
:104670005792459249926492489295923F924B92FA
:1046800050929C92969293929B925A92CF92B99208
:10469000B792E9920F93FA9244932E93199322932F
:1046A0001A9323933A9335933B935C9360937C9353
:1046B0006E935693B093AC93AD939493B993D69372
:1046C000D793E893E593D893C393DD93D093C8939E
:1046D000E4931A94149413940394079410943694C6
:1046E0002B94359421943A944194529444945B943D
:1046F000609462945E946A9429927094759477940D
:104700007D945A947C947E9481947F94829587952D
:104710008A959495969598959995A095A895A7951D
:10472000AD95BC95BB95B995BE95CA95F66FC395E9
:10473000CD95CC95D595D495D695DC95E195E59517
:10474000E295219628962E962F9642964C964F9655
:104750004B9677965C965E965D965F966696729699
:104760006C968D96989695969796AA96A796B196DA
:10477000B296B096B496B696B896B996CE96CB96B3
:10478000C996CD964D89DC960D97D596F9960497E6
:104790000697089713970E9711970F9716971997E3
:1047A00024972A97309739973D973E974497469795
:1047B0004897429749975C97609764976697689780
:1047C000D2526B977197799785977C9781977A9753
:1047D00086978B978F9790979C97A897A697A39764
:1047E000B397B497C397C697C897CB97DC97ED97C5
:1047F0004F9FF297DF7AF697F5970F980C983898B5
:104800002498219837983D9846984F984B986B98E4
:104810006F987098719874987398AA98AF98B19897
:10482000B698C498C398C698E998EB9803990999E3
:1048300012991499189921991D991E9924992099D2
:104840002C992E993D993E994299499945995099AB
:104850004B99519952994C99559997999899A5992D
:10486000AD99AE99BC99DF99DB99DD99D899D19929
:10487000ED99EE99F199F299FB99F899019A0F9AAD
:10488000059AE299199A2B9A379A459A429A409A30
:10489000439A3E9A559A4D9A5B9A579A5F9A629AB2
:1048A000659A649A699A6B9A6A9AAD9AB09ABC9A18
:1048B000C09ACF9AD19AD39AD49ADE9ADF9AE29A82
:1048C000E39AE69AEF9AEB9AEE9AF49AF19AF79AAB
:1048D000FB9A069B189B1A9B1F9B229B239B259B45
:1048E000279B289B299B2A9B2E9B2F9B329B449B7B
:1048F000439B4F9B4D9B4E9B519B589B749B939B03
:10490000839B919B969B979B9F9BA09BA89BB49BF3
:10491000C09BCA9BB99BC69BCF9BD19BD29BE39B61
:10492000E29BE49BD49BE19B3A9CF29BF19BF09B26
:10493000159C149C099C139C0C9C069C089C129C26
:104940000A9C049C2E9C1B9C259C249C219C309C96
:10495000479C329C469C3E9C5A9C609C679C769CE3
:10496000789CE79CEC9CF09C099D089DEB9C039D2A
:10497000069D2A9D269DAF9D239D1F9D449D159DAF
:10498000129D419D3F9D3E9D469D489D5D9D5E9D26
:10499000649D519D509D599D729D899D879DAB9DA4
:1049A0006F9D7A9D9A9DA49DA99DB29DC49DC19D18
:1049B000BB9DB89DBA9DC69DCF9DC29DD99DD39DDF
:1049C000F89DE69DED9DEF9DFD9D1A9E1B9E1E9EF2
:1049D000759E799E7D9E819E889E8B9E8C9E929ECA
:1049E000959E919E9D9EA59EA99EB89EAA9EAD9EB7
:1049F0006197CC9ECE9ECF9ED09ED49EDC9EDE9EA6
:104A0000DD9EE09EE59EE89EEF9EF49EF69EF79E5C
:104A1000F99EFB9EFC9EFD9E079F089FB776159F03
:104A2000219F2C9F3E9F4A9F529F549F639F5F9F51
:104A3000609F619F669F679F6C9F6A9F779F729F31
:104A4000769F959F9C9FA09F2F58C769599064742B
:104A5000DC5199719C4E1655035A3F96C0541B6108
:104A60002863F659229075841C83507AAA60E1630A
:104A7000256EED656684A682F59B93682757A16530
:104A800071629B5BD0597B86F498627DBE7D8E9B64
:104A900016629F7CB788895BB55E09639766486834
:104AA000C7958D974F67E54E0A4F4D4F9D4F495023
:104AB000F2563759D459015A095CDF600F617061B1
:104AC00013660569BA704F757075FB79AD7DEF7D22
:104AD000C3800E846388028B55907A903B53954E29
:104AE000A54EDF57B280C190EF78004EF158A26E0C
:104AF0003890327A28838B822F9C41517053BD5459
:104B0000E154E056FB59155FF298EB6DE4802D857A
:104B100062967096A096FB970B54F353875BCF7009
:104B2000BD7FC28FE8966F535C9DBA7A114E937821
:104B3000FC81266E185604551D6B1A853B9CE55961
:104B4000A953666DDC748F954256914E4B90F29648
:104B50004F830C99E153B655305B715F2066F36665
:104B60000468386CF36C296D5B74C8764E7A34989F
:104B7000F1825B88608AED92B26DAB75CA76C59999
:104B8000A660018B8A8DB2958E69AD5386511257FE
:104B900030584459B45BF65E2860A963F463BF6C77
:104BA000146F8E7014715971D5713F73017E7682C6
:104BB000D182978560905B921B9D6958BC655A6C49
:104BC0002575F9512E596559805FDC5FBC62FA6525
:104BD0002A6A276BB46B8B73C17F56892C9D0E9DFF
:104BE000C49EA15C966C7B8304514B5CB661C6810C
:104BF00076686172594EFA4F78536960296E4F7A20
:104C0000F3970B4E1653EE4E554F3D4FA14F734F3A
:104C1000A052EF5309560F59C15AB65BE15BD179E7
:104C200087669C67B6674C6BB36C6B70C2738D798B
:104C3000BE793C7A877BB182DB8204837783EF8302
:104C4000D3836687B28A2956A88CE68F4E901E972A
:104C50008A86C44FE85C116259723B75E581BD825A
:104C6000FE86C08CC5961399D599CB4E1A4FE38911
:104C7000DE564A58CA58FB5EEB5F2A609460626059
:104C8000D0611262D0623965419B6666B068776D0B
:104C900070704C758676757DA582F9878B958E969A
:104CA0009D8CF151BE521659B354B35B165D6861C9
:104CB0008269AF6D8D78CB845788728AA793B89A32
:104CC0006C6DA899D986A357FF67CE860E92835242
:104CD00087560454D35EE162B9643C683868BB6BA4
:104CE0007273BA786B7A9A89D2896B8D038FED9043
:104CF000A39594966997665BB35C7D694D984E98D1
:104D00009B63207B2B6A7F6AB6680D9C5F6F725233
:104D10009D557060EC623B6D076ED16E5B841089AF
:104D2000448F144E399CF6531B693A6A84972A685B
:104D30005C51C37AB284DC918C935B56289D2268C7
:104D400005833184A57C0852C582E6747E4E834F6C
:104D5000A051D25B0A52D852E752FB5D9A552A58AD
:104D6000E6598C5B985BDB5B725E795EA3601F61CA
:104D70006361BE61DB636265D1675368FA683E6B4D
:104D8000536B576C226F976F456FB0741875E3764D
:104D90000B77FF7AA17B217CE97D367FF07F9D80B8
:104DA00066829E83B389CC8AAB8C84905194939510
:104DB0009195A2956596D39728991882384E2B54D1
:104DC000B85CCC5DA9734C763C77A95CEB7F0B8D0E
:104DD000C196119854985898014F0E4F71539C5595
:104DE0006856FA574759095BC45B905C0C5E7E5E5F
:104DF000CC5FEE633A67D765E2651F67CB68C4682E
:104E00005F6A305EC56B176C7D6C7F754879635B3C
:104E1000007A007DBD5F8F89188AB48C778DCC8E27
:104E20001D8FE2980E9A3C9B804E7D500051935905
:104E30009C5B2F628062EC643A6BA072917547793B
:104E4000A97FFB87BC8A708BAC63CA83A097095487
:104E50000354AB555468586A708A27787567CD9E9D
:104E60007453A25B1A8150860690184E454EC74E69
:104E7000114FCA533854AE5B135F256051653D67CF
:104E8000426C726CE36C78700374767AAE7A087B4D
:104E90001A7DFE7C667DE7655B72BB53455CE85D11
:104EA000D262E0621963206E5A86318ADD8DF892F3
:104EB000016FA6795A9BA84EAB4EAC4E9B4FA04FAC
:104EC000D1504751F67A7151F651545321537F53C3
:104ED000EB53AC558358E15C375F4A5F2F605060FD
:104EE0006D601F6359654B6AC16CC272ED72EF77DA
:104EF000F880058108824E85F790E193FF975799D6
:104F00005A9AF04EDD512D5C81666D69405CF26607
:104F1000756989735068817CC550E4524757FE5DBE
:104F20002693A465236B3D6B34748179BD794B7BEB
:104F3000CA7DB982CC837F885F89398BD18FD1912B
:104F40001F5480925D4E3650E5533A53D772967394
:104F5000E977E682AF8EC699C899D29977511A61DE
:104F60005E86B0557A7A7650D35B47908596324EFE
:104F7000DB6AE791515C485C98639F7A936C749705
:104F8000618FAA7A8A718896827C1768707E5168D0
:104F90006C93F2521B54AB85138AA47FCD8EE190A3
:104FA000665388884179C24FBE50115244515355BF
:104FB0002D57EA738B575159625F845F7560766134
:104FC0006761A961B2633A646C656F664268136E8B
:104FD00066753D7AFB7C4C7D997D4B7E6B7F0E83A5
:104FE0004A83CD86088A638A668BFD8E1A988F9DC8
:104FF000B882CE8FE89B87521F628364C06F9996F8
:1050000041689150206B7A6C546F747A507D40885F
:10501000238A0867F64E3950265065507C51385225
:105020006352A7550F570558CC5AFA5EB261F86122
:10503000F36272631C69296A7D72AC722E731478F4
:105040006F78797D0C77A9808B89198BE28CD28E51
:10505000639075937A965598139A789E43519F530F
:10506000B3537B5E265F1B6E906E8473FE73437D2D
:105070003782008AFA8A50964E4E0B50E4537C5485
:10508000FA56D159645BF15DAB5E275F38624565C6
:10509000AF67566ED072CA7CB488A180E180F0837D
:1050A0004E86878AE88D3792C7966798139F944EED
:1050B000924E0D4F485349543E542F5A8C5FA15F76
:1050C0009F60A7688E6A5A7481789E8AA48A778BBB
:1050D00090915E4EC99BA44E7C4FAF4F1950165015
:1050E00049516C519F52B952FE529A53E353115495
:1050F0000E5489555157A2577D59545B5D5B8F5BA8
:10510000E55DE75DF75D785E835E9A5EB75E185F8A
:1051100052604C619762D862A7633B650266436642
:10512000F4666D6721689768CB695F6C2A6D696D5D
:105130002F6E9D6E327587766C783F7AE07C057DA8
:10514000187D5E7DB17D15800380AF80B180548174
:105150008F812A8252834C8861881B8BA28CFC8CA5
:10516000CA90759171923F78FC92A4954D960598DE
:105170009999D89A3B9D5B52AB52F7530854D55836
:10518000F762E06F6A8C5F8FB99E4B513B524A5475
:10519000FD56407A7791609DD29E4473096F70816D
:1051A0001175FD5FDA60A89ADB72BC8F646B03989F
:1051B000CA4EF0566457BE585A5A6860C7610F66A7
:1051C00006663968B168F76DD5753A7D6E82429B87
:1051D0009B4E504FC95306556F5DE65DEE5DFB6714
:1051E000996C73740278508A9693DF885057A75E43
:1051F0002B63B550AC508D510067C9545E58BB59F4
:10520000B05B695F4D62A1633D68736B086E7D7032
:10521000C7918072157826786D798E65307DDC8334
:10522000C188098F9B966452285750676A7FA18C6A
:10523000B45142572A963A588A69B480B2540E5DE6
:10524000FC579578FA9D5C4F4A528B543E64286611
:105250001467F567847A567B227D2F935C68AD9B3B
:10526000397B19538A513752DF5BF662AE64E664CC
:105270002D67BA6BA985D1969076D69B4C63069321
:10528000AB9BBF765266094E9850C253715CE86082
:10529000926463655F68E671CA732375977B827E4B
:1052A0009586838BDB8C78911099AC65AB668B6BA4
:1052B000D54ED44E3A4F7F4F3A52F853F253E355FE
:1052C000DB56EB58CB59C959FF59505B4D5C025E18
:1052D0002B5ED75F1D6007632F655C5BAF65BD65A7
:1052E000E8659D67626B7B6B0F6C45734979C1798B
:1052F000F87C197D2B7DA2800281F38196895E8ADC
:10530000698A668A8C8AEE8AC78CDC8CCC96FC987B
:105310006F6B8B4E3C4F8D4F5051575BFA5B486122
:1053200001634266216BCB6EBB6C3E72BD74D4755B
:10533000C1783A790C803380EA8194849E8F506CD6
:105340007F9E0F5F588B2B9DFA7AF88E8D5BEB96C4
:10535000034EF153F7573159C95AA45B89607F6EE8
:10536000066FBE75EA8C9F5B0085E07B7250F46728
:105370009D82615C4A851E7E0E829951045C686341
:10538000668D9C656E713E79177D05801D8BCA8E7A
:105390006E90C786AA901F50FA523A5C53677C7091
:1053A00035724C91C8912B93E582C25B315FF960F5
:1053B0003B4ED653885B4B6231678A6BE972E07370
:1053C0002E7A6B81A38D529196991251D7536A54BC
:1053D000FF5B8863396AAC7D0097DA56CE53685418
:1053E000975B315CDE5DEE4F0161FE62326DC0792C
:1053F000CB79427D4D7ED27FED811F82908446889D
:105400007289908B748E2F8F31904B916C91C696D0
:105410009C91C04E4F4F45514153935F0E62D467EC
:10542000416C0B6E6373267ECD918392D4531959D0
:10543000BF5BD16D5D792E7E9B7C7E589F71FA514A
:105440005388F08FCA4FFB5C2566AC77E37A1C82E9
:10545000FF99C651AA5FEC656F69896BF36D966E13
:10546000646FFE76147DE15D759087910698E65134
:105470001D5240629166D9661A6EB65ED27D727F09
:10548000F866AF85F785F88AA952D95373598F5EAC
:10549000905F5560E4926496B7501F51DD522053DF
:1054A0004753EC53E8544655315517566859BE5981
:1054B0003C5AB55B065C0F5C115C1A5C845E8A5ECC
:1054C000E05E705F7F628462DB628C637763076695
:1054D0000C662D6676667E67A2681F6A356ABC6CAC
:1054E000886D096E586E3C7126716771C7750177BA
:1054F0005D7801796579F079E07A117BA77C397D57
:105500009680D6838B8449855D88F3881F8A3C8A80
:10551000548A738A618CDE8CA49166927E9318946F
:105520009C9698970A4E084E1E4E574E97517052B1
:10553000CE573458CC58225B385EC560FE64616734
:105540005667446DB6727375637AB884728BB8917E
:1055500020933156F457FE98ED620D69966BED710C
:10556000547E77807282E689DF985587B18F3B5CE5
:10557000384FE14FB54F0755205ADD5BE95BC35FFC
:105580004E612F63B0654B66EE689B69786DF16D77
:105590003375B9751F775E79E679337DE381AF8224
:1055A000AA85AA893A8AAB8E9B8F3290DD910797A4
:1055B000BA4EC14E03527558EC580B5C1A753D5CDF
:1055C0004E810A8AC58F63966D97257BCF8A08988E
:1055D0006291F356A853179039548257255EA863F9
:1055E000346C8A7061778B7CE07F70884290549134
:1055F000109318938F965E74C49A075D695D706509
:10560000A267A88DDB966E6349671969C5831798F1
:10561000C096FE88846F7A64F85B164E2C705D75B8
:105620002F66C4513652E252D359815F276010620F
:105630003F6574651F667466F2681668636B056E75
:1056400072721F75DB76BE7C5680F058FD887F89AC
:10565000A08A938ACB8A1D90929152975997896517
:105660000E7A0681BB962D5EDC601A62A565146613
:105670009067F3774D7A4D7C3E7E0A81AC8C648DC9
:10568000E18D5F8EA9780752D962A5634264986262
:105690002D8A837AC07BAC8AEA96767D0C82498714
:1056A000D94E485143536053A35B025C165CDD5DE9
:1056B00026624762B06413683468C96C456D176D23
:1056C000D3675C6F4E717D71CB657F7AAD7BDA7D80
:1056D0004A7EA87F7A811B823982A6856E8ACE8C0B
:1056E000F58D78907790AD9291928395AE9B4D52C7
:1056F0008455386F367168518579557EB381CE7C7B
:105700004C565158A85CAA63FE66FD665A69D97268
:105710008F758E750E795679DF79977C207D447D63
:105720000786348A3B966190209FE7507552CC5390
:10573000E2530950AA55EE584F593D728B5B645C99
:105740001D53E360F3605C6383633F63BB63CD64BD
:10575000E965F966E35DCD69FD69156FE571894E0F
:10576000E975F876937ADF7CCF7D9C7D61804983F3
:1057700058836C84BC84FB85C588708D01906D90C6
:1057800097931C97129ACF5097588E61D381358585
:10579000088D2090C34F7450475273536F60496314
:1057A0005F672C6EB38D1F90D74F5E5CCA8CCF6540
:1057B0009A7D525396887651C363585B6B5B0A5C43
:1057C0000D6451675C90D64E1A592A59706C518AF3
:1057D0003E551558A559F0605362C1673582556929
:1057E0004096C499289A534F0658FE5B1080B15CCE
:1057F0002F5E855F20604B613462FF66F06CDE6E69
:10580000CE807F81D4828B88B88C00902E908A962F
:10581000DB9EDB9BE34EF05327592C7B8D914C98FC
:10582000F99DDD6E277053534455855B58629E6227
:10583000D362A26CEF6F2274178A3894C16FFE8A0C
:105840003883E751F886EA53E953464F5490B08FB6
:105850006A593181FD5DEA7ABF8FDA68378CF87258
:10586000489C3D6AB08A394E585306566657C56201
:10587000A263E6654E6BE16D5B6EAD70ED77EF7A1E
:10588000AA7BBB7D3D80C680CB86958A5B93E35621
:10589000C7583E5FAD659666806AB56B3775C78A37
:1058A0002450E57730571B5F65607A66606CF4754D
:1058B0001A7A6E7FF48118874590B399C97B5C751D
:1058C000F97A517BC4841090E979927A3683E15A4F
:1058D00040772D4EF24E995BE05FBD623C66F1670A
:1058E000E86C6B8677883B8A4E91F392D099176A61
:1058F00026702A73E7825784AF8C014E4651CB51F4
:105900008B55F55B165E335E815E145F355F6B5FB2
:10591000B45FF2611163A2661D676E6F52723A75D1
:105920003A777480398178817687BF8ADC8A858D61
:10593000F38D9A9277950298E59CC5525763F47659
:105940001567886CCD73C38CAE937396256D9C5888
:105950000E69CC69FD8F9A93DB751A905A580268CC
:10596000B463FB69434F2C6FD867BB8F2685B47D2A
:1059700054933F69706F6A57F7582C5B2C7D2A72DD
:105980000A54E391B49DAD4E4E4F5C507550435256
:105990009E8C485424589A5B1D5E955EAD5EF75E02
:1059A0001F5F8C60B5623A63D063AF68406C8778E4
:1059B0008E790B7AE07D4782028AE68A448E1390C4
:1059C000B8902D91D8910E9FE56C5864E26475658E
:1059D000F46E84761B7B6990D193BA6EF254B95FF2
:1059E000A4644D8FED8F449278516B582959555CC2
:1059F000975EFB6D8F7E1C75BC8CE28E5B98B970D8
:105A00001D4FBF6BB16F3075FB964E51105435581A
:105A10005758AC59605C925F97655C67216E7B76E6
:105A2000DF83ED8C1490FD904D9325783A78AA523F
:105A3000A65E1F577459126012505A51AC51CD5185
:105A400000521055545858585759955BF65C8B5D69
:105A5000BC6095622D6471674368BC68DF68D77667
:105A6000D86D6F6E9B6D6F70C871535FD875777905
:105A7000497B547B527BD67C717D3052638469852F
:105A8000E4850E8A048B468C0F8E03900F90199438
:105A900076962D98309AD895CD50D5520C54025800
:105AA0000E5CA7619E641E6DB377E57AF480048472
:105AB00053908592E05C079D3F53975FB35F9C6D69
:105AC00079726377BF79E47BD26BEC72AD8A03683D
:105AD000616AF851817A34694A5CF69CEB82C55B55
:105AE00049911E7078566F5CC76066658C6C5A8CE5
:105AF000419013985154C7660D924859A39085510F
:105B00004D4EEA5199850E8B58707A634B936269BA
:105B1000B499047E777557536069DF8EE3965D6CA8
:105B20008C4E3C5C105FE98F0253D18C8980798662
:105B3000FF5EE565734E655182593F5CEE97FB4E03
:105B40008A59CD5F8D8AE16FB0796279E75B7184A4
:105B50002B73B171745EF55F7B639A64C371987C3B
:105B6000434EFC5E4B4EDC57A256A960C36F0D7DC1
:105B7000FD803381BF81B28F9789A486F45D8A62EC
:105B8000AD6487897767E26C3E6D36743478465A27
:105B9000757FAD82AC99F34FC35EDD62926357654A
:105BA0006F67C3764C72CC80BA80298F4D910D50AF
:105BB000F957925A856873696471FD72B78CF2580F
:105BC000E08C6A9619907F87E479E77729842F4FD4
:105BD00065525A53CD62CF67CA6C7D76947B957CB3
:105BE00036828485EB8FDD66206F06721B7EAB8369
:105BF000C199A69EFD51B17B7278B87B8780487BA6
:105C0000E86A615E8C80517560756B5162928C6E32
:105C10007A769791EA9A104F707F9C624F7BA59598
:105C2000E99C7A565958E486BC96344F24524A531C
:105C3000CD53DB53065E2C6491657F673E6C4E6CE2
:105C40004872AF72ED735475417E2C82E985A98C40
:105C5000C47BC69169711298EF983D6369666A7555
:105C6000E476D0784385EE862A53515326548359DF
:105C7000875E7C5FB26049627962AB629065D46B8B
:105C8000CC6CB275AE769178D879CB7D777FA580D4
:105C9000AB88B98ABB8C7F905E97DB980B6A387CA7
:105CA00099503E5CAE5F8767D86B357409778E7FFD
:105CB0003B9FCA67177A39538B75ED9A665F9D8152
:105CC000F18398803C5FC55F6275467B3C90676856
:105CD000EB599B5A107D7E762C8BF54F6A5F196AC3
:105CE000376C026FE27468796888558A798CDF5E58
:105CF000CF63C575D279D7822893F2929C84ED86C2
:105D00002D9CC1546C5F8C655C6D1570A78CD38C19
:105D10003B984F65F6740D4ED84EE0572B59665A96
:105D2000CC5BA851035E9C5E166076627765A765C2
:105D30006E666E6D3672267B50819A8199825C8B7D
:105D4000A08CE68C748D1C964496AE4FAB64666B4B
:105D50001E8261846A85E890015C5369A8987A8400
:105D600057850F4F6F52A95F455E0D678F79798117
:105D700007898689F56D175F5562B86CCF4E6972D9
:105D8000929B06523B547456B358A4616E621A71CA
:105D90006E59897CDE7C1B7DF09687655E80194E8E
:105DA000754F75514058635E735E0A5FC467264E37
:105DB0003D8589955B96737C0198FB50C15856765A
:105DC000A7782552A5771185867B4F5009594772D0
:105DD000C77BE87DBA8FD48F4D90BF4FC952295AE7
:105DE000015FAD97DD4F1782EA9203575563696BE8
:105DF0002B75DC88148F427ADF52935855610A6202
:105E0000AE66CD6B3F7CE9832350F84F0553465473
:105E1000315849599D5BF05CEF5C295D965EB1623B
:105E200067633E65B9650B67D56CE16CF9703278D4
:105E30002B7EDE80B3820C84EC84028712892A8A4E
:105E40004A8CA690D292FD98F39C6C9D4F4EA14E29
:105E50008D5056524A57A8593D5ED85FD95F3F6270
:105E6000B4661B67D067D2689251217DAA80A88151
:105E7000008B8C8CBF8C7E92329620542C981753BA
:105E8000D5505C53A858B264346767726677467A17
:105E9000E691C352A16C866B00584C5E54592C6736
:105EA000FB7FE151C6766964E878549BBB9ECB5773
:105EB000B95927669A67CE6BE954D969555E9C81BA
:105EC0009567AA9BFE67529C5D68A64EE34FC85338
:105ED000B9622B67AB6CC48FAD4F6D7EBF9E074E12
:105EE0006261806E2B6F138573542A67459BF35D47
:105EF000957BAC5CC65B1C874A6ED184147A0881A2
:105F000099598D7C116C2077D952225921715F7279
:105F1000DB772797619D0B697F5A185AA5510D545D
:105F20007D540E66DF76F78F9892F49CEA595D7285
:105F3000C56E4D51C968BF7DEC7D6297BA9E78648D
:105F4000216A028384595F5BDB6B1B73F276B27D3F
:105F50001780998432512867D99EEE766267FF5286
:105F60000599245C3B627E7CB08C4F55B6600B7DFE
:105F7000809501535F4EB6511C593A723680CE91CE
:105F8000255FE2778453795F047DAC85338A8D8EFB
:105F90005697F367AE85539409610861B96C5276E0
:105FA000ED8A388F2F55514F2A51C752CB53A55BDD
:105FB0007D5EA0608261D6630967DA67676E8C6D6B
:105FC0003673377331755079D588988A4A90919095
:105FD000F590C4968D871559884E594F0E4E898A73
:105FE0003F8F1098AD507C5E9659B95BB85EDA630E
:105FF000FA63C164DC664A69D8690B6DB66E947148
:106000002875AF7A8A7F00804984C9848189218B71
:106010000A8E65907D960A997E619162326B836CDF
:10602000746DCC7FFC7FC06D857FBA87F88865670B
:10603000B1833C98F7961B6D617D3D846A91714EEA
:106040007553505D046BEB6FCD852D86A789295262
:106050000F54655C4E67A86806748374E275CF8838
:10606000E188CC91E29678968B5F8773CB7A4E84E9
:10607000A06365758952416D9C6E097459756B7882
:10608000927C8696DC7A8D9FB64F6E61C5655C8684
:10609000864EAE4EDA50214ECC51EE5B996581684A
:1060A000BC6D1F734276AD771C7AE77C6F82D28A13
:1060B0007C90CF91759618989B52D17D2B50985318
:1060C0009767CB6DD0713374E8812A8FA396579C64
:1060D0009F9E60744158996D2F7D5E98E44E364FB7
:1060E0008B4FB751B152BA5D1C60B2733C79D38209
:1060F0003492B796F6960A97979E629FA666746B3F
:106100001752A352C870C288C95E4B609061236F5A
:1061100049713E7CF47D6F80EE8423902C93425431
:106120006F9BD36A8970C28CEF8D3297B452415AFB
:10613000CA5E045F17677C6994696A6D0F6F62724B
:10614000FC72ED7B01807E804B87CE906D51939EDB
:1061500084798B803293D68A2D508C54718A6A6BE5
:10616000C48C0781D160A067F29D994E984E109C17
:106170006B8AC185688500697E6E977855810000BD
:10618000002502250C251025182514251C252C2555
:10619000242534253C25012503250F2513251B2502
:1061A0001725232533252B253B254B2520252F255A
:1061B000282537253F251D2530252525382542252D
:1061C0001004110412041304140415040104160429
:1061D0001704180419041A041B041C041D041E04CB
:1061E0001F0420042104220423042404250426047B
:1061F0002704280429042A042B042C042D042E042B
:106200002F0400000000000000000000000000005B
:10621000000000000000000000000000000000007E
:106220003004310432043304340435045104360498
:106230003704380439043A043B043C043D043E046A
:106240003F0440044104420443044404450446041A
:106250004704480449044A044B044C044D044E04CA
:106260004F04000091039203930394039503960354
:106270009703980399039A039B039C039D039E0332
:106280009F03A003A103A303A403A503A603A703DD
:10629000A803A903000000000000000000000000A7
:1062A00000000000B103B203B303B403B503B603A7
:1062B000B703B803B903BA03BB03BC03BD03BE03F2
:1062C000BF03C003C103C303C403C503C603C7039D
:1062D000C803C90300000000000000000000000027
:1062E00000000001010101010101010101000000A4
:1062F0000000000001010101010101010101010192
:10630000010101010101010101010101010100007F
:106310000000000000010101010101010101010172
:10632000010101010101010101010101010101005E
:10633000C625A125A025B325B225BD25BC253B201A
:1063400012309221902191219321133000000000FE
:10635000000000000000000000000000000000003D
:10636000000008220B2286228722822283222A22F0
:1063700029220000000000000000000000000000D2
:10638000000027222822AC00D221D421002203229F
:1063900029220000000000000000000000000000B2
:1063A0000000000000002022A52212230222072262
:1063B000612252226A226B221A223D221D2235229C
:1063C0002B222C2200000000000000000000000032
:1063D00000002B2130206F266D266A2620202120E8
:1063E000B6002C22000000000000EF250030013034
:1063F00002300CFF0EFFFB301AFF1BFF1FFF01FFD7
:106400009B309C30B40040FFA8003EFF3E203FFF81
:10641000FD30FE309D309E300330DD4E05300630BD
:106420000730FC30142010200FFF3CFF1C301620DA
:106430005CFF26202520182019201C201D2008FF85
:1064400009FF143015303BFF3DFF5BFF5DFF083057
:1064500009300A300B300C300D300E300F30103058
:1064600011300BFF1222B100D700F7001DFF602290
:106470001CFF1EFF662267221E223422422640266F
:10648000B000322033200321A50004FFA200A300A6
:1064900005FF03FF06FF0AFF20FFA70006260526CB
:1064A000CB25CF25CE25C7253030303030303030A9
:1064B000303030303030303020202020202020205C
:1064C0002020202020202020000000001F001C2071
:1064D000000000001421000002001624000000004B
:1064E00014250000020015280000000011290000FA
:1064F0000000142A00000000182B00000000142CDB
:1065000000000000102D00000000142E000001000B
:106510000C3000000900143A00000100183C000093
:106520000200143F00000100034100001900155B48
:1065300000000000145C00000000115D000000007D
:10654000175E000000000F5F0000000017600000F1
:106550000000036100001900157B00000000187C9A
:1065600000000000117D00000000187E0000000007
:10657000007F000020001CA00000000014A100000B
:10658000000016A20000030019A60000000014A7D6
:106590000000000017A80000000019A9000000007A
:1065A00006AA0000000013AB0000000018AC0000B9
:1065B000000001AD0000000019AE0000000017AFA0
:1065C0000000000019B00000000018B10000000039
:1065D0000EB20000010017B40000000003B5000077
:1065E000000014B60000010017B8000000000EB94A
:1065F0000000000006BA0000000012BB000000000E
:106600000EBC0000020014BF0000000003C0000028
:10661000160018D70000000003D80000060004DFB1
:106620000000000003E00000160018F70000000062
:1066300003F800003F0004380100000003390100A6
:106640000F00044901000000034A01004200048DCC
:1066500001000000038E01000C00049B01000000FB
:10666000039C01000D0004AA0100010003AC01001D
:106670000D0004BA0100000006BB0100000003BCCD
:106680000100010004BE0100000003BF0100000082
:1066900006C00100030003C40100000007C501009B
:1066A000000003C60100010007C80100000003C983
:1066B0000100010007CB0100000003CC0100230012
:1066C00004F00100000003F10100000007F20100E6
:1066D000000003F301002D0004210200000003224A
:1066E00002001100043402000500033A02001A00FF
:1066F0000455020000000356020001000458020085
:106700000000035902000000045A02000000035B6D
:1067100002000100045D02000200036002000100AB
:10672000046202000000036302000000046402002F
:106730000000036502000100046702000000036816
:1067400002000400046D02000100036F020000005B
:1067500004700200000003710200010004730200D3
:106760000100037502000000047602000600037DAC
:1067700002000000047E020001000380020000000D
:106780000481020000000382020001000484020070
:106790000200038702000500048D0200040003923A
:1067A00002000000049302000000069402000000B2
:1067B000049502000700039D02000100049F0200EF
:1067C000100005B00200110017C20200030005C648
:1067D00002000B0017D202000D0005E002000400C9
:1067E00017E50200060005EC0200000017ED0200AC
:1067F000000005EE0200000017EF020010000B0081
:1068000003006F0003700300030005740300000021
:10681000177503000000037603000100057A0300EA
:106820000000037B03000200147E03000000037FCE
:10683000030000001784030001000386030000002A
:10684000148703000000038803000200038C030088
:106850000000038E03000100049003000000039178
:106860000300100003A303000C0004B003000000A9
:1068700003B10300200008D20300020003D5030087
:10688000200018F60300000003F70300040004FCD6
:106890000300000003FD03008400198204000000CF
:1068A0000B83040004000A8804000100038A04002A
:1068B000A500033105002500055905000000145A04
:1068C00005000500046005000000036105002500C7
:1068D000048705000100148905000000108A0500E6
:1068E0000000198D05000100168F050000000B91B6
:1068F00005002C0010BE050000000BBF05000000C5
:1069000014C0050000000BC10500010014C3050000
:1069100000000BC40500010014C6050000000BC7F1
:106920000500000006D005001A0006EF0500030070
:1069300014F305000100010006000500180606001A
:106940000200140906000100160B06000000140CDA
:1069500006000100190E060001000B1006000A00D7
:10696000141B06000000011C06000000141D060098
:106970000200062006001F00054006000000064138
:10698000060009000B4B060014000C60060009000D
:10699000146A06000300066E060001000B70060074
:1069A000000006710600620014D40600000006D53F
:1069B000060000000BD60600060001DD0600000000
:1069C00019DE060000000BDF0600050005E50600E5
:1069D00001000BE70600010019E9060000000BEAC0
:1069E0000600030006EE060001000CF00600090098
:1069F00006FA0600020019FD0600010006FF060067
:106A00000000140007000D00010F07000000061031
:106A1000070000000B1107000000061207001D0010
:106A20000B3007001A00064D070058000BA60700A0
:106A30000A0006B1070000000CC00700090006CAE2
:106A4000070020000BEB0700080005F40700010019
:106A500019F60700000014F70700020005FA070006
:106A600000000BFD0700000016FE070001000600F5
:106A7000080015000B1608000300051A08000000A6
:106A80000B1B080008000524080000000B25080067
:106A900002000528080000000B290800040014303B
:106AA00008000E000640080018000B5908000200FC
:106AB000145E08000000066008000A000670080066
:106AC00017001788080000000689080005000190DB
:106AD000080001000B980800070006A00800280025
:106AE00005C9080000000BCA0800170001E20800F1
:106AF00000000BE308001F00090309000000060462
:106B0000090035000B3A09000000093B09000000AC
:106B10000B3C09000000063D09000000093E090089
:106B200002000B41090007000949090003000B4D51
:106B300009000000094E090001000650090000008C
:106B40000B51090006000658090009000B620900F4
:106B500001001464090001000C66090009001470AA
:106B600009000000057109000000067209000E000E
:106B70000B81090000000982090001000685090057
:106B80000700068F0900010006930900150006AAF8
:106B90000900060006B20900000006B6090003005D
:106BA0000BBC0900000006BD0900000009BE090079
:106BB00002000BC10900030009C70900010009CB4D
:106BC000090001000BCD0900000006CE09000000FD
:106BD00009D70900000006DC0900010006DF0900F2
:106BE00002000BE2090001000CE60900090006F0B2
:106BF0000900010016F2090001000EF40900050069
:106C000019FA0900000016FB0900000006FC090043
:106C1000000014FD090000000BFE090000000B013C
:106C20000A00010009030A00000006050A00050029
:106C3000060F0A00010006130A001500062A0A00C2
:106C4000060006320A00010006350A000100063877
:106C50000A0001000B3C0A000000093E0A00020085
:106C60000B410A0001000B470A0001000B4B0A0010
:106C700002000B510A00000006590A000300065EDC
:106C80000A0000000C660A0009000B700A000100EF
:106C900006720A0002000B750A00000014760A0052
:106CA00000000B810A00010009830A00000006852C
:106CB0000A000800068F0A00020006930A00150069
:106CC00006AA0A00060006B20A00010006B50A007C
:106CD00004000BBC0A00000006BD0A00000009BE4B
:106CE0000A0002000BC10A0004000BC70A000100E1
:106CF00009C90A00000009CB0A0001000BCD0A00F7
:106D0000000006D00A00000006E00A0001000BE2C5
:106D10000A0001000CE60A00090014F00A00000055
:106D200016F10A00000006F90A0000000BFA0A003A
:106D300005000B010B00000009020B000100060515
:106D40000B000700060F0B00010006130B001500D7
:106D5000062A0B00060006320B00010006350B0068
:106D600004000B3C0B000000063D0B000000093E38
:106D70000B0000000B3F0B00000009400B0000005F
:106D80000B410B00030009470B000100094B0B00EE
:106D900001000B4D0B0000000B550B0001000957C3
:106DA0000B000000065C0B000100065F0B000200F8
:106DB0000B620B0001000C660B00090019700B0040
:106DC000000006710B0000000E720B0005000B8224
:106DD0000B00000006830B00000006850B00050079
:106DE000068E0B00020006920B00030006990B00B2
:106DF0000100069C0B000000069E0B00010006A38C
:106E00000B00010006A80B00020006AE0B000B00F1
:106E100009BE0B0001000BC00B00000009C10B00F4
:106E2000010009C60B00020009CA0B0002000BCDCD
:106E30000B00000006D00B00000009D70B0000007B
:106E40000CE60B0009000EF00B00020019F30B001A
:106E5000050016F90B00000019FA0B0000000B00EA
:106E60000C00000009010C0002000B040C000000E3
:106E700006050C000700060E0C00020006120C00AE
:106E80001600062A0C000F000B3C0C000000063D0B
:106E90000C0000000B3E0C00020009410C00030036
:106EA0000B460C0002000B4A0C0003000B550C00B3
:106EB000010006580C000200065D0C000000066090
:106EC0000C0001000B620C0001000C660C000900B4
:106ED00014770C0000000E780C000600197F0C00DF
:106EE000000006800C0000000B810C0000000982ED
:106EF0000C00010014840C00000006850C00070043
:106F0000068E0C00020006920C00160006AA0C0069
:106F1000090006B50C0004000BBC0C00000006BD07
:106F20000C00000009BE0C0000000BBF0C000000AC
:106F300009C00C0004000BC60C00000009C70C00BF
:106F4000010009CA0C0001000BCC0C00010009D59E
:106F50000C00010006DD0C00010006E00C00010041
:106F60000BE20C0001000CE60C00090006F10C001D
:106F7000010009F30C0000000B000D0001000902E4
:106F80000D00010006040D000800060E0D000200B1
:106F900006120D0028000B3B0D000100063D0D0000
:106FA0000000093E0D0002000B410D0003000946E0
:106FB0000D000200094A0D0002000B4D0D000000FB
:106FC000064E0D000000194F0D00000006540D0084
:106FD000020009570D0000000E580D000600065F64
:106FE0000D0002000B620D0001000C660D0009008F
:106FF0000E700D00080019790D000000067A0D00D2
:1070000005000B810D00000009820D0001000685BE
:107010000D001100069A0D00170006B30D000800C0
:1070200006BD0D00000006C00D0006000BCA0D00D5
:10703000000009CF0D0002000BD20D0002000BD69C
:107040000D00000009D80D0007000CE60D00090036
:1070500009F20D00010014F40D00000006010E00FD
:107060002F000B310E00000006320E0001000B3421
:107070000E000600163F0E00000006400E00050040
:1070800005460E0000000B470E000700144F0E00CF
:1070900000000C500E000900145A0E000100068179
:1070A0000E00010006840E00000006860E0004009B
:1070B000068C0E00170006A50E00000006A70E00A5
:1070C00009000BB10E00000006B20E0001000BB467
:1070D0000E00080006BD0E00000006C00E000400F1
:1070E00005C60E0000000BC80E0006000CD00E00F6
:1070F000090006DC0E00030006000F000000190165
:107100000F00020014040F000E0019130F000000FE
:1071100014140F00000019150F0002000B180F00C7
:107120000100191A0F0005000C200F0009000E2A9B
:107130000F00090019340F0000000B350F0000008C
:1071400019360F0000000B370F00000019380F0030
:1071500000000B390F000000153A0F000000113B32
:107160000F000000153C0F000000113D0F00000053
:10717000093E0F00010006400F00070006490F00FE
:1071800023000B710F000D00097F0F0000000B8022
:107190000F00040014850F0000000B860F00010093
:1071A00006880F0004000B8D0F000A000B990F00DA
:1071B000230019BE0F0007000BC60F00000019C7FF
:1071C0000F00050019CE0F00010014D00F000400BD
:1071D00019D50F00030014D90F000100060010009C
:1071E0002A00092B100001000B2D100003000931AB
:1071F000100000000B3210000500093810000000DC
:107200000B3910000100093B100001000B3D10007C
:107210000100063F100000000C4010000900144A55
:10722000100005000650100005000956100001006E
:107230000B5810000100065A100003000B5E1000EE
:1072400002000661100000000962100002000665DD
:1072500010000100096710000600066E1000020011
:107260000B7110000300067510000C000B8210005B
:1072700000000983100001000B8510000100098740
:10728000100005000B8D10000000068E100000009D
:10729000098F100000000C9010000900099A1000DE
:1072A00002000B9D10000000199E1000010003A0B9
:1072B0001000250003C71000000003CD10000000DF
:1072C00003D010002A0014FB1000000005FC100081
:1072D000000003FD10000200060011004801064AEC
:1072E00012000300065012000600065812000000AB
:1072F000065A12000300066012002800068A1200D7
:10730000030006901200200006B21200030006B827
:107310001200060006C01200000006C212000300A0
:1073200006C812000E0006D812003800061213001C
:1073300003000618130042000B5D130002001460E6
:10734000130008000E6913001300068013000F00DD
:1073500019901300090003A01300550003F813004F
:107360000500100014000000060114006B02196DE6
:1073700016000000146E16000000066F16001000C4
:107380001C8016000000068116001900159B1600CF
:107390000000119C1600000006A016004A0014EB25
:1073A000160002000DEE1600020006F1160007009E
:1073B0000600170011000B12170002000915170034
:1073C0000000061F170012000B32170001000934DD
:1073D00017000000143517000100064017001100C7
:1073E0000B5217000100066017000C00066E170014
:1073F00002000B72170001000680170033000BB467
:107400001700010009B6170000000BB717000600AF
:1074100009BE170007000BC61700000009C71700B8
:1074200001000BC917000A0014D41700020005D789
:107430001700000014D81700020016DB1700000028
:1074400006DC170000000BDD170000000CE0170041
:1074500009000EF0170009001400180005001006BE
:10746000180000001407180003000B0B180002009E
:10747000010E180000000B0F180000000C1018007F
:1074800009000620180022000543180000000644E9
:10749000180034000680180004000B851800010055
:1074A0000687180021000BA91800000006AA180082
:1074B000000006B018004500060019001E000B2051
:1074C000190002000923190003000B27190001000D
:1074D0000929190002000930190001000B321900B6
:1074E00000000933190005000B391900020019408A
:1074F000190000001444190001000C46190009008D
:10750000065019001D0006701900040006801900BD
:107510002B0006B0190019000CD0190009000EDA72
:107520001900000019DE1900210006001A001600DB
:107530000B171A00010009191A0001000B1B1A0091
:107540000000141E1A00010006201A00340009551C
:107550001A0000000B561A00000009571A0000001C
:107560000B581A0006000B601A00000009611A008F
:1075700000000B621A00000009631A0001000B658D
:107580001A000700096D1A0005000B731A000900A4
:107590000B7F1A0000000C801A0009000C901A00E2
:1075A000090014A01A00060005A71A00000014A87C
:1075B0001A0005000BB01A000D000ABE1A000000E8
:1075C0000BBF1A000F000B001B00030009041B0077
:1075D000000006051B002E000B341B0000000935BF
:1075E0001B0000000B361B000400093B1B000000C1
:1075F0000B3C1B000000093D1B0004000B421B005C
:10760000000009431B00010006451B0007000C5049
:107610001B000900145A1B00060019611B00090019
:107620000B6B1B00080019741B000800147D1B0065
:1076300001000B801B00010009821B000000068373
:107640001B001D0009A11B0000000BA21B00030072
:1076500009A61B0001000BA81B00010009AA1B00C2
:1076600000000BAB1B00020006AE1B0001000CB0BB
:107670001B00090006BA1B002B000BE61B000000D4
:1076800009E71B0000000BE81B00010009EA1B00D2
:1076900002000BED1B00000009EE1B0000000BEFC9
:1076A0001B00020009F21B00010014FC1B00030078
:1076B00006001C00230009241C0007000B2C1C00E2
:1076C000070009341C0001000B361C000100143BAC
:1076D0001C0004000C401C000900064D1C000200A8
:1076E0000C501C000900065A1C001D0005781C00E7
:1076F0000500147E1C00010003801C00080003909C
:107700001C002A0003BD1C00020014C01C0007005E
:107710000BD01C00020014D31C0000000BD41C0072
:107720000C0009E11C0000000BE21C00060006E949
:107730001C0003000BED1C00000006EE1C00050001
:107740000BF41C00000006F51C00010009F71C00EA
:1077500000000BF81C00010006FA1C0000000400E9
:107760001D002B00052C1D003E00046B1D000C00AD
:1077700005781D00000003791D000000047A1D003B
:107780000200037D1D000000047E1D000F00038E1B
:107790001D000000048F1D000B00059B1D00240030
:1077A0000BC01D003F0003001E00950004961E0044
:1077B0000400039B1E000000049C1E000100039EA9
:1077C0001E000000049F1E00000003A01E007500A4
:1077D00003181F00050003201F00250003481F0099
:1077E000050004501F00000003511F000000045258
:1077F0001F00000003531F00000004541F0000007E
:1078000003551F00000004561F00000003571F000F
:10781000000003591F000000035B1F000000035D10
:107820001F000000035F1F001E0003801F000700F1
:1078300007881F00070003901F00070007981F001C
:10784000070003A01F00070007A81F00070003B0E0
:107850001F00010004B21F00000003B31F0000005E
:1078600004B41F00000004B61F00010003B81F008D
:10787000030007BC1F00000017BD1F00000003BE6F
:107880001F00000017BF1F00020004C21F000000FD
:1078900003C31F00000004C41F00000004C61F0033
:1078A000010003C81F00030007CC1F00000017CD14
:1078B0001F00020003D01F00010004D21F000100BE
:1078C00004D61F00010003D81F00030017DD1F00AE
:1078D000020003E01F00010004E21F00020003E5B4
:1078E0001F00000004E61F00010003E81F00040061
:1078F00017ED1F00020004F21F00000003F31F0039
:10790000000004F41F00000004F61F00010003F84B
:107910001F00030007FC1F00000017FD1F000100EF
:107920001C0020000A00010B2000040010102000A1
:107930000500141620000100131820000000121981
:1079400020000000151A20000000131B2000010079
:10795000121D20000000151E20000000131F200033
:1079600000001420200007001A28200000001B2916
:1079700020000000012A200004001C2F200000002D
:10798000143020000800133920000000123A2000B3
:107990000000143B200003000F3F200001001441B1
:1079A00020000200184420000000154520000000BF
:1079B000114620000000144720000A001852200041
:1079C00000001453200000000F5420000000145544
:1079D000200009001C5F200000000160200004005E
:1079E0000166200009000E702000000005712000D3
:1079F00000000E7420000500187A20000200157D9A
:107A000020000000117E20000000057F2000000003
:107A10000E8020000900188A20000200158D200029
:107A20000000118E20000000059020000C0016A020
:107A3000200020000BD020000C000ADD20000300F5
:107A40000BE1200000000AE2200002000BE520000C
:107A50000B00190021000100080221000000190399
:107A6000210003000807210000001908210001007F
:107A7000040A21000000080B21000200040E21006E
:107A80000100081021000200041321000000191455
:107A90002100000008152100000019162100010036
:107AA000181821000000081921000400191E2100E7
:107AB00005000824210000001925210000000326EC
:107AC00021000000192721000000082821000000E3
:107AD000192921000000032A21000100082C21009F
:107AE0000100192E21000000042F210000000830A1
:107AF00021000100033221000000083321000000B2
:107B0000043421000000063521000300043921005F
:107B10000000193A21000100043C21000100083E48
:107B20002100010018402100040008452100000048
:107B3000044621000300194A21000000184B2100CF
:107B40000000194C21000100034E21000000194FD4
:107B5000210000000E5021000F000D6021002200C6
:107B60000383210001000D85210003000E892100FF
:107B70000000198A210001001890210004001995C5
:107B800021000400189A21000100199C2100030023
:107B900018A02100000019A12100010018A3210054
:107BA000000019A42100010018A62100000019A757
:107BB0002100060018AE2100000019AF21001E00B0
:107BC00018CE2100010019D02100010018D2210097
:107BD000000019D32100000018D42100000019D59D
:107BE00021001E0018F421000B01190023000700DA
:107BF000150823000000110923000000150A2300C6
:107C00000000110B23000000190C230013001820A2
:107C1000230001001922230006001529230000007B
:107C2000112A23000000192B23005000187C230088
:107C30000000197D23001D00189B2300180019B4B3
:107C40002300270018DC2300050019E2230044006C
:107C5000194024000A000E6024003B00199C2400F7
:107C60004D000EEA2400150019002500B60018B7D3
:107C70002500000019B82500080018C125000000E3
:107C800019C22500350018F8250007001900260044
:107C90006E00186F2600000019702600F7001568A6
:107CA00027000000116927000000156A2700000066
:107CB000116B27000000156C27000000116D2700D4
:107CC0000000156E27000000116F270000001570DE
:107CD0002700000011712700000015722700000026
:107CE000117327000000157427000000117527008C
:107CF00000000E7627001D00199427002B0018C0E5
:107D00002700040015C52700000011C62700000049
:107D100018C727001E0015E62700000011E72700FE
:107D2000000015E82700000011E92700000015EA0F
:107D30002700000011EB2700000015EC27000000D1
:107D400011ED2700000015EE2700000011EF2700BD
:107D5000000018F027000F0019002800FF0018008D
:107D600029008200158329000000118429000000E9
:107D700015852900000011862900000015872900BB
:107D80000000118829000000158929000000118ACF
:107D900029000000158B29000000118C290000002B
:107DA000158D29000000118E29000000158F290073
:107DB0000000119029000000159129000000119287
:107DC00029000000159329000000119429000000EB
:107DD000159529000000119629000000159729002B
:107DE0000000119829000000189929003E0015D8BC
:107DF0002900000011D92900000015DA290000002F
:107E000011DB2900000018DC29001F0015FC2900E7
:107E1000000011FD2900000018FE290001011900D1
:107E20002B002F0018302B00140019452B000100E7
:107E300018472B000500194D2B00260019762B0042
:107E40001F0019972B00680003002C0070000471BC
:107E50002C00000003722C00010004742C000000B0
:107E600003752C00010004772C000400057C2C0015
:107E70000100037E2C00650004E42C00000019E5DD
:107E80002C00050003EB2C0003000BEF2C0002007C
:107E900003F22C00010014F92C0003000EFD2C004D
:107EA000000014FE2C00010003002D002500032714
:107EB0002D000000032D2D00000006302D0037009E
:107EC000056F2D00000014702D0000000B7F2D00A9
:107ED000000006802D00160006A02D00060006A852
:107EE0002D00060006B02D00060006B82D00060085
:107EF00006C02D00060006C82D00060006D02D0085
:107F0000060006D82D0006000BE02D001F0014000F
:107F10002E00010013022E00000012032E000000AC
:107F200013042E00000012052E00000014062E007F
:107F3000020013092E000000120A2E000000140B8C
:107F40002E000000130C2E000000120D2E00000069
:107F5000140E2E00080010172E00000014182E001A
:107F60000100101A2E000000141B2E000000131C2C
:107F70002E000000121D2E000000141E2E00010015
:107F800013202E00000012212E00000015222E00CA
:107F9000000011232E00000015242E0000001125E2
:107FA0002E00000015262E00000011272E000000D4
:107FB00015282E00000011292E000000142A2E0082
:107FC0000400052F2E00000014302E000900103A86
:107FD0002E000100143C2E00030010402E00000073
:107FE00014412E00000015422E00000014432E0004
:107FF0000C0019502E00010014522E0002001555DD
:108000002E00000011562E00000015572E00000013
:1080100011582E00000015592E000000115A2E0094
:108020000000155B2E000000115C2E000000105DAA
:108030002E00000019802E001900199B2E005800F8
:1080400019002F00D50019F02F000B001C00300084
:108050000000140130000200190430000000050582
:10806000300000000606300000000D073000000060
:10807000150830000000110930000000150A30001A
:108080000000110B30000000150C30000000110D35
:1080900030000000150E30000000110F300000000D
:1080A00015103000000011113000000019123000CE
:1080B00001001514300000001115300000001516E5
:1080C00030000000111730000000151830000000CB
:1080D000111930000000151A30000000111B30008B
:1080E0000000101C30000000151D30000000111EA3
:1080F000300001001920300000000D213000080080
:108100000B2A30000300092E30000100103030002F
:1081100000000531300004001936300001000D3830
:1081200030000200053B30000000063C300000003B
:10813000143D30000000193E3000010006413000BF
:1081400055000B9930000100179B30000100059D80
:1081500030000100069F3000000010A03000000039
:1081600006A13000590014FB3000000005FC30006F
:10817000020006FF30000000060531002A0006312B
:1081800031005D001990310001000E9231000300B2
:1081900019963100090006A031001F0019C03100F6
:1081A000230006F031000F00190032001E000E20DF
:1081B00032000900192A32001D000E483200070063
:1081C0001950320000000E5132000E0019603200CA
:1081D0001F000E8032000900198A320026000EB1FD
:1081E00032000E0019C032003F0106003400BF19F2
:1081F00019C04D003F0006004E0014520515A000A6
:1082000000000616A00076041990A400360006D0DF
:10821000A400270005F8A400050014FEA400010036
:108220000600A5000B01050CA6000000140DA60019
:1082300002000610A6000F000C20A6000900062A66
:10824000A60001000340A6002D00066EA600000057
:108250000B6FA60000000A70A60002001473A600AF
:1082600000000B74A6000900147EA6000000057F24
:10827000A60000000380A6001B00059CA6000100CC
:108280000B9EA600010006A0A60045000DE6A60074
:1082900009000BF0A600010014F2A600050017006B
:1082A000A70016000517A70008001720A700010067
:1082B0000322A7000D000430A70001000332A7002D
:1082C0003D000570A70000000471A70007000379B6
:1082D000A7000E000588A70000001789A70001006D
:1082E000038BA7000200048EA7000000068FA700E2
:1082F00000000390A70004000495A7000000039667
:10830000A700180004AFA700000003B0A7001A00E0
:1083100003D0A700010004D3A700000004D5A700E4
:10832000000003D6A700030005F2A700020003F532
:10833000A700010006F7A700000005F8A70001004C
:1083400004FAA700000006FBA70006000B02A80025
:1083500000000603A80002000B06A80000000607A4
:10836000A80003000B0BA8000000060CA8001600D4
:108370000923A80001000B25A80001000927A80077
:1083800000001928A80003000B2CA80000000E30E4
:10839000A80005001936A80001001638A800000042
:1083A0001939A80000000640A80033001474A80082
:1083B00003000980A80001000682A800310009B46A
:1083C000A8000F000BC4A800010014CEA8000100F3
:1083D0000CD0A80009000BE0A800110006F2A800CC
:1083E000050014F8A800020006FBA800000014FC19
:1083F000A800000006FDA80001000BFFA800000077
:108400000C00A9000900060AA9001B000B26A90000
:108410000700142EA90001000630A90016000B4722
:10842000A9000A000952A9000100145FA900000078
:108430000660A9001C000B80A90002000983A900A6
:1084400000000684A9002E000BB3A900000009B4A7
:10845000A90001000BB6A900030009BAA900010098
:108460000BBCA900010009BEA900020014C1A900AB
:108470000C0005CFA90000000CD0A900090014DEF3
:10848000A900010006E0A90004000BE5A900000016
:1084900005E6A900000006E7A90008000CF0A90005
:1084A000090006FAA90004000600AA0028000B290A
:1084B000AA000500092FAA0001000B31AA00010043
:1084C0000933AA0001000B35AA0001000640AA00EA
:1084D00002000B43AA0000000644AA0007000B4C50
:1084E000AA000000094DAA0000000C50AA000900D3
:1084F000145CAA0003000660AA000F000570AA0021
:1085000000000671AA0005001977AA000200067A89
:10851000AA000000097BAA0000000B7CAA00000052
:10852000097DAA000000067EAA0031000BB0AA0057
:10853000000006B1AA0000000BB2AA00020006B5B6
:10854000AA0001000BB7AA00010006B9AA000400A6
:108550000BBEAA00010006C0AA0000000BC1AA00C1
:10856000000006C2AA00000006DBAA00010005DD2B
:10857000AA00000014DEAA00010006E0AA000A001A
:1085800009EBAA0000000BECAA00010009EEAA000A
:10859000010014F0AA00010006F2AA00000005F391
:1085A000AA00010009F5AA0000000BF6AA000000CD
:1085B0000601AB0005000609AB0005000611AB0083
:1085C00005000620AB0006000628AB0006000430BC
:1085D000AB0022000353AB0000000454AB000600C4
:1085E000175BAB000000055CAB0003000460AB0050
:1085F00008000569AB000000176AAB0001000370BA
:10860000AB004F0006C0AB00220009E3AB00010045
:108610000BE5AB00000009E6AB0001000BE8AB0086
:10862000000009E9AB00010014EBAB00000009EC0D
:10863000AB0000000BEDAB0000000CF0AB0009003C
:108640000600AC00A32B06B0D700160006CBD7005F
:1086500030000200D800FF070600F9006D01067027
:10866000FA0069000400FB0006000413FB0004008C
:10867000061DFB0000000B1EFB000000061FFB0098
:1086800009001829FB000000062AFB000C00063830
:10869000FB000400063EFB0000000640FB0001005A
:1086A0000643FB0001000646FB006B0017B2FB000F
:1086B000100006D3FB006A01113EFD000000153FCB
:1086C000FD0000001940FD000F000650FD003F00B6
:1086D0000692FD00350019CFFD00000006F0FD00F8
:1086E0000B0016FCFD00000019FDFD0002000B0050
:1086F000FE000F001410FE0006001517FE0000001B
:108700001118FE0000001419FE0000000B20FE00EE
:108710000F001430FE0000001031FE0001000F3386
:10872000FE0001001535FE0000001136FE000000BD
:108730001537FE0000001138FE0000001539FE005C
:108740000000113AFE000000153BFE000000113C45
:10875000FE000000153DFE000000113EFE0000007E
:10876000153FFE0000001140FE0000001541FE0014
:1087700000001142FE0000001543FE0000001144FD
:10878000FE0000001445FE0001001547FE00000039
:108790001148FE0000001449FE0003000F4DFE00CA
:1087A00002001450FE0002001454FE000300105892
:1087B000FE0000001559FE000000115AFE000000E6
:1087C000155BFE000000115CFE000000155DFE0060
:1087D0000000115EFE000000145FFE00020018623F
:1087E000FE0000001063FE0000001864FE0002009E
:1087F0001468FE0000001669FE000000146AFE0006
:1088000001000670FE0004000676FE00860001FFEF
:10881000FE0000001401FF0002001604FF0000002B
:108820001405FF0002001508FF0000001109FF00F9
:108830000000140AFF000000180BFF000000140CD9
:10884000FF000000100DFF000000140EFF000100EB
:108850000C10FF000900141AFF000100181CFF0093
:108860000200141FFF0001000321FF001900153B47
:10887000FF000000143CFF000000113DFF0000005D
:10888000173EFF0000000F3FFF0000001740FF00F1
:1088900000000341FF001900155BFF000000185C99
:1088A000FF000000115DFF000000185EFF000000E7
:1088B000155FFF0000001160FF0000001461FF0061
:1088C00000001562FF0000001163FF000000146447
:1088D000FF0001000666FF0009000570FF000000B0
:1088E0000671FF002C00059EFF00010006A0FF009E
:1088F0001E0006C2FF00050006CAFF00050006D2E2
:10890000FF00050006DAFF00020016E0FF0001008C
:1089100018E2FF00000017E3FF00000019E4FF0069
:10892000000016E5FF00010019E8FF00000018E94B
:10893000FF00030019EDFF00010001F9FF00020034
:1089400019FCFF000100060000010B00060D0001EC
:108950001900062800011200063C00010100063F34
:1089600000010E00065000010D00068000017A0093
:108970001400010102000E0701012C00193701014A
:1089800008000D40010134000E7501010300197942
:10899000010110000E8A01010100198C0101020081
:1089A000199001010C0019A00101000019D001016A
:1089B0002C000BFD01010000068002011C0006A036
:1089C000020130000BE0020100000EE102011A007A
:1089D000060003011F000E2003010300062D030102
:1089E00013000D41030100000642030107000D4A78
:1089F000030100000650030125000B76030104006B
:108A0000068003011D00149F0301000006A003015E
:108A1000230006C80301070014D0030100000DD194
:108A200003010400030004014F00065004014D003F
:108A30000CA00401090003B00401230003D80401C1
:108A40002300060005012700063005013300146FDE
:108A500005010000037005010A00037C05010E00FA
:108A6000038C05010600039405010100039705012D
:108A70000A0003A305010E0003B30501060003BBB2
:108A80000501010006000601360106400701150038
:108A9000066007010700058007010500058707013B
:108AA000290005B2070108000600080105000608B4
:108AB00008010000060A08012B0006370801010022
:108AC000063C08010000063F080116001457080183
:108AD00000000E580801070006600801160019770B
:108AE000080101000E7908010600068008011E0039
:108AF0000EA70801080006E00801120006F40801AC
:108B000001000EFB080104000600090115000E1605
:108B100009010500141F09010000062009011900C0
:108B2000143F090100000680090137000EBC09014D
:108B3000010006BE090101000EC009010F000ED29E
:108B400009012D0006000A0100000B010A010200C4
:108B50000B050A0101000B0C0A01030006100A01B3
:108B6000030006150A01020006190A011C000B3851
:108B70000A0102000B3F0A0100000E400A01080032
:108B800014500A01080006600A011C000E7D0A014B
:108B90000100147F0A01000006800A011C000E9DDE
:108BA0000A01020006C00A01070019C80A010000F4
:108BB00006C90A011B000BE50A0101000EEB0A01C0
:108BC000040014F00A01060006000B0135001439F8
:108BD0000B01060006400B0115000E580B010700A3
:108BE00006600B0112000E780B01070006800B01D6
:108BF000110014990B0103000EA90B0106000600D9
:108C00000C01480003800C01320003C00C0132004B
:108C10000EFA0C01050006000D0123000B240D01C6
:108C200003000C300D0109000E600E011E000680CD
:108C30000E0129000BAB0E01010010AD0E0100006A
:108C400006B00E0101000BFD0E01020006000F012F
:108C50001C000E1D0F01090006270F010000063041
:108C60000F0115000B460F010A000E510F01030002
:108C700014550F01040006700F0111000B820F0143
:108C8000030014860F01030006B00F0114000EC587
:108C90000F01060006E00F01160009001001000098
:108CA0000B01100100000902100100000603100171
:108CB00034000B3810010E001447100106000E524C
:108CC000100113000C66100109000B701001000068
:108CD0000671100101000B731001010006751001EF
:108CE00000000B7F100102000982100100000683C2
:108CF00010012C0009B0100102000BB31001030099
:108D000009B7100101000BB91001010014BB1001DB
:108D1000010001BD1001000014BE100103000BC2D0
:108D20001001000001CD1001000006D01001180054
:108D30000CF0100109000B001101020006031101E3
:108D400023000B2711010400092C110100000B2D39
:108D5000110107000C361101090014401101030034
:108D600006441101000009451101010006471101E7
:108D700000000650110122000B7311010000147451
:108D8000110101000676110100000B8011010100A4
:108D9000098211010000068311012F0009B311019E
:108DA00002000BB61101080009BF1101010006C144
:108DB0001101030014C5110103000BC911010300C7
:108DC00014CD1101000009CE110100000BCF1101DB
:108DD00000000CD01101090006DA1101000014DBBB
:108DE0001101000006DC1101000014DD1101020078
:108DF0000EE1110113000600120111000613120109
:108E00001800092C120102000B2F12010200093276
:108E1000120101000B34120100000935120100009B
:108E20000B36120101001438120105000B3E12012D
:108E30000000063F120101000B41120100000680F4
:108E400012010600068812010000068A12010300C2
:108E5000068F12010E00069F1201090014A91201CB
:108E6000000006B012012E000BDF1201000009E025
:108E7000120102000BE3120107000CF012010900BD
:108E80000B00130101000902130101000605130183
:108E90000700060F13010100061313011500062A2F
:108EA0001301060006321301010006351301040008
:108EB0000B3B13010100063D13010000093E1301A5
:108EC00001000B4013010000094113010300094791
:108ED00013010100094B13010200065013010000A9
:108EE000095713010000065D130104000962130114
:108EF00001000B66130106000B701301040006004D
:108F0000140134000935140102000B381401070064
:108F10000940140101000B4214010200094514012B
:108F200000000B4614010000064714010300144B17
:108F3000140104000C5014010900145A140101001A
:108F4000145D140100000B5E14010000065F1401A3
:108F50000200068014012F0009B0140102000BB3B7
:108F60001401050009B9140100000BBA1401000036
:108F700009BB140103000BBF1401010009C1140156
:108F800000000BC21401010006C41401010014C644
:108F90001401000006C7140100000CD014010900E0
:108FA000068015012E0009AF150102000BB2150154
:108FB000030009B8150103000BBC1501010009BE2F
:108FC000150100000BBF1501010014C115011600A9
:108FD00006D8150103000BDC15010100060016017F
:108FE0002F000930160102000B3316010700093B60
:108FF000160101000B3D16010000093E160100009C
:109000000B3F16010100144116010200064416012F
:1090100000000C5016010900146016010C000680B7
:1090200016012A000BAB1601000009AC1601000066
:109030000BAD1601000009AE160101000BB01601C0
:10904000050009B6160100000BB71601000006B8AE
:109050001601000014B9160100000CC01601090029
:10906000060017011A000B1D170102000920170145
:1090700001000B22170103000926170100000B272E
:10908000170104000C30170109000E3A1701010006
:10909000143C17010200193F170100000640170198
:1090A0000600060018012B00092C180102000B2FE6
:1090B000180108000938180100000B3918010100D7
:1090C000143B1801000003A018013F000CE0180138
:1090D00009000EEA1801080006FF1801070006093A
:1090E00019010000060C19010700061519010100FD
:1090F000061819011700093019010500093719016F
:1091000001000B3B19010100093D190100000B3E54
:1091100019010000063F1901000009401901000073
:109120000641190100000942190100000B43190111
:1091300000001444190102000C501901090006A096
:109140001901070006AA1901260009D11901020018
:109150000BD4190103000BDA1901010009DC190114
:1091600003000BE01901000006E11901000014E200
:109170001901000006E31901000009E419010000CB
:1091800006001A0100000B011A010900060B1A0162
:1091900027000B331A01050009391A010000063AAD
:1091A0001A0100000B3B1A010300143F1A010700CB
:1091B0000B471A01000006501A0100000B511A015A
:1091C000050009571A0101000B591A010200065C3B
:1091D0001A012D000B8A1A010C0009971A010000D0
:1091E0000B981A010100149A1A010200069D1A0137
:1091F0000000149E1A01040006B01A014800140071
:109200001B01090006001C010800060A1C012400BD
:10921000092F1C0100000B301C0106000B381C013B
:109220000500093E1C0100000B3F1C010000064028
:109230001C01000014411C0104000C501C01090019
:109240000E5A1C01120014701C01010006721C0150
:109250001D000B921C01150009A91C0100000BAA9E
:109260001C01060009B11C0100000BB21C01010029
:1092700009B41C0100000BB51C01010006001D0112
:10928000060006081D010100060B1D0125000B311B
:109290001D0105000B3A1D0100000B3C1D010100E2
:1092A0000B3F1D01060006461D0100000B471D0176
:1092B00000000C501D01090006601D010500066735
:1092C0001D010100066A1D011F00098A1D0104001D
:1092D0000B901D01010009931D0101000B951D015B
:1092E000000009961D0100000B971D010000069863
:1092F0001D0100000CA01D01090006E01E01120066
:109300000BF31E01010009F51E01010014F71E01F7
:1093100001000B001F01010006021F0100000903EC
:109320001F01000006041F010C0006121F0121008E
:1093300009341F0101000B361F010400093E1F0103
:1093400001000B401F01000009411F0100000B42FA
:109350001F01000014431F010C000C501F010900E5
:1093600006B01F0100000EC01F01140019D51F0117
:10937000070016DD1F01030019E11F01100014FF93
:109380001F0100000600200199030D0024016E005A
:1093900014702401040006802401C30006902F01EC
:1093A000600014F12F010100060030012F0401308C
:1093B00034010F000B403401000006413401050068
:1093C0000B4734010E000600440146020600680106
:1093D000380206406A011E000C606A010900146E22
:1093E0006A01010006706A014E000CC06A010900A2
:1093F00006D06A011D000BF06A01040014F56A0131
:10940000000006006B012F000B306B0106001437C3
:109410006B010400193C6B01030005406B01030064
:1094200014446B01000019456B0100000C506B01E6
:1094300009000E5B6B01060006636B011400067DDC
:109440006B01120003406E013F000E806E0116009A
:1094500014976E01030006006F014A000B4F6F0165
:10946000000006506F01000009516F0136000B8F9C
:109470006F01030005936F010C0005E06F0101000F
:1094800014E26F01000005E36F0100000BE46F01BF
:10949000000009F06F01010006007001F7170600D7
:1094A0008801D50406008D01080005F0AF01030016
:1094B00005F5AF01060005FDAF0101000600B00192
:1094C00022010632B10100000650B101020006552A
:1094D000B10100000664B10103000670B1018B0107
:1094E0000600BC016A000670BC010C000680BC01CD
:1094F00008000690BC010900199CBC0100000B9DEE
:10950000BC010100149FBC01000001A0BC010300CC
:109510000B00CF012D000B30CF0116001950CF01E9
:1095200073001900D001F5001900D1012600192996
:10953000D1013B000965D10101000B67D101020097
:10954000196AD1010200096DD10105000173D10131
:1095500007000B7BD10107001983D10101000B85A6
:10956000D1010600198CD1011D000BAAD101030005
:1095700019AED1013C001900D20141000B42D201C9
:1095800002001945D20100000EC0D20113000EE006
:10959000D20113001900D30156000E60D301180048
:1095A0000800D4011900041AD40119000834D401A8
:1095B0001900044ED40106000456D40111000868B5
:1095C000D40119000482D4011900089CD4010000C0
:1095D000089ED401010008A2D401000008A5D4010E
:1095E000010008A9D401030008AED401070004B6A5
:1095F000D401030004BBD401000004BDD401060063
:1096000004C5D4010A0008D0D401190004EAD40129
:1096100019000804D50101000807D5010300080D51
:10962000D50107000816D5010600041ED501190052
:109630000838D5010100083BD50103000840D501D9
:1096400004000846D5010000084AD501060004526E
:10965000D5011900086CD50119000486D50119003F
:1096600008A0D501190004BAD501190008D4D50104
:10967000190004EED50119000808D60119000422CA
:10968000D6011900083CD60119000456D60119006C
:109690000870D6011900048AD6011B0008A8D6015B
:1096A000180018C1D601000004C2D601180018DB4A
:1096B000D601000004DCD601050008E2D60118003E
:1096C00018FBD601000004FCD60118001815D701BC
:1096D00000000416D7010500081CD7011800183532
:1096E000D70100000436D7011800184FD701000039
:1096F0000450D70105000856D7011800186FD7018C
:1097000000000470D70118001889D7010000048AEE
:10971000D70105000890D701180018A9D70100004B
:1097200004AAD701180018C3D701000004C4D70148
:10973000050008CAD701000004CBD70100000CCEF9
:10974000D70131001900D801FF010B00DA01360002
:109750001937DA0103000B3BDA013100196DDA0128
:1097600007000B75DA0100001976DA010D000B8491
:10977000DA0100001985DA0101001487DA0104001A
:109780000B9BDA0104000BA1DA010E000400DF01DB
:109790000900060ADF010000040BDF0113000425A5
:1097A000DF0105000B00E00106000B08E0011000DE
:1097B0000B1BE00106000B23E00101000B26E0017A
:1097C00004000530E0013D000B8FE00100000600C1
:1097D000E1012C000B30E10106000537E101060034
:1097E0000C40E1010900064EE1010000194FE101C2
:1097F00000000690E2011D000BAEE201000006C071
:10980000E2012B000BECE20103000CF0E201090085
:1098100016FFE201000006D0E4011A0005EBE401A6
:1098200000000BECE40103000CF0E401090006E089
:10983000E701060006E8E701030006EDE701010085
:1098400006F0E7010E000600E801C4000EC7E801BB
:1098500008000BD0E80106000300E90143000B44B7
:10986000E9010600054BE90100000C50E90109007F
:10987000145EE90101000E71EC013A0019ACEC0133
:1098800000000EADEC01020016B0EC0100000EB1BC
:10989000EC0103000E01ED012C00192EED0100007A
:1098A0000E2FED010E000600EE0103000605EE018D
:1098B0001A000621EE0101000624EE010000062731
:1098C000EE0100000629EE0109000634EE01030056
:1098D0000639EE010000063BEE0100000642EE01F3
:1098E00000000647EE0100000649EE010000064BAD
:1098F000EE010000064DEE0102000651EE010100EE
:109900000654EE0100000657EE0100000659EE0174
:109910000000065BEE010000065DEE010000065F40
:10992000EE0100000661EE0101000664EE01000098
:109930000667EE010300066CEE0106000674EE01F8
:1099400003000679EE010300067EEE0100000680AA
:10995000EE010900068BEE01100006A1EE010200E7
:1099600006A5EE01040006ABEE01100018F0EE01B2
:1099700001001900F0012B001930F001630019A05B
:10998000F0010E0019B1F0010E0019C1F0010E0036
:1099900019D1F00124000E00F1010C00190DF101A4
:1099A000A00019E6F1011C001910F2012B0019406A
:1099B000F20108001950F20101001960F2010500DE
:1099C0001900F301FA0017FBF30104001900F40178
:1099D000D70219DCF601100019F0F6010C0019008D
:1099E000F7017600197BF7015E0019E0F7010B0023
:1099F00019F0F70100001900F8010B001910F80127
:109A000037001950F80109001960F8012700199072
:109A1000F8011D0019B0F80101001900F901530106
:109A20001960FA010D001970FA010C001980FA0191
:109A300008001990FA012D0019BFFA01060019CE8D
:109A4000FA010D0019E0FA01080019F0FA01080006
:109A50001900FB0192001994FB0136000CF0FB0188
:109A6000090006000002DFA60600A7023910064022
:109A7000B702DD000620B802811606B0CE02301D06
:109A80000600F8021D02060000034A1306501303E5
:109A90005F100101000E00000120000E5F000B00AE
:109AA000010EEF0030303030303030303030303078
:109AB0003030303020202020202020202020202066
:109AC00020202020F8B500BFF8BC08BC9E46704797
:109AD000F8B500BFF8BC08BC9E4670470000000007
:109AE0005FF800F01D5800205FF800F0592D0020AD
:109AF0005FF800F02D5E00205FF800F0517200204A
:109B00005FF800F0292E00205FF800F05942002095
:109B10005FF800F0B57100205FF800F06170002080
:109B20005FF800F0B96100205FF800F0692C0020B8
:109B30005FF800F0515900205FF800F0052C00207C
:109B40005FF800F0716200205FF800F0D962002039
:109B50005FF800F0556100205FF800F0C961002057
:109B60005FF800F0897600205FF800F011680020AF
:109B70005FF800F0076800205FF800F0F15800205F
:109B80005FF800F0695700205FF800F0516E002088
:109B90005FF800F0734200205FF800F02D2E0020E7
:109BA0005FF800F0476800205FF800F021700020A7
:109BB0005FF800F06F5700205FF800F09B46002030
:109BC0005FF800F0357200205FF800F0B12E002041
:109BD0005FF800F0695800205FF800F06568002029
:109BE0005FF800F0116F00205FF800F0398200206C
:109BF0005FF800F0492E00205FF800F0916F002020
:109C00005FF800F05B6800205FF800F0152D002081
:109C10005FF800F0BD7300205FF800F00D5E0020DB
:109C20005FF800F0BD7200205FF800F0A52D002065
:109C30005FF800F09D6E00205FF800F07179002061
:109C40005FF800F0795E00205FF800F0812D0020C1
:109C50005FF800F09D6100205FF800F06F57002072
:109C60005FF800F0056500205FF800F0056800204F
:109C70005FF800F0F56000205FF800F087740020C6
:109C80005FF800F0797300205FF800F0312E0020BB
:109C90005FF800F0F57500205FF800F02B680020F9
:109CA0005FF800F0157200205FF800F0096D0020E9
:109CB0005FF800F0E96400205FF800F01D6200200A
:109CC0005FF800F0892E00205FF800F04571002059
:109CD0005FF800F0412D00205FF800F06D47002094
:109CE0005FF800F09D8200205FF800F05D570020D3
:109CF0005FF800F0615700205FF800F00973002062
:109D0000E3CA0512D0CA05123D620212BF04061250
:109D1000A7040612994D0312E2040612CD0406129E
:109D2000294A0312B10506129E050612B15203120A
:109D30007E06061271060612156003123509061218
:109D40001A090612758403124F09061246090612F3
:109D5000458D0312070F0612F70E0612019E03121D
:109D60002D0F0612180F0612119D0312510F061225
:109D7000450F061281920312281206121C120612B7
:109D800089B5031240120612371206121DAE0312D5
:109D9000581206124F12061215A803127912061253
:109DA00067120612E9AD0312D5120612C812061286
:109DB00061C60312491306123213061255D203125A
:109DC0006E13061257130612E1D10312291406125C
:109DD000121406129DDA0312A2140612941406122B
:109DE000F3EA0312D9140612BE140612A5EB0312ED
:109DF000FA140612ED14061291EB03121A1506124C
:109E00000715061275ED03123F15061229150612E5
:109E10001DEC0312881806126A180612F90D0412B6
:109E2000831A06126E1A0612652B0412A21A061263
:109E3000911A0612ED350412B21A0612A71A06126A
:109E40004D310412D21A0612B61A06124532041205
:109E5000ED1A0612D51A061215340412141B061236
:109E6000061B0612CD3A04122A1B0612171B0612F5
:109E7000A93A0412621B0612411B0612B93E0412D3
:109E8000781B0612651B06127D3B0412931C0612FA
:109E9000791C061241490412AE1C0612981C0612C7
:109EA000E5490412D61C0612C01C0612E54904122C
:109EB000F71C0612E21C06126D4A04121D1D061242
:109EC000081D06126D4A0412431D0612281D0612B3
:109ED000F94A0412711D0612561D0612F94A04129F
:109EE0009B1D06127E1D0612894B0412CC1D061204
:109EF000AF1D0612894B0412F21D0612DA1D06125E
:109F00002D4C04121D1E0612051E06122D4C0412A5
:109F10003F1E06122A1E0612DD4C0412651E061292
:109F2000501E0612DD4C0412851E0612701E06120B
:109F3000514D0412AB1E0612961E0612514D04120C
:109F4000CF1E0612B61E0612F14D0412F71E06129F
:109F5000DE1E0612F14D04120C1F0612001F06121F
:109F6000954E04122A1F06121E1F0612954E041249
:109F70005B1F0612361F0612F94804128E1F0612C6
:109F8000691F0612F9480412A61F0612961F061230
:109F9000A54804121C200612042006125D5104126A
:109FA0004A20061227200612D151041269200612F7
:109FB000582006124D5104128F2006126D200612F1
:109FC00041510412BF2006129A2006125B57041258
:109FD000E5200612CA200612B55504120C210612FD
:109FE000F0200612515704122921061215210612DB
:109FF000A15804123E210612342106125D580412A3
:10A000006321061247210612F95604128E21061208
:10A0100071210612AD560412AF21061299210612C3
:10A0200031580412EC210612BB210612D15504123C
:10A030001A220612F6210612FD5704123F220612BA
:10A04000232206128D5704125C22061248220612A1
:10A05000C55704127D22061266220612E955041223
:10A060009B2206128622061265570412C622061289
:10A07000A4220612B9550412CE260612B0260612E4
:10A080004D8E0412F2260612D6260612018F0412F5
:10A0900011270612FB260612F98F04124F2706120B
:10A0A0004227061299920412902706125927061287
:10A0B0007D960412C4270612A0270612E995041201
:10A0C000F2270612CD270612719504120F280612E8
:10A0D000FB27061259960412731C06125A1C06120C
:10A0E000090000000CCC0020636F353330300000D5
:10A0F00000000000000000000011330018A4002040
:10A1000004CA05128601C2018601C20102000000D4
:10A1100035EE031239EE031255680312656E031211
:10A120002D740312E97403126D2F0020317B03128A
:10A1300059A503128DA503129DCD03128DE70312BD
:10A140003DEE0312292C041275680312E177031205
:10A15000F97A0312C17D0312B9980312055F021246
:10A16000D9960312357E0412598A0412F97B031220
:10A1700039DA0312514903120D43041241EE03125E
:04A1800000000000DB
:10A184006CEDFB7FB0B0B080C8EDFB7F0100000038
:10A19400C8A1061220940020040C0000040202123C
:10A1A400002C00201058000084A1061200FC072097
:04A1B40000000000A7
:10A1B80028A0002090320000108400201000000029
:10A1C80001000100895F0212616102123561021209
:10A1D80001000000006CDC02FF3C3A3C3C3A3B3B8F
:10A1E8003B3E3A3A3A3938393838373737363635E0
:10A1F8003534343333333232323132323030302F37
:10A2080030302F2F2F2F2F2F2F2F3030303030304E
:10A218003030313131323232333334343535363708
:10A2280037383839393A3A3A02000000FFFF00005F
:10A238000000000000000000FFFF00000000000018
:10A2480000000000FFFF0000000000000000000008
:10A25800FFFF00000000000000000000FFFF0000FA
:10A268000000000000000000FFFF000000000000E8
:10A2780000000000FFFF00000000000000000000D8
:10A28800FFFF00000000000000000000FFFF0000CA
:10A298000000000000000000FFFF000000000000B8
:10A2A80000000000FFFF00000000000000000000A8
:10A2B800FFFF00000000000000000000FFFF00009A
:10A2C8000000000000000000FFFF00000000000088
:10A2D80000000000FFFF0000000000000000000078
:10A2E800FFFF00000000000000000000FFFF00006A
:10A2F8000000000000000000FFFF00000000000058
:10A3080000000000FFFF0000000000000000000047
:10A31800FFFF00000000000000000000FFFF000039
:10A328000000000000000000FFFF00000000000027
:10A3380000000000FFFF0000000000000000000017
:10A34800FFFF00000000000000000000FFFF000009
:10A358000000000000000000FFFF000000000000F7
:10A3680000000000FFFF00000000000000000000E7
:10A37800FFFF00000000000000000000FFFF0000D9
:10A388000000000000000000FFFF000000000000C7
:10A3980000000000FFFF00000000000000000000B7
:10A3A800FFFF0000000000000000000080100850BF
:10A3B800000000003800000005000000E6850512D6
:10A3C800004008503B0000000000000000000000B2
:10A3D8000000000000000000000000000000000075
:10A3E8000000000000000000000000000000000065
:10A3F8000000000000000000000000000000000055
:10A408000000000000000000000000000000000044
:10A418000000000000000000000000000000000034
:10A428000000000000000000000000000000000024
:10A438000000000000000000000000000000000014
:10A44800000000000000000000100C500000000098
:10A4580000000000000000000000000000000000F4
:10A4680000000000000000000000000000000000E4
:10A478000000000000000000000000002E000000A6
:10A4880064860512000000000000000000000000C3
:10A4980000000000000000000000000000000000B4
:10A4A80000000000000000000000000000000000A4
:10A4B8000000000000000000000000000000000094
:10A4C8000000000000000000000000000000000084
:10A4D8000000000000000000000000000000000074
:10A4E8000000000000000000000000000000000064
:10A4F80000000000000000000000000000200950DB
:10A508000000000000000000000000000000000043
:10A518000000000000000000000000000000000033
:10A528000000000000000000000000000000000023
:10A538000000000000000000000000000000000013
:10A54800480100006B860512E5690312000000004F
:10A5580000000000000000000000000000000000F3
:10A5680000000000000000000000000000000000E3
:10A5780000000000000000000000000000000000D3
:10A5880000000000000000000000000000000000C3
:10A5980000000000000000000000000000000000B3
:10A5A800000009500000000000000000000000004A
:10A5B8000000000000000000000000000000000093
:10A5C8000000000000000000000000000000000083
:10A5D8000000000000010000000000000000000072
:10A5E8000000000000000000338705120000000092
:10A5F8000000000000000000000000000000000053
:10A608000000000000000000000000000000000042
:10A618000000000000000000000000000000000032
:10A628000000000000000000000000000000000022
:10A638000000000000000000000000000000000012
:10A648000000000000000000000000000000000002
:10A658000000000000000B50000000000000000097
:10A6680000000000000000000000000000000000E2
:10A6780000000000000000000000000000000000D2
:10A6880000000000000000000001000000000000C1
:10A6980000000000000000000000000038870512DC
:10A6A80000000000000000000000000000000000A2
:10A6B800000000000000000088130000801A060057
:10A6C8000000000088130000801A06000000000047
:10A6D80088130000801A0600CE78051200C00950C1
:10A6E8003D0100000000000000000000E1870512A5
:10A6F80000D009504C0100000000000000000000DC
:10A70800E687051200F009504E0200000000000024
:10A7180000000000010000000080854400804D44D6
:10A7280001010F00000020000000000000000000F0
:10A7380000000000000000000000200000000000F1
:10A7480000000000000000000000000000002000E1
:10A7580000000000000000000000000000000000F1
:10A7680000002000000000000000000000000000C1
:10A7780000000000000020000000000000000000B1
:10A7880000000000000000000000200000000000A1
:10A798000000000000000000000000000000200091
:10A7A80000000000000000000000000000000000A1
:10A7B8000000200000000000000000000000000071
:10A7C8000000000000002000000000000000000061
:10A7D8000000000000000000000020000000000051
:10A7E8000000000000000000000000000000200041
:10A7F8000000000000000000000000000000000051
:10A808000000200000000000000000000000000020
:10A818000000000000002000000000000000000010
:10A828000000000000000000000020000000000000
:10A8380000000000000000000000000000002000F0
:10A848000000000000000000000000000000000000
:10A8580000002000000000000000000000000000D0
:10A8680000000000000020000000000000000000C0
:10A8780000000000000000000000200000000000B0
:10A8880000000000000000000000000000002000A0
:10A8980000000000000000000000000000000000B0
:10A8A8000000200000000000000000000000000080
:10A8B800000000000A0AC9DEE0E2E4E6E8EAECEF9C
:10A8C800F2F5F6F8FAFCFEDCDEE0E2E4E6E8EAECB3
:10A8D800EFF2F5F6F8FAFCFE300000000000000088
:10A8E800D10700002C000000000000002A0700002B
:10A8F800000000000100FF00010000005C9B002038
:10A908005C9B002084000000020000006C9B00207B
:10A918006C9B002020000000030000007C9B0020AE
:10A928007C9B002024000000040000008C9B002079
:10A938008C9B002020000000050000009C9B00204C
:10A948009C9B00203000000006000000AC9B00200B
:10A95800AC9B00203400000008000000BC9B0020D5
:10A96800BC9B00203800000009000000CC9B0020A0
:10A97800CC9B0020500000000A000000DC9B002057
:10A98800DC9B002030000000012F000000000000C8
:10A9980000000000000000000000000000000000AF
:10A9A800000000000000000000000000000000009F
:10A9B800000000000000000000000000000000008F
:10A9C800000000000000000000000000000000007F
:10A9D800000000000000000000000000000000006F
:10A9E800000000000000000000000000000000005F
:10A9F800000000000000000000000000000000004F
:10AA0800000000000000000000000000000000003E
:10AA1800000000000000000000000000000000002E
:10AA2800000000000000000000000000000000001E
:10AA3800000000000000000000000000000000000E
:10AA480000000000000000000000000000000000FE
:10AA580000000000000000000000000000000000EE
:10AA680000000000000000000000000000000000DE
:10AA780000000000000000000000000000000000CE
:10AA880000000000000000000000000001000000BD
:10AA980000010103000000000300000048D100206D
:10AAA800B82B0612B82B0612109D002000000000DB
:10AAB8000000000048D10020B0D1002018D20020AA
:10AAC800000000000000000000000000000000007E
:10AAD800000000000000000000000000000000006E
:10AAE800000000000000000000000000000000005E
:10AAF800000000000000000000000000000000004E
:10AB0800000000000000000000000000000000003D
:10AB1800000000000000000000000000000000002D
:10AB2800000000000000000000000000000000001D
:10AB3800000000000000000000000000000000000D
:10AB480000000000000000000100000000000000FC
:10AB58000E33CDAB34126DE6ECDE05000B000000C1
:10AB680000000000000000000000000000000000DD
:10AB780000000000000000000000000000000000CD
:10AB880000000000000000000000000000000000BD
:10AB980000000000000000000000000000000000AD
:10ABA800000000000000000000000000000000009D
:10ABB800000000000000000000000000000000008D
:10ABC800000000000000000000000000000000007D
:10ABD800000000000000000000000000000000006D
:10ABE800000000000000000000000000000000005D
:10ABF800B4D20020000000000100000000000000A6
:10AC08004A000000000000000000000000000000F2
:10AC1800000000000000000000000000000000002C
:10AC280000000000000000004A00000000000000D2
:10AC3800000000000000000000000000000000000C
:10AC480000000000000000000000000000000000FC
:10AC580043000000000000000000000000000000A9
:10AC680000000000000000000000000000000000DC
:10AC78004300000000000000000000000000000089
:10AC880000000000000000000000000000000000BC
:10AC98004300000000000000000000000000000069
:10ACA800000000000000000000000000000000009C
:10ACB8004300000000000000000000000000000049
:10ACC800000000000000000000000000000000007C
:10ACD8004300000000000000000000000000000029
:10ACE800000000000000000000000000000000005C
:10ACF8004300000000000000000000000000000009
:10AD0800000000000000000000000000000000003B
:10AD180043000000000000000000000000000000E8
:10AD2800000000000000000000000000000000001B
:10AD3800413905125531051200000000502A06124B
:10AD4800802C0612C42D0612C42D0612C42D06121C
:10AD5800C42D0612C42D0612C42D0612C42D0612C7
:10AD6800C42D0612C42D0612FFFFFFFFFFFFFFFFD1
:10AD7800FFFFFFFFFFFF0000010041534349490067
:10AD880000000000000000000000000000000000BB
:10AD98000000000000000000000041534349490042
:10ADA800000000000000000000000000000000009B
:10ADB800000000000000000000000000855A021298
:04ADC8005D5A0212BC
:040000051203EEFFF5
:00000001FF
